{"type":"FeatureCollection","features":[{"type":"Feature","properties":{"depth_m":200},"bbox":[-90.000356,43.005561,-0.000417,89.999762],"geometry":{"type":"Polygon","coordinates":[[[-0.000539,89.999762],[-0.000537,89.501861],[-0.000534,89.00396],[-0.000532,88.506059],[-0.00053,88.008157],[-0.000528,87.510256],[-0.000526,87.012355],[-0.000524,86.514454],[-0.000522,86.016552],[-0.000519,85.518651],[-0.000517,85.02075],[-0.000515,84.522849],[-0.000513,84.024947],[-0.000511,83.527046],[-0.000509,83.029145],[-0.000507,82.531244],[-0.000504,82.033342],[-0.000502,81.535441],[-0.0005,81.03754],[-0.000498,80.539639],[-0.000496,80.041737],[-0.000494,79.543836],[-0.000492,79.045935],[-0.000489,78.548034],[-0.000487,78.050132],[-0.000485,77.552231],[-0.000483,77.05433],[-0.000481,76.556429],[-0.000479,76.058527],[-0.000477,75.560626],[-0.000474,75.062725],[-0.000472,74.564824],[-0.00047,74.066922],[-0.000468,73.569021],[-0.000466,73.07112],[-0.000464,72.573219],[-0.000462,72.075317],[-0.000459,71.577416],[-0.000457,71.079515],[-0.000455,70.581614],[-0.000453,70.083712],[-0.000451,69.585811],[-0.000449,69.08791],[-0.000447,68.590009],[-0.000444,68.092107],[-0.000442,67.594206],[-0.00044,67.096305],[-0.000438,66.598404],[-0.000436,66.100502],[-0.000434,65.602601],[-0.000432,65.1047],[-0.000429,64.606799],[-0.000427,64.108897],[-0.000425,63.610996],[-0.000423,63.113095],[-0.000421,62.615194],[-0.000419,62.117292],[-0.000417,61.619391],[-0.030507,61.610419],[-0.161427,61.590827],[-0.195241,61.594306],[-0.2683,61.612738],[-0.305409,61.614814],[-0.456471,61.56922],[-0.84496,61.559272],[-0.922231,61.535712],[-1.029347,61.460395],[-1.185536,61.380927],[-1.193349,61.374823],[-1.204945,61.356452],[-1.241444,61.236396],[-1.251698,61.218573],[-1.26537,61.206794],[-1.285878,61.199774],[-1.309438,61.197516],[-1.481374,61.206794],[-1.503835,61.201483],[-1.856709,61.05799],[-2.209584,60.914496],[-2.267568,60.873481],[-2.273366,60.870795],[-2.591054,60.816413],[-2.864369,60.661139],[-3.10436,60.430243],[-3.137318,60.414801],[-3.155629,60.411505],[-3.175038,60.412543],[-3.260548,60.434455],[-3.305287,60.438788],[-3.350331,60.431037],[-3.693715,60.319892],[-3.899464,60.312751],[-3.96935,60.28974],[-4.049306,60.246833],[-4.093678,60.201117],[-4.09734,60.198798],[-4.144643,60.18946],[-4.29717,60.197089],[-4.317738,60.190497],[-4.337392,60.17475],[-4.348256,60.161322],[-4.353749,60.150641],[-4.35497,60.142096],[-4.353017,60.134894],[-4.340199,60.11286],[-4.337392,60.10279],[-4.335622,60.060065],[-4.344167,60.028754],[-4.361806,60.007025],[-4.387685,59.993354],[-4.420888,59.985724],[-4.460194,59.982611],[-4.769399,60.006842],[-4.821401,59.9914],[-4.876943,59.963324],[-4.985402,59.886786],[-5.033315,59.838813],[-5.054494,59.836188],[-5.074696,59.838629],[-5.146413,59.864508],[-5.162221,59.866339],[-5.177358,59.862799],[-5.221608,59.837714],[-5.338796,59.724677],[-5.371266,59.701117],[-5.412221,59.682685],[-5.640614,59.6612],[-5.879994,59.682318],[-5.988698,59.711371],[-6.01122,59.711005],[-6.034474,59.707099],[-6.085133,59.687384],[-6.122975,59.663581],[-6.173207,59.608283],[-6.355275,59.495917],[-6.402577,59.454596],[-6.502614,59.333564],[-6.560414,59.281256],[-6.593373,59.262763],[-6.62267,59.252997],[-6.833363,59.238776],[-7.145345,59.118811],[-7.457326,58.998847],[-7.477406,58.977484],[-7.577931,58.80683],[-7.601308,58.782843],[-7.621938,58.767829],[-7.962432,58.634589],[-8.302927,58.501349],[-8.643422,58.368109],[-8.693166,58.311347],[-9.010365,58.129584],[-9.108266,58.112555],[-9.113332,58.110785],[-9.130849,58.091681],[-9.212636,57.919257],[-9.414662,57.705817],[-9.425343,57.678778],[-9.424184,57.668097],[-9.417592,57.656501],[-9.368886,57.597968],[-9.358998,57.579413],[-9.353383,57.558783],[-9.35436,57.548835],[-9.378896,57.486029],[-9.382741,57.464667],[-9.38268,57.440863],[-9.37737,57.414801],[-9.347279,57.349677],[-9.20934,57.150824],[-9.137318,57.006781],[-8.985341,56.725775],[-8.983266,56.711371],[-8.985524,56.694831],[-9.025502,56.561835],[-9.032582,56.488349],[-9.04131,56.454779],[-9.176808,56.245429],[-9.185292,56.214789],[-9.185964,56.196479],[-9.159413,56.08692],[-9.161366,56.070807],[-9.166188,56.054389],[-9.244557,55.886298],[-9.321278,55.798835],[-9.329335,55.782782],[-9.346913,55.714545],[-9.355336,55.610175],[-9.36321,55.588141],[-9.37737,55.566779],[-9.393971,55.551886],[-9.415883,55.538642],[-9.665334,55.446845],[-9.688954,55.428656],[-9.761342,55.350775],[-9.854909,55.299262],[-9.881337,55.278815],[-9.977284,55.134772],[-9.989919,55.125495],[-10.082143,55.086982],[-10.121327,55.062812],[-10.128896,55.05445],[-10.159596,54.978644],[-10.169362,54.966803],[-10.175771,54.962226],[-10.234181,54.946173],[-10.241322,54.942816],[-10.535756,54.662482],[-10.553334,54.630805],[-10.556752,54.613227],[-10.547292,54.517462],[-10.548451,54.500983],[-10.553334,54.486823],[-10.559804,54.481024],[-10.570546,54.477362],[-10.641103,54.467719],[-10.649342,54.462836],[-10.658498,54.448554],[-10.663747,54.430121],[-10.668996,54.329535],[-10.673329,54.318793],[-10.683705,54.30976],[-10.696828,54.3039],[-10.762807,54.289191],[-10.77892,54.281928],[-10.793324,54.270819],[-10.801137,54.25965],[-10.821401,54.179328],[-10.829457,54.164008],[-10.841298,54.150824],[-11.029775,54.057074],[-11.057118,54.035529],[-11.081349,54.006842],[-11.122182,53.901923],[-11.166982,53.828681],[-11.230458,53.761054],[-11.507558,53.557929],[-11.784657,53.354804],[-11.80132,53.334784],[-11.80779,53.318244],[-11.814748,53.149482],[-11.825368,53.118781],[-11.839345,53.098761],[-11.857839,53.085089],[-11.923695,53.057807],[-11.94341,53.044989],[-11.959218,53.02619],[-11.96935,52.998847],[-11.968861,52.990668],[-11.933705,52.920722],[-11.921315,52.878852],[-11.921315,52.710761],[-11.877553,52.584479],[-11.825368,52.494818],[-11.786244,52.453192],[-11.657338,52.374823],[-11.56133,52.278815],[-11.558522,52.27143],[-11.54186,52.190497],[-11.537343,52.182807],[-11.522939,52.171027],[-11.505971,52.162421],[-11.424672,52.140387],[-11.417348,52.134833],[-11.407948,52.11817],[-11.402455,52.100959],[-11.389882,52.019721],[-11.369313,51.966803],[-11.352895,51.94538],[-11.297353,51.894843],[-11.292226,51.886054],[-11.282704,51.858954],[-11.268422,51.840888],[-11.256825,51.820563],[-11.247365,51.789801],[-11.245595,51.749884],[-11.249379,51.726813],[-11.251637,51.721076],[-11.268788,51.698676],[-11.272145,51.692572],[-11.273793,51.68592],[-11.273305,51.678778],[-11.26714,51.665168],[-11.256459,51.652594],[-11.185109,51.595343],[-11.177358,51.582831],[-11.176991,51.575507],[-11.202077,51.505255],[-11.203725,51.484992],[-11.201344,51.462836],[-11.197987,51.454657],[-11.160939,51.412299],[-11.15569,51.402045],[-11.15331,51.390815],[-11.174306,51.18592],[-11.192494,51.141425],[-11.202748,51.126044],[-11.256947,51.067206],[-11.265309,51.041327],[-11.255055,51.022589],[-11.230519,51.007941],[-11.117238,50.960883],[-11.081349,50.934821],[-11.072499,50.923774],[-11.070424,50.91413],[-11.078908,50.881232],[-11.078359,50.864569],[-11.072072,50.84278],[-11.057362,50.814826],[-11.051015,50.807196],[-10.961354,50.742804],[-10.819447,50.606757],[-10.78893,50.559149],[-10.770863,50.508979],[-10.770558,50.457709],[-10.793324,50.406806],[-10.79894,50.401557],[-10.861684,50.363959],[-10.865346,50.358771],[-10.867543,50.338874],[-10.864858,50.320868],[-10.839101,50.262763],[-10.837514,50.250556],[-10.841298,50.238837],[-10.856435,50.221137],[-10.943654,50.16706],[-10.96288,50.148932],[-10.977406,50.125434],[-10.985341,50.094794],[-10.98351,50.076239],[-10.974782,50.060126],[-10.897572,49.9914],[-10.889394,49.974799],[-10.907338,49.763129],[-10.926076,49.699347],[-10.963368,49.64112],[-11.058705,49.544928],[-11.219472,49.321723],[-11.225331,49.302802],[-11.220937,49.272528],[-11.207204,49.237128],[-11.159291,49.1612],[-11.096364,49.096198],[-11.064015,49.074225],[-11.033315,49.062812],[-10.991506,49.063178],[-10.822743,49.107367],[-10.802113,49.098639],[-10.798818,49.069892],[-10.826405,48.990424],[-10.83019,48.969062],[-10.82787,48.950568],[-10.818715,48.93476],[-10.801869,48.921393],[-10.776601,48.910468],[-10.697316,48.894843],[-10.553334,48.894843],[-10.544789,48.897406],[-10.500111,48.919013],[-10.486623,48.922187],[-10.47234,48.922492],[-10.457387,48.918769],[-10.430287,48.90235],[-10.40685,48.877875],[-10.3308,48.758368],[-10.311147,48.737799],[-10.289357,48.726813],[-10.262563,48.725775],[-10.238759,48.733832],[-10.151112,48.802802],[-10.125905,48.81623],[-10.09734,48.822821],[-10.077626,48.820746],[-10.060658,48.812323],[-9.997548,48.750434],[-9.977406,48.736579],[-9.953359,48.726813],[-9.93279,48.724738],[-9.911916,48.728217],[-9.873036,48.745429],[-9.833302,48.774787],[-9.815785,48.772284],[-9.792348,48.764899],[-9.739491,48.736274],[-9.715688,48.715522],[-9.69756,48.690863],[-9.687795,48.662543],[-9.68932,48.630805],[-9.692372,48.629645],[-9.712331,48.614936],[-9.735585,48.591315],[-9.742848,48.578925],[-9.744191,48.567755],[-9.737355,48.558783],[-9.699635,48.54328],[-9.66216,48.541754],[-9.525929,48.579779],[-9.497914,48.576483],[-9.473317,48.558783],[-9.459523,48.537909],[-9.451894,48.516242],[-9.449452,48.494086],[-9.450795,48.471869],[-9.460927,48.428961],[-9.495107,48.346076],[-9.544423,48.272101],[-9.548207,48.258246],[-9.545339,48.246833],[-9.525136,48.223212],[-9.508046,48.216498],[-9.491872,48.222846],[-9.4287,48.282721],[-9.395741,48.303656],[-9.353383,48.318854],[-9.324208,48.322882],[-9.27245,48.317816],[-9.183217,48.294928],[-9.161366,48.294867],[-9.132436,48.302375],[-8.938954,48.390876],[-8.894399,48.396552],[-8.849355,48.390815],[-8.835378,48.381659],[-8.826833,48.365058],[-8.806752,48.264838],[-8.795277,48.241523],[-8.777333,48.222846],[-8.722035,48.232978],[-8.680287,48.229682],[-8.657338,48.222846],[-8.584584,48.178412],[-8.574208,48.175421],[-8.561391,48.174872],[-8.492909,48.190375],[-8.306081,48.277228],[-8.277333,48.280951],[-8.243825,48.278022],[-8.15331,48.246833],[-8.14391,48.241278],[-8.134267,48.233405],[-8.115346,48.211676],[-8.055165,48.106818],[-8.012685,48.061652],[-7.956532,48.025153],[-7.924184,48.013007],[-7.889394,48.006781],[-7.847401,48.008673],[-7.705556,48.053412],[-7.676381,48.052619],[-7.649648,48.038459],[-7.625356,48.006781],[-7.621327,47.997504],[-7.611501,47.949286],[-7.607411,47.941413],[-7.601308,47.934882],[-7.581899,47.922675],[-7.56078,47.914801],[-7.48058,47.900519],[-7.466664,47.89527],[-7.457326,47.886786],[-7.443105,47.857917],[-7.43578,47.828559],[-7.429799,47.716498],[-7.422963,47.692328],[-7.409352,47.670783],[-7.397511,47.659247],[-7.38622,47.65174],[-7.374806,47.64704],[-7.312611,47.631964],[-7.274831,47.614814],[-7.203175,47.554511],[-7.193349,47.550788],[-7.176991,47.550544],[-7.16039,47.554755],[-7.069692,47.595954],[-7.049367,47.598822],[-7.034596,47.597419],[-6.905385,47.550788],[-6.869008,47.548285],[-6.64684,47.577216],[-6.61736,47.574836],[-6.599721,47.569464],[-6.355153,47.435584],[-6.110585,47.301703],[-6.06371,47.294501],[-6.041371,47.286811],[-5.989674,47.245612],[-5.97997,47.241095],[-5.96935,47.238776],[-5.94109,47.239386],[-5.76891,47.286261],[-5.753346,47.286811],[-5.741872,47.281867],[-5.633351,47.190802],[-5.594655,47.175177],[-5.582265,47.166022],[-5.571645,47.153876],[-5.564198,47.138251],[-5.561391,47.118842],[-5.579701,47.086127],[-5.588796,47.062751],[-5.589223,47.05329],[-5.585378,47.04682],[-5.571828,47.040839],[-5.55663,47.040229],[-5.465627,47.054938],[-5.3933,47.04682],[-5.374867,47.040229],[-5.285451,46.978583],[-5.273305,46.974799],[-5.248647,46.974066],[-5.133168,47.000922],[-5.117177,47.002265],[-5.105275,46.998847],[-5.093861,46.989264],[-5.088918,46.980475],[-5.088857,46.972113],[-5.09203,46.963935],[-5.101796,46.946845],[-5.105153,46.937323],[-5.105275,46.926825],[-5.101247,46.910041],[-5.095998,46.897773],[-5.089772,46.888983],[-5.062917,46.864081],[-5.057362,46.854804],[-5.012074,46.736029],[-4.999989,46.721076],[-4.985402,46.710822],[-4.956715,46.702277],[-4.931569,46.70307],[-4.865956,46.726874],[-4.843922,46.730536],[-4.820058,46.726325],[-4.793385,46.710822],[-4.761159,46.622992],[-4.680287,46.476813],[-4.649342,46.446784],[-4.642079,46.442572],[-4.585011,46.42768],[-4.577382,46.422797],[-4.507924,46.341498],[-4.495717,46.332709],[-4.481313,46.326789],[-4.437672,46.318793],[-4.296986,46.316474],[-4.268544,46.307074],[-4.242116,46.287604],[-4.172353,46.17652],[-4.127431,46.123358],[-4.098622,46.103217],[-4.064809,46.090277],[-4.02538,46.086798],[-3.969716,46.091559],[-3.947621,46.098334],[-3.938039,46.103766],[-3.929311,46.110785],[-3.923634,46.118293],[-3.920155,46.126837],[-3.913808,46.16529],[-3.910512,46.174445],[-3.809316,46.302802],[-3.796803,46.29267],[-3.788564,46.269721],[-3.78307,46.164252],[-3.784413,46.162787],[-3.78539,46.182807],[-3.791615,46.167182],[-3.795827,46.146064],[-3.7954,46.134101],[-3.792226,46.122138],[-3.78539,46.110785],[-3.768544,46.095893],[-3.751332,46.090277],[-3.733449,46.091498],[-3.670705,46.110541],[-3.645497,46.113593],[-3.61736,46.110785],[-3.598378,46.104377],[-3.473378,46.014777],[-3.406667,45.985053],[-3.396291,45.976264],[-3.390981,45.963446],[-3.392201,45.944892],[-3.401357,45.91883],[-3.401723,45.919745],[-3.425954,45.899848],[-3.440419,45.892218],[-3.457448,45.88758],[-3.476552,45.887763],[-3.497365,45.894843],[-3.508962,45.903266],[-3.517445,45.914008],[-3.536,45.949042],[-3.543813,45.958197],[-3.554555,45.964545],[-3.569325,45.966803],[-3.610097,45.962592],[-3.648915,45.950873],[-3.683156,45.93299],[-3.70995,45.910346],[-3.726735,45.884223],[-3.730641,45.856024],[-3.719106,45.827094],[-3.68932,45.798774],[-3.674367,45.790595],[-3.65331,45.783759],[-3.558034,45.719184],[-3.545949,45.716193],[-3.486989,45.717353],[-3.468984,45.712714],[-3.44933,45.702826],[-3.439565,45.693671],[-3.390736,45.596442],[-3.377309,45.582831],[-3.359547,45.571601],[-3.243703,45.541632],[-3.233327,45.534796],[-3.129872,45.332831],[-3.074696,45.282538],[-3.015065,45.179999],[-3.003529,45.167304],[-2.988637,45.157416],[-2.969411,45.150763],[-2.705373,45.126837],[-2.696034,45.123969],[-2.622792,45.082221],[-2.609364,45.078803],[-2.589284,45.07807],[-2.571645,45.081183],[-2.515675,45.104071],[-2.502797,45.105597],[-2.489369,45.10279],[-2.481435,45.097357],[-2.369313,44.982856],[-2.355397,44.974677],[-2.33318,44.967292],[-2.327504,44.963935],[-2.249379,44.886786],[-2.074147,44.79505],[-2.039052,44.762397],[-2.01714,44.720526],[-2.0136,44.666877],[-2.033376,44.598822],[-2.039296,44.587836],[-2.068959,44.549872],[-2.074941,44.537421],[-2.079274,44.52204],[-2.081349,44.502814],[-2.078297,44.46662],[-2.052724,44.395819],[-1.989735,44.281501],[-1.985341,44.262824],[-1.98705,44.237372],[-1.992543,44.214545],[-2.126759,43.928961],[-2.129384,43.926825],[-2.12328,43.912177],[-1.8756,43.628913],[-1.865224,43.606574],[-1.865346,43.590827],[-1.873891,43.582526],[-1.909413,43.567389],[-2.010732,43.545905],[-2.219411,43.543769],[-2.378041,43.519294],[-2.414723,43.521003],[-2.534779,43.561164],[-2.58373,43.569403],[-2.726674,43.565375],[-3.114919,43.613532],[-3.459828,43.5857],[-3.542104,43.602301],[-3.619435,43.656012],[-3.646352,43.667426],[-3.674672,43.673407],[-3.737782,43.671149],[-3.813344,43.652777],[-4.006215,43.57154],[-4.464162,43.540229],[-4.481313,43.542792],[-4.489186,43.550238],[-4.545522,43.676154],[-4.553395,43.686835],[-4.562245,43.692145],[-4.640614,43.707343],[-4.649342,43.710761],[-4.697377,43.758857],[-4.72936,43.755194],[-4.754201,43.743598],[-4.830617,43.673651],[-4.856191,43.663886],[-4.889272,43.662787],[-4.906667,43.668402],[-4.92394,43.680121],[-5.013722,43.770575],[-5.033315,43.782782],[-5.047475,43.787421],[-5.154897,43.796271],[-5.201344,43.80683],[-5.357716,43.892768],[-5.387013,43.897773],[-5.421986,43.893866],[-5.493337,43.868842],[-5.743947,43.855658],[-5.756154,43.85871],[-5.797353,43.876837],[-5.809987,43.879096],[-5.825368,43.878852],[-5.897389,43.830817],[-5.937001,43.838202],[-5.966115,43.85102],[-6.020985,43.893012],[-6.038319,43.898444],[-6.060048,43.894721],[-6.135365,43.85517],[-6.13738,43.854804],[-6.133046,43.854132],[-6.123097,43.84455],[-6.098134,43.808234],[-6.089284,43.786383],[-6.086781,43.765204],[-6.0938,43.74726],[-6.113332,43.734809],[-6.128957,43.732123],[-6.147817,43.732611],[-6.332692,43.783515],[-6.593373,43.950812],[-6.608998,43.954108],[-6.761342,43.950812],[-7.043202,44.037299],[-7.088612,44.034552],[-7.137624,44.015143],[-7.193349,43.974799],[-7.205983,43.959113],[-7.210317,43.943915],[-7.209523,43.930182],[-7.205556,43.912299],[-7.208608,43.910468],[-7.280934,43.948065],[-7.283254,43.95185],[-7.238637,44.055182],[-7.235585,44.069709],[-7.236012,44.083258],[-7.241322,44.094794],[-7.252858,44.1034],[-7.29894,44.118659],[-7.362538,44.127509],[-7.428395,44.125434],[-7.457326,44.118842],[-7.475758,44.109503],[-7.48998,44.096442],[-7.523305,44.049628],[-7.536855,44.036505],[-7.554311,44.027045],[-7.577382,44.022834],[-7.793385,44.094794],[-7.815053,44.088935],[-7.831899,44.079413],[-7.844777,44.067084],[-7.87737,44.012091],[-7.885732,44.002204],[-7.892262,44.001899],[-8.033315,43.950812],[-8.062428,43.956977],[-8.079518,43.968085],[-8.08849,43.982184],[-8.0985,44.010565],[-8.107411,44.020819],[-8.124379,44.02558],[-8.15331,44.022834],[-8.18163,44.014167],[-8.557973,43.745856],[-8.622792,43.725043],[-8.741444,43.709174],[-8.7683,43.700568],[-8.795888,43.685797],[-8.825307,43.662787],[-8.83373,43.653571],[-8.885365,43.576728],[-8.897328,43.566779],[-8.929738,43.551825],[-9.04131,43.518805],[-9.056996,43.507636],[-9.089345,43.470832],[-9.401357,43.302802],[-9.519093,43.097663],[-9.524403,43.075873],[-9.523793,43.005561],[-10.020039,43.047301],[-10.516285,43.089041],[-11.01253,43.130781],[-11.508776,43.172522],[-12.005022,43.214262],[-12.501268,43.256002],[-12.997514,43.297743],[-13.493759,43.339483],[-13.990005,43.381223],[-14.486251,43.422963],[-14.982497,43.464704],[-15.478742,43.506444],[-15.974988,43.548184],[-16.471234,43.589925],[-16.96748,43.631665],[-17.463726,43.673405],[-17.959971,43.715145],[-18.456217,43.756886],[-18.952463,43.798626],[-19.448709,43.840366],[-19.944955,43.882106],[-20.4412,43.923847],[-20.937446,43.965587],[-21.433692,44.007327],[-21.929938,44.049068],[-22.426183,44.090808],[-22.922429,44.132548],[-23.418675,44.174288],[-23.914921,44.216029],[-24.411167,44.257769],[-24.907412,44.299509],[-25.403658,44.34125],[-25.899904,44.38299],[-26.39615,44.42473],[-26.892396,44.46647],[-27.388641,44.508211],[-27.884887,44.549951],[-28.381133,44.591691],[-28.877379,44.633431],[-29.373624,44.675172],[-29.86987,44.716912],[-30.366116,44.758652],[-30.862362,44.800393],[-31.358608,44.842133],[-31.854853,44.883873],[-32.351099,44.925613],[-32.847345,44.967354],[-33.343591,45.009094],[-33.839836,45.050834],[-34.336082,45.092575],[-34.832328,45.134315],[-35.328574,45.176055],[-35.82482,45.217795],[-36.321065,45.259536],[-36.817311,45.301276],[-37.30969,45.342691],[-37.802069,45.384106],[-38.294448,45.425521],[-38.786827,45.466936],[-39.279206,45.508352],[-39.771585,45.549767],[-40.263964,45.591182],[-40.756343,45.632597],[-41.248722,45.674012],[-41.7411,45.715427],[-42.233479,45.756842],[-42.725858,45.798257],[-43.218237,45.839673],[-43.710616,45.881088],[-44.202995,45.922503],[-44.695374,45.963918],[-45.187753,46.005333],[-45.680132,46.046748],[-46.172511,46.088163],[-46.66489,46.129579],[-47.157269,46.170994],[-47.649648,46.212409],[-47.602467,46.256049],[-47.574452,46.298407],[-47.524464,46.446173],[-47.49883,46.496283],[-47.421559,46.601569],[-47.417287,46.614814],[-47.416432,46.628852],[-47.418385,46.640876],[-47.437245,46.683051],[-47.440419,46.695746],[-47.441274,46.710822],[-47.439687,46.722357],[-47.436391,46.732611],[-47.418813,46.766242],[-47.41686,46.774298],[-47.417287,46.782843],[-47.420277,46.789618],[-47.455129,46.825446],[-47.478261,46.857245],[-47.496571,46.898383],[-47.51006,46.991339],[-47.513295,46.998847],[-47.523488,47.009467],[-47.628896,47.088324],[-47.63329,47.094794],[-47.63152,47.116523],[-47.626881,47.12873],[-47.61974,47.133857],[-47.610585,47.134528],[-47.587636,47.132453],[-47.574696,47.134833],[-47.561269,47.142829],[-47.525624,47.182807],[-47.520985,47.211554],[-47.539967,47.230963],[-47.575185,47.243232],[-47.729298,47.262763],[-47.87328,47.358832],[-48.041249,47.430854],[-48.065907,47.451422],[-48.171376,47.587531],[-48.185292,47.598822],[-48.193715,47.600898],[-48.303639,47.609931],[-48.353261,47.622809],[-48.368398,47.630561],[-48.438771,47.690314],[-48.449269,47.694831],[-48.468312,47.697699],[-48.595998,47.689765],[-48.617238,47.694831],[-48.632253,47.702216],[-48.72057,47.781684],[-48.737294,47.790839],[-48.905263,47.814826],[-48.951405,47.836005],[-49.030995,47.891059],[-49.424153,48.020941],[-49.817311,48.150824],[-49.825002,48.157294],[-49.866139,48.221808],[-49.889272,48.246833],[-49.919545,48.265143],[-49.970387,48.283637],[-49.979054,48.288459],[-49.985219,48.294867],[-50.000295,48.322394],[-50.030934,48.461737],[-50.041249,48.487128],[-50.05724,48.51081],[-50.113271,48.562323],[-50.174306,48.594367],[-50.241444,48.611151],[-50.705251,48.606818],[-50.71465,48.608344],[-50.757436,48.625678],[-50.785085,48.631293],[-50.801259,48.630805],[-50.809132,48.628852],[-50.840688,48.610785],[-50.850209,48.607367],[-50.860951,48.60578],[-50.87328,48.606818],[-50.891347,48.612433],[-51.000172,48.675177],[-51.017262,48.678839],[-51.246327,48.653327],[-51.322133,48.661017],[-51.433827,48.691596],[-51.459157,48.693244],[-51.48766,48.68946],[-51.844289,48.500495],[-51.878041,48.463202],[-51.89269,48.452094],[-51.903432,48.450629],[-51.912587,48.455939],[-51.934865,48.475287],[-51.952443,48.483466],[-51.977284,48.486823],[-51.995473,48.484626],[-52.105458,48.440375],[-52.121266,48.438849],[-52.345509,48.489997],[-52.361318,48.486823],[-52.387685,48.459784],[-52.406178,48.416083],[-52.447743,48.198798],[-52.461598,48.164679],[-52.481313,48.150824],[-52.528432,48.155524],[-52.55132,48.175299],[-52.556569,48.206244],[-52.533864,48.326789],[-52.535634,48.363044],[-52.553273,48.390815],[-52.567799,48.401679],[-52.57726,48.406501],[-52.583363,48.40644],[-52.58788,48.402411],[-52.599233,48.386542],[-52.609547,48.376654],[-52.625295,48.366828],[-52.635121,48.362921],[-52.708791,48.34809],[-52.733388,48.335944],[-52.84734,48.252204],[-53.129811,48.118598],[-53.152943,48.116156],[-53.244008,48.121039],[-53.26946,48.115424],[-53.297292,48.102851],[-53.306691,48.094916],[-53.314137,48.083991],[-53.342885,48.01966],[-53.369313,47.982795],[-53.46526,47.910834],[-53.572621,47.736212],[-53.589589,47.723212],[-53.609242,47.718817],[-53.635732,47.723822],[-53.650319,47.736518],[-53.655141,47.75495],[-53.652333,47.777106],[-53.632863,47.824408],[-53.592641,47.883063],[-53.585805,47.888373],[-53.551381,47.903144],[-53.468984,47.955146],[-53.46526,47.958808],[-53.468617,47.956488],[-53.470509,47.964484],[-53.466725,48.035468],[-53.46526,48.030829],[-53.473012,48.081244],[-53.471913,48.09101],[-53.466969,48.100836],[-53.369313,48.198798],[-53.343678,48.211737],[-53.200063,48.254767],[-52.977956,48.437873],[-52.789357,48.54444],[-52.758168,48.585395],[-52.689259,48.731513],[-52.683705,48.761481],[-52.685414,48.788092],[-52.694631,48.812995],[-52.711537,48.838019],[-52.769276,48.894843],[-52.913258,48.99079],[-52.926015,48.988654],[-53.142995,48.851569],[-53.359975,48.714484],[-53.431996,48.694648],[-53.493214,48.696418],[-53.537282,48.726813],[-53.535573,48.747321],[-53.456654,48.891242],[-53.321278,49.062812],[-53.312001,49.06684],[-53.201283,49.086859],[-53.154836,49.112372],[-53.120961,49.144843],[-53.098744,49.1836],[-53.087148,49.227973],[-53.085378,49.277167],[-53.092397,49.330512],[-53.129262,49.446784],[-53.223622,49.588568],[-53.229421,49.614936],[-53.225331,49.6388],[-53.210378,49.652594],[-53.18694,49.653571],[-53.058766,49.617804],[-53.030629,49.621344],[-53.009267,49.6388],[-53.001454,49.657599],[-53.000661,49.679145],[-53.005971,49.702826],[-53.033131,49.754157],[-53.07787,49.806159],[-53.119801,49.840644],[-53.135915,49.84809],[-53.249257,49.878852],[-53.254445,49.882148],[-53.293202,49.92414],[-53.297292,49.926825],[-53.305043,49.928046],[-53.353749,49.923407],[-53.362294,49.92414],[-53.369313,49.926825],[-53.387868,49.941962],[-53.448048,50.04328],[-53.465688,50.059333],[-53.489308,50.070807],[-53.650868,50.114691],[-53.73351,50.117682],[-53.825795,50.106879],[-53.895253,50.085883],[-54.041249,49.974799],[-54.053273,49.969855],[-54.146047,49.957099],[-54.161244,49.950812],[-54.171681,49.943732],[-54.223866,49.884345],[-54.233266,49.878852],[-54.377309,49.854804],[-54.451833,49.814704],[-54.473256,49.80683],[-54.489186,49.805548],[-54.522633,49.810981],[-54.582448,49.829535],[-54.593251,49.830817],[-54.809316,49.782782],[-54.845082,49.762641],[-55.00652,49.601935],[-55.025258,49.590827],[-55.050588,49.585273],[-55.075673,49.585273],[-55.194936,49.613959],[-55.217275,49.614814],[-55.241444,49.611274],[-55.36675,49.566718],[-55.385304,49.566779],[-55.503835,49.612189],[-55.685902,49.735297],[-55.694325,49.738349],[-55.697316,49.734809],[-55.693593,49.76557],[-55.679006,49.78913],[-55.655263,49.807257],[-55.217275,49.998847],[-55.202809,49.999701],[-55.102284,49.976935],[-55.049306,49.974799],[-55.026662,49.980292],[-54.676625,50.124213],[-54.651357,50.145392],[-54.641286,50.166815],[-54.646169,50.206366],[-54.664479,50.225836],[-54.692983,50.229682],[-54.728688,50.222113],[-54.881337,50.166815],[-54.895314,50.166205],[-54.907338,50.168097],[-54.96227,50.189521],[-54.977345,50.190802],[-54.995595,50.188666],[-55.08788,50.144477],[-55.097279,50.142768],[-55.114308,50.146674],[-55.273671,50.212348],[-55.289296,50.214789],[-55.32433,50.20954],[-55.385548,50.185431],[-55.48351,50.126532],[-55.605031,50.097541],[-55.664906,50.098029],[-55.69402,50.105292],[-55.721303,50.118781],[-55.732777,50.130988],[-55.729298,50.140876],[-55.715016,50.14881],[-55.625295,50.166815],[-55.62444,50.190131],[-55.636525,50.213874],[-55.658559,50.237067],[-55.687734,50.258673],[-55.755788,50.293524],[-55.817311,50.310797],[-55.883412,50.304572],[-56.153249,50.214789],[-56.196217,50.183051],[-56.230519,50.145209],[-56.254384,50.132941],[-56.265859,50.122504],[-56.291249,50.08216],[-56.327382,50.067145],[-56.339223,50.059149],[-56.353627,50.043158],[-56.379933,50.031317],[-56.486501,49.954962],[-56.531117,49.936347],[-56.626698,49.914496],[-56.65923,49.924018],[-56.6657,49.949958],[-56.652577,49.987128],[-56.537282,50.142768],[-56.417287,50.238837],[-56.412038,50.246405],[-56.40862,50.25495],[-56.398427,50.302191],[-56.3933,50.310797],[-56.38976,50.312812],[-56.384206,50.313178],[-56.355031,50.308905],[-56.349233,50.309027],[-56.345326,50.310797],[-56.343617,50.314704],[-56.343434,50.320563],[-56.347646,50.349921],[-56.347279,50.355414],[-56.345326,50.358771],[-56.334401,50.364936],[-56.322926,50.36872],[-56.261403,50.377875],[-56.249257,50.382819],[-56.244252,50.38642],[-56.205495,50.428168],[-56.201283,50.430854],[-55.9334,50.462226],[-55.897328,50.477484],[-55.865285,50.502814],[-55.857594,50.513556],[-55.853505,50.524604],[-55.847218,50.555426],[-55.841908,50.563666],[-55.832448,50.570258],[-55.817311,50.574774],[-55.794179,50.576422],[-55.770741,50.573615],[-55.601308,50.526801],[-55.556935,50.527961],[-55.433278,50.550788],[-55.377797,50.540961],[-55.315297,50.519538],[-55.263905,50.490607],[-55.248158,50.474494],[-55.242116,50.458075],[-55.245046,50.450751],[-55.257558,50.37641],[-55.256215,50.357489],[-55.251088,50.342902],[-55.241261,50.334784],[-55.193654,50.332465],[-55.137746,50.350287],[-55.07726,50.383185],[-54.957082,50.474311],[-54.819936,50.618598],[-54.772633,50.729682],[-54.761342,50.742804],[-54.733449,50.764106],[-54.59673,50.829413],[-54.57964,50.844123],[-54.569264,50.862799],[-54.563466,50.89289],[-54.56548,50.917792],[-54.573598,50.939582],[-54.630238,51.03974],[-54.645619,51.108771],[-54.641225,51.326972],[-54.644399,51.331855],[-54.653127,51.333625],[-54.737294,51.318793],[-54.776112,51.298163],[-54.788197,51.294928],[-54.798695,51.296088],[-54.806142,51.303473],[-54.809316,51.318793],[-54.808949,51.340155],[-54.806264,51.353583],[-54.801259,51.361212],[-54.793752,51.36518],[-54.755605,51.378485],[-54.689259,51.414801],[-54.688222,51.418647],[-54.690907,51.460089],[-54.689259,51.462836],[-54.527943,51.488471],[-54.507375,51.497931],[-54.497304,51.51081],[-54.495473,51.545966],[-54.508839,51.57154],[-54.534901,51.590766],[-54.712087,51.667548],[-54.761342,51.702765],[-54.794301,51.73841],[-54.864858,51.854804],[-54.890736,51.884528],[-54.923756,51.903632],[-54.967458,51.90821],[-55.094716,51.875312],[-55.106068,51.877936],[-55.11028,51.887213],[-55.106679,51.904242],[-55.073293,51.966803],[-54.985829,52.083319],[-54.921986,52.13935],[-54.88915,52.15528],[-54.857289,52.158759],[-54.825551,52.149665],[-54.812062,52.133734],[-54.811452,52.112677],[-54.831838,52.036078],[-54.82787,52.011725],[-54.809316,51.990851],[-54.792775,51.984809],[-54.77068,51.983893],[-54.593251,52.014838],[-54.579457,52.014472],[-54.566945,52.012152],[-54.555776,52.008307],[-54.525136,51.992011],[-54.521291,51.990851],[-54.209279,52.014838],[-54.205922,52.023505],[-54.204884,52.033637],[-54.206776,52.044867],[-54.212209,52.057013],[-54.221791,52.069892],[-54.236134,52.083319],[-54.2813,52.110785],[-54.290578,52.113349],[-54.358022,52.11994],[-54.39037,52.127936],[-54.401296,52.134833],[-54.413381,52.151923],[-54.41985,52.172797],[-54.429555,52.244452],[-54.437245,52.267096],[-54.451039,52.286994],[-54.473256,52.302802],[-54.593251,52.326789],[-54.83434,52.321173],[-54.857289,52.326789],[-54.95519,52.373908],[-55.028676,52.429999],[-55.052113,52.459296],[-55.064504,52.488471],[-55.064137,52.516608],[-55.049306,52.542792],[-55.018361,52.568061],[-54.990102,52.574652],[-54.964345,52.567023],[-54.940419,52.54975],[-54.877004,52.483161],[-54.857289,52.470771],[-54.847829,52.469184],[-54.796864,52.477607],[-54.759694,52.476386],[-54.722585,52.465155],[-54.649403,52.424994],[-54.641286,52.422797],[-54.204335,52.460273],[-54.166493,52.469794],[-54.146352,52.485541],[-54.150441,52.509223],[-54.185292,52.542792],[-54.257253,52.590827],[-54.305531,52.599433],[-54.460927,52.602179],[-54.501027,52.611701],[-54.527516,52.633734],[-54.535756,52.673163],[-54.521291,52.734809],[-54.512563,52.752265],[-54.469594,52.799872],[-54.464833,52.809516],[-54.465505,52.819648],[-54.473256,52.830756],[-54.493764,52.847419],[-54.516103,52.858527],[-54.539967,52.864997],[-54.564687,52.867621],[-54.665273,52.854804],[-54.743031,52.792731],[-54.767812,52.782599],[-54.78893,52.785895],[-54.8037,52.808112],[-54.81432,52.909125],[-54.820973,52.928534],[-54.983388,53.188178],[-54.99828,53.205207],[-55.019338,53.221686],[-55.049306,53.238837],[-55.145253,53.262763],[-55.149281,53.274482],[-55.139333,53.405646],[-55.145253,53.430793],[-55.147939,53.433417],[-55.176137,53.439337],[-55.183583,53.442511],[-55.189565,53.447455],[-55.193288,53.45484],[-55.193959,53.460028],[-55.190907,53.49256],[-55.191518,53.498236],[-55.193288,53.502814],[-55.205617,53.517157],[-55.217885,53.521857],[-55.23058,53.520148],[-55.258656,53.51026],[-55.274709,53.508429],[-55.292836,53.512885],[-55.313283,53.526801],[-55.313466,53.530707],[-55.361256,53.670844],[-55.407826,53.719733],[-55.433095,53.758124],[-55.43755,53.775885],[-55.433278,53.790839],[-55.422963,53.798163],[-55.40453,53.804694],[-55.351857,53.814154],[-55.241261,53.814826],[-55.208485,53.804206],[-54.857289,53.574836],[-54.557271,53.45481],[-54.257253,53.334784],[-53.824941,53.298285],[-53.794301,53.304755],[-53.461903,53.462287],[-53.423085,53.495124],[-53.398366,53.532538],[-53.3933,53.574836],[-53.403005,53.598944],[-53.421559,53.610907],[-53.446523,53.614081],[-53.536488,53.606696],[-53.563588,53.610297],[-53.585317,53.622748],[-53.590138,53.630011],[-53.613576,53.695441],[-53.622182,53.708197],[-53.63329,53.718817],[-53.646108,53.726264],[-53.741322,53.758002],[-53.753224,53.766791],[-53.758962,53.774176],[-53.762502,53.782721],[-53.768849,53.821723],[-53.772023,53.830756],[-53.777272,53.838813],[-53.783742,53.843695],[-53.792531,53.846991],[-53.83495,53.855048],[-53.843373,53.858222],[-53.849233,53.862799],[-53.857533,53.875922],[-53.890431,53.97309],[-53.897267,53.982795],[-53.913197,53.99549],[-54.048695,54.064643],[-54.065297,54.078803],[-54.083363,54.101264],[-54.106557,54.14643],[-54.130055,54.214911],[-54.137318,54.222785],[-54.156789,54.230841],[-54.319386,54.244025],[-54.329274,54.246833],[-54.328786,54.248969],[-54.30602,54.289801],[-54.305287,54.294806],[-54.308949,54.307807],[-54.327382,54.337348],[-54.425893,54.438544],[-54.425282,54.438788],[-54.447011,54.445136],[-54.58257,54.442878],[-54.61205,54.449408],[-54.641286,54.462836],[-54.833302,54.678839],[-54.86205,54.738532],[-54.882619,54.824225],[-54.891286,54.837409],[-54.905324,54.846747],[-54.939687,54.85517],[-55.034718,54.853034],[-55.219472,54.810065],[-55.241261,54.798835],[-55.244496,54.794989],[-55.262196,54.753852],[-55.265309,54.7508],[-55.307607,54.735175],[-55.385304,54.726752],[-55.388844,54.719245],[-55.390126,54.708319],[-55.384267,54.640143],[-55.385304,54.630805],[-55.391408,54.616767],[-55.474355,54.484015],[-55.481313,54.462836],[-55.482655,54.447943],[-55.481068,54.433356],[-55.462392,54.374884],[-55.457265,54.34278],[-55.540517,53.955268],[-55.546315,53.942267],[-55.553334,53.93476],[-55.588857,53.922858],[-55.626698,53.924811],[-55.665517,53.93714],[-55.817311,54.030829],[-55.926808,54.055976],[-55.944203,54.065192],[-55.982289,54.092841],[-56.006886,54.100409],[-56.113759,54.107489],[-56.135793,54.114081],[-56.153249,54.126776],[-56.156545,54.134711],[-56.155507,54.145209],[-56.129933,54.211493],[-56.129323,54.222785],[-56.131764,54.231879],[-56.136403,54.241034],[-56.177297,54.294806],[-56.193837,54.350898],[-56.201283,54.366828],[-56.21581,54.382819],[-56.231435,54.393805],[-56.324025,54.426093],[-56.345326,54.438788],[-56.36382,54.454657],[-56.449025,54.567206],[-56.489308,54.606879],[-56.541615,54.635749],[-56.65508,54.676276],[-56.705312,54.702826],[-56.711415,54.710334],[-56.715138,54.72132],[-56.723988,54.789862],[-56.729237,54.798835],[-56.873219,54.870795],[-56.873586,54.870673],[-56.898976,54.891608],[-56.900197,54.894416],[-56.897328,54.894843],[-56.911122,54.894965],[-56.924977,54.890998],[-56.96819,54.870795],[-56.983693,54.866523],[-56.999989,54.865973],[-57.017262,54.870795],[-57.022145,54.874091],[-57.058766,54.913886],[-57.142934,54.981269],[-57.184682,55.005622],[-57.245046,55.02381],[-57.267873,55.025885],[-57.283131,55.0232],[-57.311147,55.012274],[-57.334462,55.008429],[-57.425282,55.014777],[-57.490407,55.032416],[-57.641286,55.110785],[-57.850575,55.149848],[-57.874318,55.164496],[-57.881276,55.182807],[-57.875356,55.206366],[-57.866322,55.220832],[-57.853566,55.228339],[-57.836476,55.230963],[-57.753529,55.228339],[-57.566945,55.254096],[-57.526235,55.253119],[-57.443471,55.232306],[-57.399464,55.227973],[-57.377248,55.230841],[-57.315846,55.253546],[-57.185292,55.350775],[-57.066518,55.408332],[-57.004689,55.424628],[-56.974477,55.426459],[-56.945302,55.422797],[-56.94225,55.419074],[-56.825307,55.32685],[-56.825368,55.304694],[-56.832936,55.285529],[-56.846425,55.268805],[-56.864064,55.254218],[-57.072255,55.132392],[-57.087819,55.111151],[-57.090077,55.085517],[-57.075673,55.054023],[-57.04131,55.014777],[-57.013844,54.999823],[-56.976735,54.994574],[-56.727651,55.003974],[-56.681325,54.99079],[-56.677358,54.987494],[-56.674062,54.981818],[-56.660451,54.945868],[-56.657277,54.942816],[-56.606435,54.917243],[-56.56133,54.870795],[-56.550649,54.854804],[-56.532155,54.797675],[-56.52184,54.780097],[-56.504933,54.76557],[-56.478993,54.755316],[-56.441274,54.7508],[-56.418507,54.753119],[-56.394276,54.760688],[-56.369557,54.77265],[-56.322743,54.80683],[-56.285695,54.848883],[-56.273305,54.870795],[-56.268422,54.888251],[-56.273305,55.062812],[-56.259145,55.122382],[-56.224904,55.198676],[-56.22527,55.206794],[-56.23467,55.229132],[-56.24706,55.249457],[-56.278066,55.283881],[-56.312611,55.309821],[-56.345326,55.32685],[-56.365346,55.332587],[-56.496266,55.336371],[-56.56133,55.350775],[-56.825307,55.494818],[-57.000172,55.535285],[-57.209279,55.542792],[-57.216603,55.540534],[-57.246816,55.52558],[-57.273671,55.517401],[-57.28893,55.516486],[-57.305287,55.518744],[-57.334828,55.529547],[-57.361562,55.545844],[-57.384389,55.566901],[-57.40215,55.591681],[-57.413869,55.61933],[-57.418324,55.649054],[-57.414479,55.679877],[-57.401296,55.710822],[-57.354848,55.748725],[-57.34789,55.760321],[-57.346669,55.771857],[-57.353322,55.782782],[-57.391225,55.806159],[-57.437611,55.817267],[-57.541127,55.813788],[-57.68932,55.782782],[-58.099477,55.763007],[-58.290273,55.722357],[-58.353871,55.686957],[-58.385304,55.638739],[-58.387318,55.603095],[-58.377431,55.572943],[-58.358388,55.547309],[-58.120961,55.356757],[-58.077992,55.30036],[-58.069203,55.275458],[-58.073293,55.254828],[-58.09789,55.239814],[-58.139882,55.237372],[-58.394582,55.294074],[-58.649281,55.350775],[-58.799672,55.337592],[-58.865285,55.350775],[-58.887685,55.360114],[-58.90862,55.373297],[-59.201283,55.662787],[-59.218495,55.670783],[-59.349538,55.699408],[-59.369313,55.710822],[-59.382131,55.723151],[-59.44933,55.838752],[-59.46526,55.854804],[-59.479787,55.86402],[-59.590932,55.89289],[-59.609303,55.902838],[-59.849294,56.118842],[-60.017262,56.214789],[-60.020619,56.21839],[-60.038381,56.259955],[-60.041249,56.262824],[-60.045766,56.263739],[-60.08019,56.260321],[-60.085622,56.260871],[-60.089284,56.262824],[-60.095387,56.273017],[-60.137257,56.406806],[-60.401296,56.646796],[-60.545827,56.71662],[-60.561879,56.734381],[-60.570241,56.758368],[-60.569325,56.790778],[-60.5454,56.878607],[-60.545277,56.886786],[-60.556569,56.932685],[-60.575429,56.966803],[-60.640614,57.030463],[-60.652882,57.049384],[-60.654347,57.072455],[-60.641286,57.102851],[-60.612599,57.129889],[-60.569203,57.147528],[-60.517445,57.154486],[-60.463612,57.14942],[-60.413991,57.130988],[-60.374867,57.097907],[-60.352528,57.048957],[-60.361989,56.918952],[-60.359059,56.899237],[-60.349965,56.883368],[-60.113271,56.670783],[-60.070668,56.651129],[-59.971059,56.622077],[-59.921254,56.598822],[-59.904347,56.586249],[-59.816457,56.488898],[-59.801259,56.478827],[-59.785268,56.473029],[-59.678944,56.465155],[-59.63329,56.454779],[-59.620107,56.448493],[-59.551137,56.391181],[-59.430531,56.341437],[-59.241872,56.219733],[-59.22527,56.214789],[-59.180959,56.213019],[-59.015065,56.248481],[-58.793324,56.334845],[-58.788197,56.338263],[-58.749318,56.380194],[-58.74529,56.382819],[-58.738393,56.383673],[-58.687245,56.379218],[-58.679006,56.380194],[-58.673268,56.382819],[-58.553273,56.598822],[-58.562917,56.61402],[-58.573781,56.620673],[-58.585561,56.620795],[-58.63683,56.599189],[-58.649281,56.598822],[-58.65099,56.600287],[-58.654469,56.612677],[-58.656667,56.617133],[-58.660268,56.620795],[-58.665578,56.62287],[-58.673268,56.622809],[-58.697621,56.616767],[-58.760854,56.579779],[-58.776051,56.573798],[-58.794362,56.571723],[-58.81725,56.574774],[-58.823476,56.577704],[-58.860341,56.61872],[-58.865285,56.622809],[-58.985341,56.694831],[-59.201283,56.910834],[-59.210927,56.933661],[-59.213979,56.953986],[-59.21111,57.005927],[-59.215566,57.021857],[-59.227345,57.03797],[-59.249257,57.054816],[-59.251088,57.055182],[-59.318837,57.079108],[-59.321278,57.078803],[-59.326527,57.091742],[-59.341054,57.21015],[-59.345265,57.222846],[-59.349233,57.22901],[-59.398488,57.277655],[-59.43517,57.33808],[-59.441274,57.342841],[-59.448476,57.344245],[-59.456044,57.342353],[-59.481557,57.331549],[-59.491322,57.330939],[-59.501881,57.334174],[-59.513295,57.342841],[-59.516957,57.34748],[-59.533742,57.386115],[-59.596669,57.472968],[-59.725453,57.577704],[-59.729298,57.58277],[-59.733083,57.60224],[-59.730336,57.620246],[-59.72289,57.636542],[-59.712697,57.65058],[-59.681264,57.678778],[-59.699086,57.690375],[-59.714284,57.695136],[-59.727834,57.69477],[-59.767201,57.681037],[-59.782826,57.678046],[-59.801259,57.678778],[-59.81725,57.682746],[-59.90685,57.724311],[-59.921254,57.726752],[-60.255422,57.703681],[-60.547292,57.729987],[-60.569325,57.726752],[-60.603627,57.71247],[-60.629994,57.693427],[-60.697377,57.607062],[-60.715016,57.591864],[-60.737294,57.58277],[-60.779591,57.57392],[-60.799611,57.572943],[-60.809499,57.574591],[-60.833241,57.58277],[-60.843373,57.588752],[-60.851125,57.59632],[-60.878774,57.635321],[-60.890126,57.645392],[-60.928334,57.665045],[-61.080678,57.71662],[-61.097279,57.726752],[-61.104787,57.73371],[-61.145253,57.798774],[-61.217397,57.87818],[-61.241322,57.91883],[-61.265248,57.99079],[-61.275502,57.998236],[-61.286488,58.002265],[-61.335194,58.005805],[-61.348134,58.008795],[-61.361318,58.014838],[-61.367665,58.020575],[-61.402943,58.082038],[-61.409291,58.086798],[-61.428639,58.092231],[-61.521047,58.092353],[-61.573903,58.099982],[-61.601247,58.110785],[-61.608449,58.116339],[-61.642629,58.176947],[-61.649281,58.182807],[-61.662465,58.188788],[-61.675404,58.191779],[-61.724049,58.195197],[-61.735036,58.199286],[-61.74529,58.206855],[-61.782887,58.247504],[-61.804799,58.280158],[-61.81432,58.305487],[-61.814931,58.324347],[-61.809865,58.337531],[-61.802297,58.345832],[-61.795705,58.349982],[-61.752797,58.360053],[-61.39214,58.274939],[-61.031484,58.189826],[-60.641286,58.23078],[-60.433156,58.309882],[-60.329274,58.326789],[-60.25536,58.312751],[-60.200551,58.310858],[-60.177724,58.315863],[-60.161305,58.326789],[-60.185292,58.542792],[-60.19872,58.572455],[-60.217397,58.600959],[-60.497304,58.854804],[-60.506337,58.867987],[-60.542165,58.946479],[-60.553944,58.961371],[-60.569325,58.974799],[-60.584889,58.983527],[-60.737294,59.022773],[-60.851979,59.096381],[-60.953297,59.214789],[-60.985951,59.24317],[-61.036305,59.270575],[-61.044057,59.277533],[-61.049245,59.286811],[-61.047963,59.302741],[-61.002248,59.36286],[-60.989308,59.387641],[-60.985585,59.415107],[-60.995961,59.44538],[-61.025258,59.478827],[-61.082448,59.510077],[-61.093373,59.52204],[-61.100453,59.539557],[-61.102162,59.564521],[-61.097279,59.598822],[-61.095387,59.602729],[-61.073415,59.63581],[-61.07195,59.641913],[-61.073293,59.646796],[-61.080129,59.653327],[-61.088612,59.657172],[-61.128407,59.662543],[-61.137502,59.665473],[-61.145253,59.670783],[-61.150319,59.677008],[-61.153249,59.683173],[-61.15685,59.701117],[-61.158925,59.707038],[-61.162831,59.712897],[-61.189992,59.733222],[-61.376088,59.819525],[-61.465993,59.833441],[-61.498525,59.847602],[-61.607045,59.925482],[-61.648244,59.943244],[-61.777394,59.974372],[-61.793263,59.982795],[-61.816457,60.001532],[-61.921071,60.138556],[-61.937245,60.150824],[-62.16863,60.222174],[-62.177297,60.222846],[-62.181447,60.221259],[-62.213918,60.201117],[-62.224965,60.197455],[-62.236806,60.196418],[-62.249257,60.198798],[-62.272633,60.209235],[-62.377858,60.289252],[-62.3933,60.294806],[-62.585256,60.318793],[-62.600331,60.31568],[-62.690846,60.271979],[-62.705251,60.270819],[-62.72527,60.274482],[-62.744923,60.281989],[-62.826527,60.327094],[-62.87328,60.34278],[-62.890736,60.344062],[-63.04131,60.318793],[-63.509694,60.37464],[-63.549245,60.366095],[-63.569264,60.34278],[-63.566213,60.338813],[-63.55193,60.304084],[-63.541127,60.253363],[-63.54247,60.229377],[-63.551076,60.210211],[-63.569264,60.198798],[-63.611562,60.193915],[-63.650136,60.202277],[-63.686818,60.220893],[-63.850819,60.340155],[-63.925649,60.373481],[-64.033376,60.38526],[-64.049306,60.390815],[-64.077748,60.406012],[-64.202626,60.504828],[-64.217275,60.51081],[-64.225331,60.51026],[-64.233937,60.505988],[-64.280263,60.466681],[-64.289235,60.462775],[-64.339589,60.46131],[-64.416554,60.471503],[-64.489858,60.495307],[-64.515736,60.512885],[-64.529286,60.534796],[-64.530507,60.55622],[-64.524648,60.577216],[-64.513844,60.597235],[-64.500111,60.615424],[-64.457265,60.654792],[-64.436574,60.660346],[-64.333791,60.653266],[-64.312672,60.655219],[-64.297231,60.66297],[-64.289235,60.678778],[-64.291798,60.708014],[-64.308339,60.733649],[-64.336293,60.755439],[-64.372975,60.773139],[-64.461659,60.795478],[-64.553273,60.798835],[-64.937245,60.678778],[-64.95287,60.652411],[-64.954701,60.647834],[-64.952931,60.645514],[-64.939198,60.637152],[-64.927602,60.626044],[-64.913258,60.606757],[-64.915883,60.611396],[-64.869679,60.537177],[-64.864247,60.521125],[-64.865285,60.51081],[-64.869862,60.507392],[-65.107655,60.438971],[-65.129262,60.438788],[-65.159108,60.446845],[-65.18578,60.461554],[-65.345265,60.606757],[-65.608754,60.728461],[-65.76476,60.766181],[-66.137257,60.798835],[-66.245229,60.776435],[-66.281239,60.774787],[-66.477712,60.836859],[-66.545277,60.846808],[-66.576711,60.844062],[-66.754506,60.780219],[-67.221486,60.779242],[-67.688466,60.778266],[-67.801015,60.820624],[-67.81725,60.822821],[-68.186269,60.783271],[-68.321278,60.798835],[-68.361745,60.812995],[-68.59258,60.953253],[-68.633229,60.966803],[-68.683949,60.975531],[-68.951222,60.979682],[-69.065236,61.014838],[-69.093984,61.034064],[-69.214833,61.168463],[-69.245229,61.190497],[-69.281239,61.206794],[-69.293324,61.209052],[-69.303395,61.208014],[-69.312123,61.204535],[-69.335194,61.188544],[-69.343617,61.184577],[-69.353261,61.182807],[-69.364003,61.183539],[-69.372792,61.186042],[-69.379933,61.189887],[-69.397878,61.205573],[-69.401235,61.206794],[-69.557118,61.20307],[-69.569264,61.206794],[-69.582692,61.216742],[-69.592458,61.230414],[-69.628224,61.329779],[-69.641225,61.350775],[-69.732777,61.444648],[-69.868642,61.544318],[-69.877492,61.55506],[-69.881276,61.566779],[-69.880544,61.585944],[-69.87621,61.603583],[-69.868825,61.61994],[-69.859059,61.635077],[-69.809255,61.686774],[-69.689198,61.758795],[-69.641225,61.854804],[-69.584584,61.919989],[-69.578847,61.933173],[-69.577809,61.949286],[-69.582448,61.970404],[-69.593251,61.998786],[-69.605214,62.010199],[-69.616872,62.025092],[-69.620351,62.033026],[-69.6209,62.040473],[-69.617238,62.046759],[-69.593434,62.061164],[-69.555898,62.076117],[-69.473256,62.094794],[-69.458974,62.09394],[-69.377431,62.068976],[-69.35497,62.067878],[-69.329274,62.070807],[-69.29955,62.078986],[-69.290822,62.083686],[-69.257253,62.118781],[-69.252919,62.120612],[-69.247121,62.120795],[-69.218922,62.1164],[-69.213307,62.116706],[-69.209279,62.118781],[-69.208119,62.121833],[-69.210439,62.16175],[-69.209584,62.165168],[-68.993276,62.166815],[-68.87328,62.142768],[-68.832753,62.146064],[-68.806386,62.153998],[-68.790212,62.164618],[-68.773427,62.186408],[-68.765065,62.193549],[-68.751637,62.195746],[-68.729237,62.190741],[-68.716481,62.182746],[-68.653737,62.09394],[-68.633962,62.079596],[-68.609242,62.070807],[-68.329335,62.072821],[-68.296376,62.060309],[-68.297841,62.036628],[-68.345265,61.998786],[-68.358022,61.993781],[-68.398915,61.991523],[-68.409718,61.988959],[-68.417104,61.98255],[-68.420033,61.970404],[-68.417287,61.950812],[-68.412282,61.940619],[-68.40331,61.932318],[-68.390736,61.925971],[-68.375356,61.921576],[-68.338429,61.91944],[-68.297292,61.926825],[-68.287099,61.931586],[-68.279836,61.9383],[-68.262868,61.961982],[-68.254384,61.968512],[-68.242299,61.973029],[-68.22527,61.974799],[-68.203969,61.972724],[-68.091298,61.927924],[-68.081288,61.926825],[-68.05486,61.933783],[-68.036061,61.944403],[-67.984914,62.0008],[-67.965077,62.01319],[-67.937245,62.022773],[-67.914418,62.024176],[-67.67162,61.977362],[-67.606313,61.976142],[-67.496205,62.000006],[-67.481252,61.998786],[-67.474172,61.995063],[-67.419545,61.933112],[-67.409291,61.926825],[-67.359731,61.913031],[-67.254323,61.899359],[-67.193227,61.878791],[-67.184804,61.873786],[-67.143056,61.838141],[-67.132802,61.833319],[-67.121266,61.830817],[-66.877675,61.877997],[-66.728932,61.885565],[-66.673756,61.868415],[-66.641286,61.830817],[-66.64037,61.79914],[-66.662587,61.778693],[-66.702016,61.767035],[-66.953236,61.758795],[-66.96996,61.753791],[-67.102406,61.689643],[-67.121266,61.686774],[-67.163625,61.706427],[-67.179799,61.709784],[-67.195241,61.708808],[-67.208241,61.701789],[-67.217275,61.686774],[-67.2188,61.669013],[-67.213735,61.647834],[-67.202992,61.624823],[-67.187489,61.601752],[-67.168263,61.580268],[-67.146169,61.562201],[-67.122182,61.54914],[-67.097218,61.542792],[-67.066518,61.546637],[-67.039052,61.560553],[-66.9912,61.596381],[-66.969411,61.607062],[-66.948293,61.605414],[-66.927113,61.585883],[-66.879994,61.49494],[-66.847768,61.460517],[-66.808034,61.436652],[-66.400482,61.349514],[-65.99293,61.262376],[-65.585378,61.175238],[-65.551564,61.174079],[-65.517445,61.18476],[-65.481252,61.210517],[-65.441274,61.254767],[-65.369252,61.422797],[-65.349049,61.419196],[-65.11443,61.266425],[-65.081227,61.254767],[-64.927785,61.263312],[-64.677358,61.312995],[-64.649281,61.326789],[-64.62682,61.349677],[-64.549489,61.498236],[-64.529286,61.518805],[-64.49944,61.537116],[-64.382008,61.564582],[-64.360463,61.578131],[-64.345082,61.60163],[-64.33727,61.6388],[-64.339772,61.669379],[-64.351369,61.697882],[-64.370534,61.723944],[-64.395802,61.747138],[-64.458974,61.784247],[-64.529286,61.80683],[-64.543202,61.808295],[-64.636159,61.803046],[-64.649281,61.80683],[-64.653127,61.810126],[-64.656422,61.815741],[-64.670155,61.851752],[-64.673268,61.854804],[-64.889272,61.974799],[-65.177937,61.997473],[-65.466603,62.020148],[-65.537282,62.046759],[-65.542165,62.050421],[-65.581288,62.092292],[-65.585256,62.094794],[-65.592763,62.095893],[-65.642262,62.091315],[-65.650685,62.092108],[-65.657277,62.094794],[-65.686208,62.118659],[-65.862904,62.314032],[-65.897267,62.334784],[-65.925649,62.344489],[-66.13152,62.370002],[-66.161244,62.382819],[-66.171559,62.38996],[-66.223073,62.447394],[-66.233266,62.45484],[-66.468037,62.572608],[-66.702809,62.690375],[-66.708119,62.695136],[-66.749196,62.711676],[-66.755971,62.71247],[-67.168507,62.908454],[-67.581044,63.104438],[-67.589162,63.116889],[-67.59319,63.120734],[-67.597951,63.123725],[-67.62444,63.131781],[-67.633351,63.132941],[-67.641286,63.132758],[-67.6704,63.152106],[-67.691823,63.173712],[-67.698537,63.185309],[-67.702016,63.197333],[-67.701711,63.209906],[-67.697255,63.222846],[-67.691151,63.230109],[-67.681142,63.236762],[-67.652089,63.246894],[-67.61559,63.250983],[-67.57726,63.246833],[-67.562489,63.240668],[-67.361989,63.094062],[-67.172719,62.99964],[-67.138783,62.991278],[-67.121266,62.982733],[-67.077138,62.937323],[-67.073232,62.93476],[-67.035024,62.930609],[-66.905263,62.93476],[-66.761281,62.886786],[-66.593251,62.862799],[-66.401235,62.766791],[-66.017262,62.670783],[-66.010915,62.666754],[-65.969228,62.622809],[-65.537251,62.418799],[-65.105275,62.214789],[-65.086537,62.213629],[-65.070729,62.217536],[-65.056935,62.225043],[-65.018239,62.25373],[-65.003102,62.26026],[-64.98528,62.262763],[-64.961842,62.259467],[-64.769276,62.166815],[-64.453603,62.11695],[-64.241261,62.118781],[-64.060292,62.173957],[-63.983937,62.182502],[-63.953297,62.190741],[-63.936635,62.20069],[-63.785268,62.334784],[-63.775746,62.338568],[-63.697255,62.349311],[-63.665273,62.358832],[-63.473256,62.478766],[-63.403066,62.554938],[-63.377248,62.574774],[-63.359975,62.58161],[-63.230336,62.592475],[-63.209279,62.598822],[-63.200917,62.603705],[-63.159779,62.643561],[-63.130849,62.663642],[-62.846242,62.727362],[-62.825307,62.742804],[-62.815114,62.757086],[-62.811452,62.770514],[-62.81255,62.784064],[-62.825917,62.834967],[-62.827748,62.858466],[-62.825307,62.886786],[-62.813832,62.921393],[-62.782216,62.980231],[-62.778066,62.993659],[-62.777272,63.006781],[-62.800588,63.114142],[-62.849233,63.222846],[-62.862538,63.23786],[-62.962392,63.304511],[-62.979787,63.321967],[-62.993276,63.34278],[-63.002797,63.371405],[-63.00475,63.398139],[-62.997975,63.469611],[-63.002431,63.491584],[-63.015797,63.513251],[-63.04131,63.534796],[-63.089284,63.558783],[-63.11144,63.58216],[-63.161244,63.654792],[-63.316457,63.787848],[-63.35735,63.803412],[-63.406728,63.810736],[-63.468068,63.809394],[-63.569508,63.79206],[-63.64037,63.75141],[-63.655751,63.745673],[-63.671742,63.74494],[-63.689259,63.7508],[-63.697926,63.759406],[-63.75005,63.861212],[-63.763478,63.919745],[-63.761281,63.942816],[-63.752919,63.96894],[-63.749928,63.974677],[-63.746693,63.977484],[-63.674794,64.003669],[-63.665883,64.009284],[-63.660268,64.016669],[-63.659535,64.026313],[-63.665273,64.038825],[-63.687306,64.0586],[-63.714589,64.064948],[-63.846608,64.042365],[-63.877797,64.046332],[-63.905263,64.062812],[-63.938588,64.1164],[-63.947743,64.179267],[-63.933156,64.364447],[-63.948903,64.405707],[-63.992116,64.427069],[-64.217824,64.40412],[-64.350697,64.427253],[-64.442616,64.467719],[-64.491506,64.4737],[-64.656056,64.466925],[-64.673268,64.470771],[-64.702992,64.486335],[-64.862782,64.645758],[-64.889272,64.662787],[-64.902211,64.66651],[-65.014394,64.659613],[-65.033254,64.662787],[-65.321278,64.830817],[-65.717397,64.915869],[-66.113515,65.000922],[-66.243825,65.061713],[-66.272267,65.066535],[-66.280995,65.070868],[-66.305226,65.094794],[-66.336415,65.139533],[-66.347585,65.164618],[-66.353261,65.190802],[-66.349721,65.217963],[-66.335378,65.235297],[-66.313649,65.245795],[-66.236867,65.269477],[-66.218556,65.285407],[-66.209279,65.310797],[-66.219716,65.342597],[-66.253957,65.371649],[-66.480885,65.491278],[-66.523305,65.529731],[-66.545277,65.574774],[-66.545522,65.599128],[-66.539174,65.62519],[-66.495717,65.7284],[-66.492482,65.749457],[-66.497304,65.766791],[-66.516286,65.791999],[-66.524342,65.797065],[-66.699574,65.829291],[-66.706593,65.835395],[-66.71111,65.846076],[-66.713246,65.862738],[-66.706899,65.888922],[-66.686757,65.907538],[-66.656361,65.919867],[-66.382558,65.93244],[-66.377248,65.93476],[-66.367726,65.96247],[-66.374623,65.989325],[-66.392445,66.014838],[-66.455312,66.077765],[-66.460805,66.092353],[-66.449269,66.10279],[-66.405568,66.108893],[-66.360097,66.098029],[-66.313527,66.07392],[-66.089223,65.886786],[-65.969228,65.814765],[-65.952565,65.795844],[-65.868459,65.663214],[-65.849294,65.646796],[-65.840932,65.643073],[-65.745473,65.628302],[-65.479176,65.482978],[-65.46526,65.478827],[-65.4287,65.476142],[-65.306142,65.494757],[-65.280141,65.490546],[-65.249257,65.478827],[-65.221669,65.461432],[-65.154286,65.397101],[-65.129262,65.358771],[-65.110707,65.247199],[-65.105275,65.238776],[-65.084828,65.227607],[-65.061452,65.222113],[-64.91924,65.22132],[-64.889272,65.214789],[-64.875356,65.208441],[-64.769276,65.118842],[-64.757314,65.113349],[-64.745473,65.109931],[-64.697926,65.103278],[-64.673268,65.094794],[-64.668568,65.091315],[-64.629018,65.049201],[-64.625295,65.04682],[-64.602712,65.042792],[-64.494496,65.050605],[-64.481252,65.04682],[-64.440602,65.024359],[-64.41039,65.001227],[-64.328725,64.912787],[-64.301625,64.894477],[-64.265248,64.878791],[-63.786275,64.830176],[-63.307301,64.781562],[-63.2813,64.782782],[-63.25182,64.791999],[-63.071523,64.915473],[-63.04131,64.926764],[-63.02245,64.929389],[-63.004262,64.928412],[-62.915822,64.904608],[-62.86321,64.902655],[-62.587819,64.933539],[-62.375111,65.064093],[-62.369252,65.070746],[-62.365346,65.079779],[-62.354421,65.149359],[-62.350636,65.15998],[-62.345265,65.166815],[-62.333547,65.172858],[-62.240163,65.185797],[-62.108022,65.2461],[-62.030019,65.266669],[-62.013417,65.276374],[-61.998402,65.290656],[-61.98528,65.310797],[-61.961293,65.430793],[-61.987721,65.483405],[-61.991139,65.498603],[-61.990773,65.513434],[-61.98528,65.526801],[-61.969472,65.542853],[-61.946401,65.557868],[-61.74529,65.646796],[-61.739125,65.651252],[-61.701344,65.692023],[-61.697255,65.69477],[-61.689809,65.696357],[-61.640248,65.691169],[-61.631825,65.691962],[-61.625234,65.69477],[-61.614308,65.704901],[-61.563832,65.782477],[-61.553273,65.790778],[-61.53954,65.797003],[-61.44872,65.809027],[-61.433278,65.814765],[-61.160756,66.008124],[-61.114308,66.067511],[-61.097279,66.10279],[-61.088918,66.129157],[-61.084218,66.177436],[-61.096364,66.347235],[-61.072987,66.472724],[-61.073293,66.486762],[-61.152974,66.731818],[-61.232655,66.976874],[-61.348012,67.110053],[-61.471791,67.34925],[-61.537404,67.420356],[-61.57726,67.446784],[-61.592641,67.453315],[-61.736684,67.475653],[-61.829396,67.516059],[-62.18047,67.531134],[-62.238759,67.548285],[-62.308278,67.587592],[-62.321278,67.590766],[-62.464467,67.58454],[-62.513234,67.590766],[-62.630971,67.675788],[-62.685109,67.694342],[-62.835133,67.706794],[-62.849233,67.710822],[-62.87914,67.728339],[-63.019643,67.857367],[-63.043568,67.87287],[-63.065297,67.878791],[-63.081349,67.8758],[-63.11974,67.854438],[-63.327504,67.685492],[-63.363454,67.641486],[-63.377248,67.614814],[-63.382924,67.592292],[-63.380727,67.460028],[-63.387563,67.43891],[-63.401296,67.422797],[-63.441335,67.402472],[-63.487965,67.393744],[-63.538075,67.395087],[-63.588551,67.405402],[-63.636281,67.423285],[-63.678151,67.447333],[-63.711171,67.476325],[-63.732167,67.508918],[-63.728932,67.514838],[-63.728322,67.517035],[-63.727834,67.524726],[-63.728383,67.52851],[-63.730763,67.535773],[-63.734975,67.542121],[-63.743276,67.549811],[-63.742299,67.594306],[-63.729298,67.629645],[-63.707448,67.658271],[-63.590688,67.752509],[-63.569264,67.782782],[-63.544728,67.893561],[-63.545277,67.902777],[-63.554738,67.91828],[-63.571889,67.932196],[-63.860463,68.051154],[-64.149037,68.170111],[-64.397817,68.23255],[-64.409291,68.238776],[-64.435902,68.268439],[-64.44756,68.298346],[-64.446706,68.388861],[-64.452382,68.419013],[-64.470143,68.449042],[-64.505238,68.478827],[-64.524892,68.487311],[-64.74529,68.502814],[-64.8532,68.546393],[-64.89391,68.573493],[-64.90685,68.586615],[-64.913258,68.598761],[-64.911733,68.607245],[-64.89391,68.635077],[-64.864186,68.66706],[-64.831654,68.690314],[-64.81725,68.69477],[-64.801686,68.693183],[-64.785878,68.686713],[-64.724355,68.648261],[-64.710378,68.644538],[-64.697255,68.646796],[-64.686818,68.653754],[-64.681813,68.661628],[-64.681203,68.669745],[-64.683461,68.67768],[-64.687489,68.684638],[-64.695668,68.693793],[-64.697255,68.69477],[-64.688466,68.721991],[-64.684621,68.726996],[-64.680409,68.728827],[-64.668813,68.730597],[-64.660268,68.73432],[-64.623586,68.762336],[-64.600331,68.774054],[-64.548207,68.786566],[-64.53777,68.791083],[-64.531361,68.799628],[-64.529286,68.814765],[-64.540456,68.862433],[-64.570241,68.894721],[-64.614552,68.913398],[-64.669362,68.920111],[-64.730763,68.916693],[-64.856679,68.886359],[-64.938771,68.848334],[-65.062428,68.751166],[-65.081227,68.742743],[-65.105092,68.737738],[-65.128957,68.736762],[-65.233937,68.747443],[-65.297231,68.742743],[-65.337026,68.732245],[-65.364797,68.718146],[-65.417287,68.670783],[-65.443959,68.656195],[-65.661244,68.622138],[-65.690663,68.603705],[-65.705312,68.574774],[-65.703603,68.574469],[-65.681264,68.478827],[-65.672292,68.475898],[-65.603261,68.476874],[-65.589955,68.473822],[-65.583119,68.466864],[-65.585256,68.454779],[-65.600881,68.420783],[-65.605885,68.41474],[-65.612782,68.410712],[-65.622853,68.408271],[-65.657277,68.406806],[-65.6657,68.408515],[-65.710256,68.430426],[-65.723805,68.433966],[-65.738149,68.434516],[-65.753285,68.430793],[-65.76946,68.41828],[-65.868337,68.272284],[-65.893544,68.250312],[-65.921254,68.238776],[-65.935964,68.238837],[-65.951344,68.243598],[-66.043202,68.300177],[-66.088673,68.319159],[-66.219106,68.350898],[-66.233266,68.358771],[-66.249318,68.373603],[-66.261098,68.39057],[-66.2954,68.486029],[-66.305226,68.502814],[-66.312123,68.510077],[-66.370168,68.54383],[-66.377248,68.550788],[-66.402455,68.620551],[-66.401235,68.622809],[-66.424123,68.628119],[-66.444386,68.624274],[-66.462636,68.613837],[-66.527821,68.556342],[-66.545277,68.550788],[-66.591176,68.548774],[-66.613515,68.552924],[-66.619679,68.561713],[-66.612965,68.587104],[-66.614674,68.600836],[-66.629689,68.613227],[-66.665273,68.622809],[-66.681081,68.623236],[-66.774342,68.597846],[-66.785268,68.598761],[-66.809132,68.607856],[-66.950978,68.687934],[-66.977223,68.69477],[-67.178822,68.700507],[-67.208241,68.711737],[-67.229604,68.732917],[-67.241261,68.766791],[-67.241139,68.780341],[-67.237538,68.792548],[-67.219228,68.825873],[-67.214955,68.837226],[-67.213857,68.849372],[-67.217275,68.862738],[-67.223134,68.869391],[-67.282521,68.895514],[-67.288808,68.90235],[-67.289296,68.910773],[-67.279042,68.939337],[-67.270192,68.955878],[-67.261342,68.963568],[-67.251088,68.965766],[-67.221059,68.966132],[-67.198598,68.970771],[-67.16924,68.982733],[-67.15276,68.992438],[-67.084096,69.050544],[-67.073232,69.054755],[-67.059682,69.055976],[-66.92925,69.030768],[-66.903615,69.033332],[-66.759267,69.076545],[-66.574208,69.068671],[-66.316396,69.014411],[-66.058583,68.96015],[-65.983449,68.959052],[-65.913381,68.973212],[-65.849294,69.006781],[-65.84258,69.012885],[-65.810597,69.052008],[-65.78954,69.071357],[-65.777272,69.078803],[-65.751454,69.087592],[-65.639882,69.100165],[-65.616689,69.109259],[-65.598012,69.125373],[-65.585256,69.150763],[-65.58434,69.157782],[-65.588796,69.208686],[-65.58788,69.216925],[-65.585256,69.222785],[-65.566274,69.238837],[-65.542409,69.249579],[-65.441701,69.27265],[-65.425588,69.28144],[-65.417287,69.294806],[-65.417104,69.308478],[-65.421437,69.324897],[-65.493947,69.447699],[-65.503407,69.495551],[-65.507253,69.50373],[-65.513234,69.51081],[-65.519032,69.513678],[-65.57549,69.526984],[-65.582692,69.530524],[-65.585256,69.534796],[-65.581899,69.557929],[-65.574757,69.57215],[-65.564504,69.579901],[-65.521535,69.588813],[-65.505238,69.594916],[-65.489247,69.606757],[-65.462819,69.640937],[-65.45403,69.660041],[-65.44933,69.679694],[-65.449696,69.699225],[-65.4558,69.717963],[-65.468739,69.735419],[-65.489247,69.7508],[-65.48943,69.752326],[-65.492665,69.762702],[-65.499257,69.774665],[-65.503468,69.778266],[-65.508168,69.778693],[-65.536977,69.751288],[-65.556142,69.744635],[-65.572316,69.750922],[-65.634877,69.831427],[-65.657277,69.846808],[-65.691518,69.863349],[-65.699696,69.869452],[-65.704457,69.876349],[-65.744069,69.970038],[-65.771718,70.009955],[-65.777272,70.014777],[-65.812489,70.026557],[-66.017323,70.040412],[-66.057973,70.056769],[-66.083669,70.086798],[-66.089223,70.134772],[-66.081349,70.137885],[-65.967885,70.118293],[-65.937001,70.121283],[-65.912221,70.133734],[-65.897267,70.158759],[-65.896779,70.190558],[-65.913136,70.212043],[-65.942433,70.225531],[-66.137257,70.254767],[-66.146169,70.260077],[-66.196889,70.317939],[-66.209279,70.326789],[-66.641255,70.482795],[-67.073232,70.6388],[-67.394826,70.636908],[-67.43163,70.645758],[-67.457265,70.662787],[-67.473561,70.689765],[-67.467091,70.705512],[-67.443898,70.713446],[-67.334584,70.725531],[-67.305165,70.737311],[-67.289296,70.758734],[-67.286488,70.777838],[-67.289418,70.790045],[-67.296864,70.796881],[-67.307607,70.799933],[-67.3485,70.80268],[-67.361256,70.806769],[-67.365834,70.810187],[-67.405751,70.852484],[-67.409291,70.854804],[-67.42693,70.856696],[-67.445546,70.854987],[-67.529408,70.833869],[-67.57726,70.830756],[-67.585683,70.83277],[-67.697255,70.878791],[-67.841237,70.902777],[-67.850148,70.91767],[-67.852345,70.936835],[-67.843922,71.003058],[-67.844411,71.022345],[-67.850697,71.037482],[-67.865224,71.046759],[-67.896718,71.051276],[-67.928456,71.047736],[-68.105214,70.974799],[-68.513295,70.950751],[-68.694569,70.892401],[-68.800038,70.874579],[-68.842641,70.88111],[-68.87328,70.902777],[-68.877553,70.917975],[-68.869923,70.933844],[-68.853627,70.950019],[-68.765126,71.010443],[-68.753224,71.022773],[-68.749196,71.032904],[-68.743214,71.119757],[-68.729237,71.166754],[-68.712575,71.195868],[-68.694264,71.215888],[-68.648671,71.246405],[-68.642934,71.255316],[-68.645192,71.26789],[-68.657277,71.28675],[-68.68047,71.305732],[-68.706532,71.310309],[-68.733754,71.304145],[-68.760365,71.290717],[-68.825246,71.238837],[-69.049428,71.211737],[-69.065236,71.214789],[-69.074818,71.224005],[-69.080678,71.241156],[-69.093739,71.34339],[-69.101308,71.365973],[-69.113271,71.382758],[-69.137502,71.394721],[-69.175526,71.401557],[-69.545216,71.406745],[-69.689198,71.430793],[-69.855397,71.387213],[-70.095265,71.385688],[-70.296864,71.332953],[-70.380544,71.287726],[-70.408986,71.263495],[-70.42693,71.238959],[-70.433278,71.214789],[-70.430898,71.188666],[-70.423634,71.171576],[-70.41161,71.160956],[-70.321278,71.133979],[-70.162221,71.028266],[-70.145253,71.022773],[-69.677266,71.010779],[-69.209279,70.998786],[-69.201711,71.001166],[-69.169423,71.020026],[-69.159779,71.023261],[-69.149159,71.02442],[-69.137257,71.022773],[-69.128713,71.01911],[-69.099782,71.000556],[-69.070424,70.97248],[-69.061147,70.956977],[-69.058705,70.941413],[-69.065236,70.926764],[-69.105031,70.90351],[-69.171803,70.889777],[-69.525594,70.901831],[-69.879384,70.913886],[-70.254384,70.835456],[-70.629384,70.757025],[-70.634938,70.753913],[-70.639577,70.749701],[-70.6433,70.744513],[-70.652638,70.740729],[-70.697987,70.7331],[-70.731984,70.720954],[-70.733632,70.722113],[-70.737721,70.726935],[-70.728627,70.733039],[-70.723744,70.738959],[-70.720509,70.746039],[-70.71819,70.787543],[-70.70287,70.80976],[-70.69872,70.813117],[-70.534474,70.869208],[-70.526479,70.873358],[-70.49944,70.893744],[-70.496083,70.898017],[-70.493581,70.902838],[-70.491994,70.908149],[-70.445546,70.932013],[-70.423451,70.948493],[-70.415944,70.956977],[-70.411061,70.965705],[-70.40923,70.974799],[-70.411,70.999701],[-70.417775,71.017035],[-70.429494,71.028754],[-70.601369,71.091132],[-70.625783,71.105658],[-70.706838,71.132697],[-70.785451,71.144049],[-70.866322,71.138251],[-71.020192,71.096808],[-71.045644,71.099128],[-71.057851,71.103278],[-71.069753,71.109687],[-71.081227,71.118781],[-71.086171,71.128607],[-71.103078,71.239814],[-71.105275,71.238837],[-71.097768,71.246344],[-70.820058,71.378119],[-70.542348,71.509894],[-70.509999,71.538398],[-70.505849,71.545233],[-70.505238,71.550788],[-70.528127,71.583258],[-70.566884,71.600836],[-70.618459,71.606757],[-70.974294,71.57569],[-70.98467,71.578315],[-71.014394,71.594611],[-71.022817,71.59748],[-71.033254,71.598761],[-71.169911,71.588996],[-71.22527,71.598761],[-71.235463,71.605536],[-71.345265,71.718756],[-71.363759,71.724616],[-71.696645,71.763678],[-71.705251,71.766791],[-71.721059,71.782965],[-71.7282,71.801764],[-71.735585,71.863227],[-71.745961,71.881964],[-71.766591,71.898139],[-71.801259,71.910773],[-71.81078,71.911689],[-72.161305,71.857001],[-72.51183,71.802314],[-72.862355,71.747626],[-72.989674,71.69654],[-73.00121,71.69477],[-73.023061,71.697333],[-73.264516,71.762519],[-73.32964,71.765937],[-73.421498,71.742621],[-73.433217,71.742743],[-73.601247,71.814765],[-73.829396,71.83393],[-74.081227,71.814765],[-74.081899,71.813727],[-74.084462,71.807074],[-74.089589,71.798285],[-74.093617,71.794501],[-74.098744,71.791815],[-74.105214,71.790778],[-74.136647,71.797248],[-74.14684,71.814521],[-74.140248,71.83924],[-74.121205,71.868109],[-74.094228,71.897773],[-74.033803,71.946479],[-74.009206,71.958747],[-73.601247,71.982733],[-73.407216,71.913947],[-73.385243,71.910773],[-73.030446,72.025092],[-73.008595,72.039069],[-73.002431,72.046759],[-73.00121,72.054755],[-73.009755,72.081732],[-73.020863,72.094794],[-73.035939,72.098029],[-73.118214,72.087348],[-73.162404,72.090216],[-73.217214,72.10279],[-73.254628,72.118781],[-73.529286,72.34278],[-73.721242,72.438788],[-73.729176,72.441046],[-73.738026,72.441352],[-73.785329,72.436469],[-73.793202,72.438788],[-73.878713,72.528937],[-73.889211,72.534796],[-73.905446,72.536505],[-73.920949,72.534003],[-73.979665,72.510504],[-73.994313,72.508429],[-74.009206,72.510749],[-74.305165,72.643256],[-74.476674,72.662421],[-74.598805,72.658515],[-74.609242,72.654731],[-74.620168,72.632636],[-74.613271,72.609687],[-74.593434,72.586859],[-74.440297,72.498969],[-74.335439,72.464911],[-74.316151,72.452765],[-74.302785,72.436591],[-74.297231,72.41474],[-74.301076,72.396674],[-74.313649,72.375922],[-74.360524,72.331671],[-74.429799,72.292914],[-74.513234,72.270758],[-74.849233,72.34278],[-74.857594,72.353034],[-74.861318,72.36817],[-74.861073,72.450385],[-74.864797,72.469977],[-74.873219,72.486762],[-74.87682,72.485785],[-75.113271,72.58277],[-75.501332,72.616568],[-75.889394,72.650367],[-76.277455,72.684165],[-76.665517,72.717963],[-76.674245,72.722968],[-76.773854,72.757636],[-76.832143,72.765815],[-76.837575,72.769355],[-76.840016,72.771552],[-76.84081,72.77265],[-76.841176,72.773688],[-76.841298,72.774726],[-76.836781,72.791449],[-76.829884,72.8039],[-76.820302,72.803473],[-76.77068,72.811713],[-76.737172,72.811896],[-76.664784,72.796942],[-76.312917,72.787543],[-76.073232,72.822821],[-75.881215,72.894782],[-75.65276,72.934272],[-75.641225,72.942816],[-75.636647,72.974677],[-75.645314,72.995978],[-75.664601,73.009101],[-75.833241,73.038764],[-75.929311,73.086737],[-76.002553,73.101935],[-76.025258,73.110785],[-76.055165,73.131903],[-76.073903,73.151435],[-76.10204,73.203925],[-76.11498,73.220649],[-76.136098,73.237433],[-76.16924,73.254767],[-76.189015,73.260565],[-76.40923,73.278754],[-76.453664,73.297614],[-76.57726,73.374762],[-76.878865,73.449439],[-77.18047,73.524115],[-77.192311,73.533026],[-77.199391,73.536933],[-77.212514,73.540534],[-77.242848,73.541632],[-77.382924,73.574225],[-77.392262,73.578986],[-77.740773,73.644873],[-78.089284,73.710761],[-78.559193,73.720328],[-79.029103,73.729895],[-79.499013,73.739463],[-79.968922,73.74903],[-80.01537,73.762824],[-80.381317,73.769456],[-80.747263,73.776089],[-81.11321,73.782721],[-81.126271,73.762824],[-81.124928,73.745978],[-81.11321,73.732367],[-81.095265,73.721869],[-81.075063,73.714484],[-81.043935,73.70893],[-81.041249,73.710761],[-81.027943,73.695075],[-81.017629,73.67652],[-80.969228,73.518744],[-80.956838,73.493964],[-80.921254,73.446784],[-80.90508,73.410285],[-80.913442,73.405524],[-80.919423,73.399726],[-80.923634,73.392585],[-80.924916,73.388617],[-80.925771,73.380194],[-80.925343,73.375983],[-80.922597,73.368109],[-80.917958,73.361274],[-80.914906,73.358344],[-80.907826,73.353949],[-80.899098,73.350287],[-80.900624,73.345954],[-80.901418,73.341498],[-80.90154,73.336982],[-80.898488,73.320136],[-80.887746,73.302741],[-80.878651,73.295478],[-80.869191,73.290595],[-80.85613,73.286444],[-80.850942,73.279975],[-80.849233,73.278754],[-80.822987,73.269355],[-80.813344,73.261664],[-80.802724,73.256476],[-80.77892,73.25019],[-80.488881,73.227912],[-80.48821,73.215033],[-80.492909,73.204535],[-80.502431,73.196295],[-80.516103,73.19007],[-80.5537,73.183356],[-80.600881,73.183173],[-80.631276,73.197211],[-80.785146,73.222296],[-80.801259,73.23078],[-81.063039,73.26612],[-81.078481,73.27204],[-81.089223,73.278754],[-81.098012,73.293036],[-81.137257,73.494757],[-81.150075,73.519965],[-81.186208,73.567206],[-81.252187,73.632086],[-81.257253,73.638739],[-81.262196,73.670844],[-81.257802,73.69654],[-81.247548,73.716925],[-81.223622,73.746772],[-81.217214,73.758734],[-81.219228,73.770331],[-81.233266,73.782721],[-81.263173,73.791571],[-81.689244,73.788153],[-82.115315,73.784735],[-82.541386,73.781317],[-82.967458,73.777899],[-83.203542,73.716803],[-83.561391,73.696173],[-83.953008,73.610312],[-84.344624,73.524451],[-84.736241,73.43859],[-85.127858,73.352729],[-85.16924,73.326789],[-85.176503,73.31623],[-85.192616,73.266669],[-85.21172,73.254279],[-85.21703,73.248908],[-85.219045,73.245795],[-85.221852,73.238898],[-85.222829,73.231391],[-85.221852,73.223822],[-85.219167,73.216925],[-85.214833,73.210883],[-85.209096,73.206],[-85.204518,73.20307],[-85.212148,73.167792],[-85.243092,73.156256],[-85.248464,73.151862],[-85.264089,73.154608],[-85.342214,73.197943],[-85.362233,73.204169],[-85.385243,73.206732],[-85.516286,73.165595],[-85.545094,73.148139],[-85.565419,73.130805],[-85.572011,73.122138],[-85.629018,72.989508],[-85.637746,72.977668],[-85.64922,72.966742],[-85.659535,72.962165],[-85.673268,72.960639],[-85.757008,72.968329],[-85.769276,72.966742],[-85.7907,72.957099],[-85.81078,72.941901],[-85.882375,72.853095],[-85.889211,72.846747],[-86.048634,72.823615],[-86.079335,72.812628],[-86.09966,72.796637],[-86.105214,72.774726],[-86.095693,72.739508],[-86.079518,72.722968],[-86.056935,72.72016],[-85.9558,72.740912],[-85.912587,72.74018],[-85.865224,72.726752],[-85.855214,72.718207],[-85.721242,72.534796],[-85.557607,72.40119],[-85.549184,72.383368],[-85.553273,72.366767],[-85.582143,72.349799],[-85.633839,72.340277],[-86.009206,72.366767],[-86.029225,72.378241],[-86.152699,72.51673],[-86.177235,72.534796],[-86.191151,72.540717],[-86.321217,72.558783],[-86.53008,72.685981],[-86.582936,72.698432],[-86.592885,72.703803],[-86.601613,72.712958],[-86.609242,72.726752],[-86.61675,72.750678],[-86.618764,72.773749],[-86.61559,72.796027],[-86.607594,72.817633],[-86.594899,72.838507],[-86.577931,72.858771],[-86.53185,72.897528],[-86.457387,72.931342],[-86.412343,72.963141],[-86.277211,73.030646],[-86.084645,73.228339],[-86.013295,73.277838],[-85.730214,73.41474],[-85.65923,73.427802],[-85.648671,73.431891],[-85.641408,73.43653],[-85.553273,73.446784],[-85.244313,73.544867],[-84.935353,73.642951],[-84.931386,73.645575],[-84.617238,73.710761],[-84.565541,73.735724],[-84.532521,73.758918],[-84.522878,73.771125],[-84.52123,73.782721],[-84.531728,73.805243],[-84.547536,73.818793],[-84.568837,73.825446],[-84.761281,73.830756],[-85.00121,73.87873],[-85.418813,73.87873],[-85.836415,73.87873],[-86.254018,73.87873],[-86.67162,73.87873],[-87.089223,73.87873],[-87.473256,73.806769],[-87.831899,73.824408],[-87.953236,73.806769],[-88.121205,73.734809],[-88.4092,73.686774],[-88.697194,73.638739],[-88.889211,73.542792],[-88.903066,73.539618],[-88.917836,73.538825],[-88.979909,73.544562],[-89.009267,73.542792],[-89.154164,73.480963],[-89.550588,73.386542],[-89.947011,73.292121],[-89.969228,73.278754],[-90.000172,73.216803],[-90.000172,73.513983],[-90.000172,73.811164],[-89.995961,73.814399],[-89.969228,73.854804],[-89.966847,73.862677],[-89.96642,73.871405],[-89.97112,73.918708],[-89.969228,73.926764],[-89.964589,73.935675],[-89.959523,73.940558],[-89.954091,73.942633],[-89.935597,73.943427],[-89.928639,73.945624],[-89.921254,73.950751],[-89.913503,73.959723],[-89.900319,73.987738],[-89.894093,73.997016],[-89.884572,74.006049],[-89.870107,74.014655],[-89.849233,74.022773],[-89.831838,74.025824],[-89.758595,74.022101],[-89.744618,74.025092],[-89.734486,74.032782],[-89.729237,74.046759],[-89.736623,74.091742],[-89.768666,74.119452],[-89.817555,74.13349],[-90.000172,74.135016],[-90.000172,74.519904],[-89.977956,74.519599],[-89.969533,74.511298],[-89.954152,74.503485],[-89.924062,74.497809],[-89.696767,74.506354],[-89.601125,74.527289],[-89.596181,74.522589],[-89.590321,74.519171],[-89.583791,74.517096],[-89.41631,74.526374],[-89.407094,74.530829],[-88.909413,74.495612],[-88.760243,74.433722],[-88.745229,74.430732],[-88.733632,74.432318],[-88.625234,74.478766],[-88.551015,74.484687],[-88.547353,74.482062],[-88.530507,74.47425],[-88.520009,74.471381],[-88.133168,74.458625],[-87.746327,74.445868],[-87.709889,74.431891],[-87.700063,74.429999],[-87.642201,74.428656],[-87.534657,74.442633],[-87.530507,74.444159],[-87.330983,74.45185],[-87.258717,74.438239],[-87.044911,74.447943],[-87.019826,74.456183],[-87.0183,74.456977],[-87.014211,74.460395],[-86.993276,74.461005],[-86.949147,74.440558],[-86.940297,74.437934],[-86.597218,74.442206],[-86.591786,74.444037],[-86.586842,74.446845],[-86.58257,74.450507],[-86.578969,74.454901],[-86.576283,74.459845],[-86.574574,74.465338],[-86.574025,74.475043],[-86.522206,74.476874],[-86.441945,74.459906],[-86.375295,74.458075],[-86.305959,74.470038],[-86.268971,74.485541],[-86.153554,74.489325],[-86.15392,74.479987],[-86.153005,74.475409],[-86.151357,74.470954],[-86.146474,74.464057],[-86.143361,74.461188],[-86.13622,74.456916],[-86.128163,74.454779],[-85.863301,74.461798],[-85.598439,74.468817],[-85.520619,74.487433],[-85.491078,74.502692],[-85.391469,74.500067],[-85.391103,74.499457],[-85.390981,74.499091],[-85.390675,74.498542],[-85.390553,74.498175],[-85.379994,74.485846],[-85.368276,74.477729],[-85.343678,74.468207],[-85.333547,74.466193],[-85.138295,74.467719],[-85.11205,74.456],[-85.102162,74.454413],[-85.097218,74.454779],[-85.078359,74.460028],[-85.061574,74.468451],[-85.000966,74.512397],[-84.983754,74.520514],[-84.964284,74.525336],[-84.962941,74.522589],[-84.943471,74.496527],[-84.931264,74.487311],[-84.91808,74.482672],[-84.846974,74.474982],[-84.838429,74.475287],[-84.823964,74.477973],[-84.445383,74.493516],[-84.066803,74.50906],[-83.688222,74.524604],[-83.64684,74.516242],[-83.620351,74.51557],[-83.594594,74.520148],[-83.565602,74.530829],[-83.454457,74.528022],[-83.257069,74.478034],[-83.249257,74.478766],[-83.248891,74.489691],[-83.303395,74.735602],[-83.293752,74.753607],[-83.292531,74.760871],[-83.29308,74.768256],[-83.297963,74.780341],[-83.293385,74.789191],[-83.287038,74.796942],[-83.278798,74.803595],[-83.268727,74.808905],[-83.194936,74.794989],[-83.185536,74.794623],[-83.180287,74.795356],[-83.1704,74.784064],[-83.162221,74.770819],[-83.150319,74.739386],[-83.153066,74.73432],[-83.159047,74.716132],[-83.158559,74.698188],[-83.145436,74.659552],[-83.137929,74.647711],[-83.130238,74.640387],[-83.120717,74.606024],[-83.106679,74.57453],[-83.086171,74.547553],[-83.072865,74.536261],[-83.05724,74.526801],[-83.046315,74.52265],[-82.99651,74.516669],[-82.903615,74.5185],[-82.745412,74.492499],[-82.69988,74.496711],[-82.609181,74.482672],[-82.571462,74.485541],[-82.484853,74.506842],[-82.4829,74.503363],[-82.477773,74.497382],[-82.471242,74.492865],[-82.46349,74.490302],[-82.231618,74.480475],[-82.073354,74.447577],[-81.973134,74.446967],[-81.889027,74.434211],[-81.848134,74.435736],[-81.792409,74.428656],[-81.784169,74.428839],[-81.617726,74.471137],[-81.552297,74.472846],[-81.503835,74.48841],[-81.43456,74.496222],[-81.314931,74.532233],[-80.96526,74.537502],[-80.61559,74.542772],[-80.26592,74.548041],[-80.208241,74.559088],[-80.205006,74.560492],[-80.199147,74.564399],[-80.194447,74.569525],[-80.190907,74.575751],[-80.028737,74.638922],[-79.889699,74.755194],[-79.865224,74.766791],[-79.817616,74.778022],[-79.33727,74.790717],[-79.172047,74.842658],[-79.16924,74.838813],[-79.17101,74.887641],[-79.217885,74.938056],[-79.448232,75.089606],[-79.494618,75.137274],[-79.495656,75.181952],[-79.433278,75.222724],[-79.420216,75.226325],[-79.364919,75.230353],[-79.353322,75.2331],[-79.343922,75.238288],[-79.33727,75.246772],[-79.332814,75.26203],[-79.334828,75.274604],[-79.341481,75.28498],[-79.351125,75.293647],[-79.380788,75.313056],[-79.385243,75.318793],[-79.387074,75.329169],[-79.380544,75.394049],[-79.381581,75.405402],[-79.385243,75.41474],[-79.425771,75.462714],[-79.472463,75.493293],[-79.523854,75.509772],[-79.578481,75.515509],[-79.847951,75.500739],[-79.889272,75.510749],[-79.906545,75.522895],[-79.916615,75.541205],[-79.933278,75.640204],[-79.943593,75.661994],[-79.961232,75.678717],[-79.988637,75.687018],[-80.458547,75.707221],[-80.548512,75.747931],[-80.561269,75.7508],[-80.993276,75.774787],[-81.137257,75.82276],[-81.585256,75.846767],[-82.033254,75.870775],[-82.481252,75.894782],[-82.801015,75.820319],[-82.9782,75.825507],[-82.989613,75.830451],[-82.997182,75.836982],[-83.012929,75.859687],[-83.021047,75.866156],[-83.033254,75.870734],[-83.51772,75.864508],[-84.002187,75.858283],[-84.006093,75.857367],[-84.013417,75.854315],[-84.447316,75.838538],[-84.881215,75.82276],[-85.361256,75.726752],[-85.675588,75.766303],[-85.793202,75.7508],[-85.882619,75.707221],[-85.897633,75.703376],[-85.913258,75.702765],[-85.932912,75.707038],[-85.947255,75.715644],[-85.991567,75.771979],[-86.009145,75.786322],[-86.033254,75.798712],[-86.076894,75.810736],[-86.486338,75.830736],[-86.895782,75.850735],[-87.305226,75.870734],[-87.497243,75.942755],[-87.883656,75.986029],[-88.13036,76.050299],[-88.13976,76.055793],[-88.145253,76.062812],[-88.146962,76.079413],[-88.141408,76.100165],[-88.102162,76.168524],[-88.039296,76.248053],[-88.010365,76.274482],[-87.982839,76.288459],[-87.952931,76.292365],[-87.676747,76.246649],[-87.394887,76.240638],[-87.113026,76.234626],[-86.968251,76.275641],[-86.497365,76.263373],[-86.126881,76.173407],[-85.632161,76.175513],[-85.137441,76.177619],[-84.64272,76.179724],[-84.148,76.18183],[-84.051381,76.158637],[-84.041249,76.158759],[-83.789601,76.275458],[-83.537953,76.392157],[-83.345265,76.374762],[-83.220937,76.381598],[-83.215138,76.383246],[-82.961293,76.398749],[-82.81725,76.350775],[-82.323048,76.369757],[-82.260121,76.351325],[-82.241261,76.350775],[-82.085805,76.400702],[-82.012563,76.396552],[-82.00121,76.398749],[-81.953236,76.446784],[-81.785268,76.398749],[-81.781422,76.395453],[-81.778066,76.389777],[-81.764394,76.353827],[-81.76122,76.350775],[-81.755971,76.349311],[-81.718617,76.352118],[-81.713246,76.350775],[-81.713857,76.350775],[-81.652089,76.325141],[-81.6433,76.323798],[-81.641286,76.326728],[-81.63799,76.299933],[-81.64684,76.277533],[-81.663564,76.258551],[-81.717458,76.212958],[-81.722218,76.198493],[-81.713246,76.182746],[-81.700368,76.172492],[-81.688161,76.166938],[-81.569264,76.158759],[-81.449269,76.110785],[-81.099538,76.112433],[-81.086903,76.102912],[-81.082387,76.100898],[-81.077565,76.099677],[-81.070668,76.09925],[-80.935658,76.116461],[-80.925649,76.119574],[-80.916982,76.124091],[-80.667165,76.134101],[-80.642201,76.139289],[-80.411733,76.139899],[-80.128224,76.096686],[-80.094411,76.100409],[-80.00475,76.125434],[-79.97411,76.124335],[-79.959767,76.109809],[-79.953786,75.96485],[-79.937245,75.918769],[-79.913564,75.881415],[-79.887929,75.85578],[-79.858998,75.839423],[-79.825612,75.829962],[-79.621877,75.813056],[-79.621571,75.810492],[-79.619496,75.806159],[-79.616933,75.802558],[-79.613942,75.799384],[-79.610585,75.796759],[-79.606862,75.794562],[-79.602773,75.792914],[-79.5985,75.791938],[-79.497731,75.790778],[-79.482167,75.786811],[-79.478993,75.78205],[-79.475148,75.777899],[-79.47057,75.774604],[-79.447011,75.766669],[-79.435964,75.76557],[-79.426381,75.766303],[-79.257863,75.689765],[-79.217275,75.678717],[-78.953267,75.702735],[-78.689259,75.726752],[-78.473256,75.702765],[-78.458913,75.704901],[-78.372792,75.741217],[-78.329274,75.7508],[-78.311086,75.750617],[-78.197133,75.726752],[-78.185292,75.726752],[-77.969289,75.798712],[-77.683675,75.808356],[-77.398061,75.818],[-77.32256,75.843085],[-77.306325,75.890509],[-77.369252,75.966742],[-77.376454,75.97193],[-77.382924,75.975043],[-77.405324,75.981024],[-77.411061,75.984687],[-77.436879,76.010932],[-77.451955,76.020697],[-77.464955,76.023017],[-77.516286,76.011115],[-77.545644,76.009955],[-77.585256,76.014716],[-77.591725,76.017951],[-77.650502,76.068549],[-77.681264,76.086737],[-77.701466,76.09339],[-77.815785,76.106879],[-77.825246,76.110785],[-77.832936,76.119696],[-77.871877,76.208258],[-77.883351,76.222235],[-77.897267,76.23078],[-77.919911,76.23432],[-78.063344,76.217475],[-78.081044,76.220771],[-78.089284,76.23078],[-78.088002,76.273749],[-78.06725,76.302191],[-78.031178,76.319281],[-77.777211,76.350775],[-77.71349,76.37873],[-77.658925,76.413459],[-77.62151,76.446845],[-77.611684,76.460517],[-77.609242,76.470771],[-77.629445,76.495368],[-77.670583,76.50849],[-77.803029,76.518317],[-77.811513,76.524909],[-77.782765,76.53974],[-77.624745,76.587897],[-77.413442,76.607245],[-77.3933,76.614753],[-77.364735,76.634345],[-77.344716,76.657172],[-77.303395,76.752631],[-77.291066,76.770331],[-77.273244,76.782782],[-77.184865,76.799628],[-77.04186,76.806159],[-76.906484,76.789069],[-76.861195,76.767401],[-76.841298,76.734809],[-76.845815,76.709845],[-76.864797,76.696234],[-77.004384,76.678656],[-77.035451,76.664496],[-77.05724,76.6388],[-77.059071,76.613776],[-77.048512,76.578315],[-76.941274,76.405158],[-76.889211,76.350775],[-76.824574,76.315558],[-76.784596,76.300605],[-76.776906,76.292914],[-76.77892,76.280707],[-76.841664,76.190009],[-76.841176,76.157355],[-76.82079,76.133429],[-76.785695,76.118537],[-76.741078,76.113166],[-76.692006,76.117804],[-76.643666,76.13288],[-76.601186,76.158759],[-76.594472,76.166815],[-76.57787,76.210578],[-76.572255,76.220038],[-76.56432,76.226996],[-76.553212,76.23078],[-76.531361,76.231391],[-76.51122,76.22779],[-76.432973,76.194403],[-76.385243,76.182746],[-76.193227,76.206732],[-76.139394,76.198676],[-76.027699,76.164984],[-75.977223,76.158759],[-75.899587,76.172553],[-75.865041,76.186957],[-75.837453,76.206],[-75.819814,76.229682],[-75.815175,76.257819],[-75.82665,76.290229],[-75.857228,76.326728],[-75.870656,76.334296],[-75.926991,76.347174],[-75.941335,76.353339],[-75.948476,76.362982],[-75.945424,76.377631],[-75.929311,76.398749],[-75.90099,76.413459],[-75.860585,76.416693],[-75.659779,76.404731],[-75.620229,76.418036],[-75.59319,76.446784],[-75.586659,76.466437],[-75.58904,76.481635],[-75.598927,76.493964],[-75.713246,76.566779],[-75.817067,76.685126],[-75.829457,76.692939],[-75.833241,76.686774],[-75.833119,76.701361],[-75.829945,76.712897],[-75.824391,76.722052],[-75.792287,76.750067],[-75.771108,76.777106],[-75.758595,76.799506],[-75.755238,76.811164],[-75.755727,76.821845],[-75.76122,76.830756],[-75.783498,76.847907],[-75.80193,76.856086],[-75.817555,76.856879],[-75.831044,76.851874],[-75.899709,76.790168],[-75.909963,76.775763],[-75.914662,76.763617],[-75.918752,76.745734],[-75.923695,76.739997],[-75.934193,76.736335],[-75.997548,76.737128],[-76.040517,76.745978],[-76.080678,76.761176],[-76.11675,76.782599],[-76.147389,76.810004],[-76.171254,76.843329],[-76.18694,76.882331],[-76.193227,76.926764],[-76.190114,76.949652],[-76.181203,76.966193],[-76.149403,76.993781],[-76.146474,77.001166],[-76.152089,77.01026],[-76.16924,77.022773],[-76.193044,77.031928],[-76.214528,77.029914],[-76.233998,77.019843],[-76.298634,76.957343],[-76.313222,76.950812],[-76.325368,76.951361],[-76.413442,76.98841],[-76.457265,76.998786],[-76.685658,76.97663],[-76.731557,76.980902],[-76.775624,76.995307],[-76.81725,77.022773],[-76.862721,77.081],[-76.874562,77.088935],[-76.889211,77.094794],[-76.91631,77.099372],[-77.10381,77.089423],[-77.129262,77.094794],[-77.155873,77.107978],[-77.315724,77.248847],[-77.345265,77.262763],[-77.374074,77.267524],[-77.536855,77.265876],[-77.571584,77.272406],[-77.596974,77.286566],[-77.609242,77.310797],[-77.59319,77.354682],[-77.536549,77.379645],[-77.158681,77.405707],[-77.090077,77.422492],[-77.05724,77.454779],[-77.054555,77.473883],[-77.057485,77.486029],[-77.06487,77.492865],[-77.075612,77.495917],[-77.116506,77.498603],[-77.129262,77.502753],[-77.133962,77.506293],[-77.173512,77.548407],[-77.177297,77.550788],[-77.42632,77.562079],[-77.453847,77.575995],[-77.46526,77.598761],[-77.462636,77.623236],[-77.452077,77.638617],[-77.435231,77.646918],[-77.413991,77.649909],[-77.341969,77.646064],[-77.18224,77.666144],[-77.177297,77.670783],[-77.174123,77.709479],[-77.193349,77.731269],[-77.228139,77.740729],[-77.356496,77.742011],[-77.384328,77.748847],[-77.3933,77.76673],[-77.387746,77.799384],[-77.382497,77.808722],[-77.373647,77.815192],[-77.127065,77.862738],[-76.720143,77.862738],[-76.313222,77.862738],[-76.145253,77.93476],[-75.993703,77.951606],[-75.990163,77.946418],[-75.985768,77.941962],[-75.98058,77.938666],[-75.940175,77.929389],[-75.925893,77.929816],[-75.893239,77.939154],[-75.841603,77.965583],[-75.569264,78.030829],[-75.545644,78.049079],[-75.52715,78.070807],[-75.46935,78.165351],[-75.450002,78.184272],[-75.425282,78.198798],[-75.410207,78.202277],[-75.233266,78.198798],[-74.818166,78.352729],[-74.801198,78.366767],[-74.815236,78.389777],[-74.848927,78.405341],[-75.046498,78.436347],[-75.078114,78.446906],[-75.089223,78.462775],[-75.088246,78.471198],[-75.083913,78.485175],[-75.0808,78.49079],[-75.077016,78.495734],[-75.07256,78.499945],[-75.062001,78.506354],[-75.02715,78.505439],[-74.982655,78.513739],[-74.48998,78.525824],[-74.281606,78.591925],[-74.003102,78.72602],[-73.985219,78.7508],[-74.001576,78.797309],[-74.040212,78.807379],[-74.185292,78.764838],[-74.208302,78.774848],[-74.201161,78.821357],[-74.153249,78.918769],[-74.131459,78.94953],[-74.106923,78.969184],[-74.078053,78.980048],[-73.800404,78.993598],[-73.695119,79.033759],[-73.654103,79.040839],[-73.506093,79.036811],[-73.463551,79.042426],[-73.369191,79.084845],[-73.361195,79.086737],[-73.338673,79.084601],[-73.204701,79.03852],[-73.193227,79.038764],[-73.17748,79.048529],[-73.165578,79.06391],[-73.15685,79.082953],[-73.150868,79.103278],[-73.145253,79.158759],[-73.159108,79.189399],[-73.175588,79.207343],[-73.195302,79.215766],[-73.317189,79.220526],[-73.361195,79.23078],[-73.379872,79.238288],[-73.468312,79.298835],[-73.481252,79.302741],[-73.815785,79.302924],[-73.874867,79.315131],[-73.91039,79.33808],[-73.913319,79.374762],[-73.897572,79.387763],[-73.866322,79.393439],[-73.625295,79.374762],[-73.590077,79.382392],[-73.564931,79.392585],[-73.547047,79.404608],[-73.505666,79.445441],[-73.486012,79.458564],[-73.458302,79.470343],[-73.315053,79.479254],[-73.294606,79.483466],[-73.025258,79.494818],[-72.689259,79.566779],[-72.429341,79.564124],[-72.169423,79.561469],[-71.993214,79.590766],[-71.903615,79.630622],[-71.873219,79.6388],[-71.855153,79.639472],[-71.837148,79.637458],[-71.765492,79.618842],[-71.729237,79.614814],[-71.709401,79.616889],[-71.691457,79.621711],[-71.624623,79.651984],[-71.585256,79.662787],[-71.572682,79.662909],[-71.499745,79.642157],[-71.46526,79.6388],[-71.450673,79.640448],[-71.384633,79.661994],[-71.369252,79.662787],[-71.226369,79.647284],[-71.142934,79.652289],[-71.107961,79.664862],[-71.076039,79.691718],[-71.055531,79.704413],[-71.027272,79.714911],[-71.01238,79.71717],[-70.998097,79.716071],[-70.985219,79.710761],[-70.981923,79.706061],[-70.979787,79.671942],[-70.976918,79.665412],[-70.971059,79.661994],[-70.961232,79.662787],[-70.906789,79.682013],[-70.832814,79.722602],[-70.798634,79.752814],[-70.730336,79.849066],[-70.721242,79.854804],[-70.68932,79.860175],[-70.488576,79.834296],[-70.447743,79.839362],[-70.40923,79.854804],[-70.364491,79.90058],[-70.361256,79.902777],[-70.334157,79.904364],[-70.210133,79.877753],[-70.178883,79.877082],[-70.149037,79.884467],[-70.121266,79.902777],[-70.108022,79.922797],[-70.110829,79.940741],[-70.124867,79.957892],[-70.166982,79.994269],[-70.185536,80.015692],[-70.195912,80.040839],[-70.193227,80.070807],[-70.1881,80.071234],[-70.031422,80.161933],[-69.953236,80.190802],[-69.784596,80.204108],[-69.737294,80.214789],[-69.670033,80.247626],[-69.546803,80.342414],[-69.281239,80.382758],[-68.87328,80.574774],[-68.528188,80.649014],[-68.183095,80.723253],[-67.838002,80.797492],[-67.826283,80.804938],[-67.82311,80.808417],[-67.739369,80.82862],[-67.684377,80.827826],[-67.600758,80.841742],[-67.54662,80.860053],[-67.529286,80.862799],[-67.385243,80.910773],[-67.193227,80.910773],[-66.980885,80.961127],[-66.833241,80.958747],[-66.485249,81.042762],[-66.137257,81.126776],[-66.002309,81.181586],[-65.612599,81.242194],[-65.22289,81.302802],[-64.83318,81.36341],[-64.443471,81.424018],[-64.384877,81.451667],[-64.367787,81.468207],[-64.361256,81.486762],[-64.374074,81.526679],[-64.41216,81.555243],[-64.470937,81.574164],[-64.874501,81.565497],[-65.278066,81.55683],[-65.321462,81.565314],[-65.345265,81.582831],[-65.346303,81.607489],[-65.324452,81.627753],[-65.286366,81.64411],[-64.96227,81.671576],[-64.638173,81.699042],[-64.528615,81.679633],[-64.529286,81.678778],[-64.140126,81.723944],[-64.130116,81.727912],[-64.1162,81.736762],[-63.714848,81.791938],[-63.313496,81.847113],[-62.912145,81.902289],[-62.510793,81.957465],[-62.498769,81.961737],[-62.473378,81.978095],[-62.46996,81.982611],[-62.256093,81.99372],[-61.861989,82.085028],[-61.856862,82.089362],[-61.716115,82.134711],[-61.303395,82.168769],[-60.960561,82.274543],[-60.733327,82.410651],[-60.639821,82.430609],[-60.377034,82.433783],[-60.114247,82.436957],[-60.086049,82.441596],[-60.054189,82.452338],[-60.000539,82.481391],[-59.930653,82.538886],[-59.921254,82.542792],[-59.912404,82.543341],[-59.845693,82.522528],[-59.801259,82.518805],[-59.788075,82.521125],[-59.713307,82.564887],[-59.705251,82.566779],[-59.691945,82.564399],[-59.679433,82.558478],[-59.63329,82.524848],[-59.621571,82.519904],[-59.609303,82.518805],[-59.591603,82.52204],[-59.483083,82.564643],[-59.117157,82.565355],[-58.75123,82.566067],[-58.385304,82.566779],[-58.217275,82.614753],[-57.977284,82.590766],[-57.926015,82.599433],[-57.893178,82.611457],[-57.879872,82.620124],[-57.82256,82.670783],[-57.810719,82.675849],[-57.569325,82.710761],[-57.553883,82.708503],[-57.462819,82.664191],[-57.449269,82.662787],[-57.331776,82.706122],[-57.285573,82.712348],[-57.156972,82.709174],[-57.117177,82.71485],[-57.02538,82.756659],[-57.017262,82.758795],[-56.774403,82.735602],[-56.519032,82.762519],[-56.412221,82.801947],[-55.966481,82.867133],[-55.921498,82.884345],[-55.904286,82.896064],[-55.892934,82.910224],[-55.889333,82.926764],[-55.897206,82.951422],[-55.916615,82.967231],[-55.944997,82.976447],[-56.129323,82.998786],[-56.157765,83.015204],[-56.22527,83.070746],[-56.248097,83.072516],[-56.441274,83.046759],[-56.63329,83.142768],[-57.108179,83.163799],[-57.583067,83.18483],[-58.057955,83.205861],[-58.532844,83.226892],[-59.007732,83.247923],[-59.482621,83.268953],[-59.957509,83.289984],[-60.051625,83.331977],[-60.065297,83.334784],[-60.387135,83.335761],[-60.708974,83.336737],[-60.894887,83.39411],[-61.350771,83.394086],[-61.806654,83.394062],[-62.262538,83.394037],[-62.718422,83.394013],[-63.174306,83.393988],[-63.63019,83.393964],[-64.086073,83.39394],[-64.541957,83.393915],[-64.997841,83.393891],[-65.453725,83.393866],[-65.52953,83.358954],[-65.561269,83.334784],[-65.566762,83.327826],[-65.594472,83.277045],[-65.617726,83.249823],[-65.63329,83.238776],[-65.844777,83.182318],[-65.86852,83.163947],[-65.873219,83.142768],[-65.845204,83.114264],[-65.786794,83.097357],[-65.447052,83.080105],[-65.10731,83.062852],[-64.767568,83.0456],[-64.756825,83.041632],[-64.749135,83.034369],[-64.74529,83.022773],[-64.750539,82.997504],[-64.770619,82.981513],[-64.801808,82.972907],[-65.134958,82.94953],[-65.468109,82.926154],[-65.801259,82.902777],[-66.281239,82.998786],[-66.72936,83.008643],[-67.17748,83.0185],[-67.6256,83.028357],[-68.07372,83.038214],[-68.52184,83.048072],[-68.96996,83.057929],[-68.983266,83.06684],[-68.997304,83.071906],[-69.044667,83.075019],[-69.157826,83.054145],[-69.238026,83.061591],[-69.322255,83.085395],[-69.352589,83.102423],[-69.374623,83.120612],[-69.416554,83.171393],[-69.430776,83.183295],[-69.449269,83.190741],[-69.616322,83.204291],[-69.983083,83.177619],[-70.16924,83.190741],[-70.179677,83.194037],[-70.253529,83.235236],[-70.379933,83.258551],[-70.394399,83.267951],[-70.400868,83.28266],[-70.398244,83.304328],[-70.385243,83.334784],[-70.361806,83.351569],[-70.338673,83.373908],[-70.331532,83.385871],[-70.330312,83.397162],[-70.33727,83.406806],[-70.38268,83.425666],[-70.838155,83.415747],[-71.29363,83.405829],[-71.749104,83.395911],[-72.204579,83.385993],[-72.222218,83.39289],[-72.233266,83.406806],[-72.224355,83.432135],[-72.181935,83.45484],[-72.035817,83.491645],[-71.577132,83.514777],[-71.118446,83.537909],[-70.659761,83.561042],[-70.201076,83.584174],[-69.742391,83.607306],[-69.283705,83.630439],[-68.82502,83.653571],[-68.366335,83.676703],[-67.907649,83.699836],[-67.448964,83.722968],[-67.443715,83.725287],[-67.43932,83.729071],[-67.435902,83.734809],[-67.426869,83.771674],[-67.428334,83.777899],[-67.434438,83.780707],[-67.82311,83.80209],[-68.211781,83.823472],[-68.600453,83.844855],[-68.605824,83.848151],[-68.608083,83.851386],[-68.61205,83.854621],[-68.622426,83.857611],[-69.012746,83.871924],[-69.403066,83.886237],[-69.793385,83.90055],[-70.183705,83.914862],[-70.269093,83.904792],[-70.418202,83.841864],[-70.433278,83.838752],[-70.485341,83.840522],[-70.845631,83.910285],[-70.945058,83.90766],[-71.169057,83.862738],[-71.183766,83.864997],[-71.240651,83.882331],[-71.273244,83.886786],[-71.561238,83.862769],[-71.849233,83.838752],[-71.865041,83.841742],[-71.976979,83.885504],[-71.993214,83.886786],[-72.006886,83.884711],[-72.115956,83.84455],[-72.469777,83.806118],[-72.823598,83.767686],[-73.177419,83.729254],[-73.20287,83.720771],[-73.222646,83.707465],[-73.236012,83.687873],[-73.242421,83.660163],[-73.241261,83.622748],[-73.230763,83.58039],[-73.230275,83.570136],[-73.234181,83.560431],[-73.244069,83.550544],[-73.481252,83.454779],[-73.943242,83.496772],[-74.405232,83.538764],[-74.867223,83.580756],[-75.329213,83.622748],[-75.785219,83.584357],[-76.241225,83.545966],[-76.697231,83.507575],[-77.153236,83.469184],[-77.609242,83.430793],[-77.921254,83.334784],[-78.281239,83.334784],[-78.321034,83.34516],[-78.348805,83.35932],[-78.401235,83.406806],[-78.418507,83.414862],[-78.801747,83.505622],[-79.084157,83.496894],[-79.195058,83.473273],[-79.217275,83.454779],[-79.212026,83.404914],[-79.161549,83.372382],[-78.853413,83.353583],[-78.545277,83.334784],[-78.443715,83.306098],[-78.209218,83.190741],[-78.189565,83.187384],[-78.040212,83.192206],[-77.985829,83.185736],[-77.85967,83.144416],[-77.849294,83.142768],[-77.839162,83.144355],[-77.732045,83.185248],[-77.555959,83.200202],[-77.274709,83.184516],[-77.249257,83.166815],[-77.246022,83.14057],[-77.259999,83.124884],[-77.287099,83.117377],[-77.46526,83.11872],[-77.518483,83.101935],[-77.593495,83.060248],[-77.682362,82.984076],[-77.705251,82.974738],[-77.78246,82.962958],[-78.117513,82.992255],[-78.452565,83.021552],[-78.596669,82.998481],[-78.929168,83.037726],[-79.261667,83.076972],[-79.594167,83.116217],[-79.721242,83.070746],[-80.009236,83.070746],[-80.297231,83.070746],[-80.318227,83.084113],[-80.323964,83.099372],[-80.319142,83.116095],[-80.287221,83.173285],[-80.286061,83.193854],[-80.297231,83.214789],[-80.307179,83.219794],[-80.491383,83.228705],[-80.559377,83.246405],[-80.667531,83.306891],[-80.681264,83.310797],[-81.166066,83.323615],[-81.209218,83.310797],[-81.226857,83.29621],[-81.234547,83.277777],[-81.235158,83.256354],[-81.2235,83.18537],[-81.224721,83.162848],[-81.233266,83.142768],[-81.260304,83.119574],[-81.296437,83.106696],[-81.418263,83.090033],[-81.449574,83.078559],[-81.469289,83.05744],[-81.473256,83.022773],[-81.471974,83.018012],[-81.468739,83.010565],[-81.456044,82.990363],[-81.433888,82.96839],[-81.418935,82.958625],[-81.401235,82.950751],[-81.305043,82.952704],[-81.288381,82.948859],[-81.279469,82.940619],[-81.281239,82.926764],[-81.297475,82.892524],[-81.302235,82.887519],[-81.308949,82.884467],[-81.33318,82.880866],[-81.605397,82.882392],[-81.666798,82.873297],[-81.685841,82.866034],[-81.75945,82.816474],[-81.819936,82.798346],[-82.162221,82.754218],[-82.247487,82.71662],[-82.40154,82.690863],[-82.40923,82.686774],[-82.426869,82.666632],[-82.435353,82.646796],[-82.437184,82.627387],[-82.428456,82.572089],[-82.429311,82.554877],[-82.436391,82.538336],[-82.496938,82.539008],[-82.507924,82.537116],[-82.579579,82.509833],[-82.663319,82.498053],[-82.711537,82.476325],[-82.742909,82.45362],[-82.845631,82.33808],[-82.865224,82.326728],[-82.893361,82.31861],[-82.966054,82.327948],[-83.003041,82.324713],[-83.027577,82.318488],[-83.039418,82.31214],[-83.045033,82.307013],[-83.046925,82.304023],[-83.415883,82.348639],[-83.610402,82.41175],[-83.712758,82.502753],[-83.777211,82.542792],[-83.787526,82.54621],[-83.932668,82.571112],[-84.006398,82.611396],[-84.489827,82.669715],[-84.973256,82.728034],[-85.419042,82.713706],[-85.864827,82.699378],[-86.310613,82.68505],[-86.756398,82.670722],[-86.777272,82.662787],[-86.781911,82.646125],[-86.77477,82.620978],[-86.758534,82.590033],[-86.655385,82.464545],[-86.514089,82.354071],[-86.505116,82.336554],[-86.508656,82.321967],[-86.523122,82.309943],[-86.546803,82.299994],[-86.657216,82.278754],[-86.877858,82.270087],[-86.921376,82.260138],[-86.953481,82.240424],[-86.970509,82.20777],[-86.969655,82.151068],[-86.978932,82.130011],[-86.994557,82.107672],[-87.010732,82.090888],[-87.017201,82.086798],[-87.041798,82.080817],[-87.517293,82.12818],[-87.992787,82.175544],[-88.430379,82.152625],[-88.86797,82.129706],[-88.892873,82.13935],[-88.913197,82.15882],[-88.919606,82.169989],[-88.922658,82.179999],[-88.92339,82.205756],[-88.924977,82.213813],[-88.929189,82.221991],[-88.937245,82.23078],[-88.978322,82.25788],[-89.018544,82.273749],[-89.048085,82.280158],[-89.055837,82.28028],[-89.05724,82.278754],[-89.071278,82.298651],[-89.077748,82.318427],[-89.078725,82.337592],[-89.071767,82.383734],[-89.073598,82.393256],[-89.081227,82.398749],[-89.12151,82.406195],[-89.153859,82.404242],[-89.180348,82.395209],[-89.268971,82.335639],[-89.297231,82.326728],[-89.600728,82.316169],[-89.904225,82.305609],[-89.963368,82.287299],[-89.993214,82.254767],[-89.982167,82.217719],[-89.934865,82.185004],[-89.737843,82.105414],[-89.708302,82.082709],[-89.723988,82.060736],[-89.878651,82.02735],[-90.000172,82.02851],[-90.000184,82.526713],[-90.000195,83.024916],[-90.000207,83.52312],[-90.000218,84.021323],[-90.00023,84.519526],[-90.000241,85.017729],[-90.000253,85.515933],[-90.000264,86.014136],[-90.000275,86.512339],[-90.000287,87.010543],[-90.000298,87.508746],[-90.00031,88.006949],[-90.000321,88.505152],[-90.000333,89.003356],[-90.000344,89.501559],[-90.000356,89.999762],[-90.000111,89.999762],[-89.500111,89.999762],[-89.250111,89.999762],[-89.000111,89.999762],[-88.500172,89.999762],[-88.000172,89.999762],[-87.750172,89.999762],[-87.500172,89.999762],[-87.250172,89.999762],[-87.000172,89.999762],[-86.750142,89.999762],[-86.500111,89.999762],[-86.000111,89.999762],[-85.500172,89.999762],[-85.250142,89.999762],[-85.000111,89.999762],[-84.500111,89.999762],[-84.250111,89.999762],[-84.000111,89.999762],[-83.500111,89.999762],[-83.000172,89.999762],[-82.750142,89.999762],[-82.500111,89.999762],[-82.000172,89.999762],[-81.500172,89.999762],[-81.000172,89.999762],[-80.750142,89.999762],[-80.500111,89.999762],[-80.000172,89.999762],[-79.750172,89.999762],[-79.500172,89.999762],[-79.250142,89.999762],[-79.000111,89.999762],[-78.500172,89.999762],[-78.000172,89.999762],[-77.500172,89.999762],[-77.000172,89.999762],[-76.500172,89.999762],[-76.000172,89.999762],[-75.500172,89.999762],[-75.250172,89.999762],[-75.000172,89.999762],[-74.750172,89.999762],[-74.500172,89.999762],[-74.000172,89.999762],[-73.500172,89.999762],[-73.000172,89.999762],[-72.500172,89.999762],[-72.000172,89.999762],[-71.750142,89.999762],[-71.500111,89.999762],[-71.000172,89.999762],[-70.500172,89.999762],[-70.250172,89.999762],[-70.000172,89.999762],[-69.500172,89.999762],[-69.000172,89.999762],[-68.500172,89.999762],[-68.000172,89.999762],[-67.500172,89.999762],[-67.000172,89.999762],[-66.750172,89.999762],[-66.500172,89.999762],[-66.250172,89.999762],[-66.000172,89.999762],[-65.500172,89.999762],[-65.000172,89.999762],[-64.500172,89.999762],[-64.000172,89.999762],[-63.500172,89.999762],[-63.000172,89.999762],[-62.750172,89.999762],[-62.500172,89.999762],[-62.250172,89.999762],[-62.000172,89.999762],[-61.500172,89.999762],[-61.000234,89.999762],[-60.750203,89.999762],[-60.500172,89.999762],[-60.000172,89.999762],[-59.500172,89.999762],[-59.000172,89.999762],[-58.750172,89.999762],[-58.500172,89.999762],[-58.000172,89.999762],[-57.750172,89.999762],[-57.500172,89.999762],[-57.000172,89.999762],[-56.500172,89.999762],[-56.000172,89.999762],[-55.500172,89.999762],[-55.000172,89.999762],[-54.500172,89.999762],[-54.250172,89.999762],[-54.000172,89.999762],[-53.500234,89.999762],[-53.000234,89.999762],[-52.750234,89.999762],[-52.500234,89.999762],[-52.250203,89.999762],[-52.000172,89.999762],[-51.500172,89.999762],[-51.000172,89.999762],[-50.500172,89.999762],[-50.000234,89.999762],[-49.750203,89.999762],[-49.500172,89.999762],[-49.000172,89.999762],[-48.500172,89.999762],[-48.000172,89.999762],[-47.500234,89.999762],[-47.250203,89.999762],[-47.000172,89.999762],[-46.500172,89.999762],[-46.000172,89.999762],[-45.500234,89.999762],[-45.250203,89.999762],[-45.000172,89.999762],[-44.500234,89.999762],[-44.250234,89.999762],[-44.000234,89.999762],[-43.750203,89.999762],[-43.500172,89.999762],[-43.000172,89.999762],[-42.500172,89.999762],[-42.000234,89.999762],[-41.500234,89.999762],[-41.250203,89.999762],[-41.000172,89.999762],[-40.500172,89.999762],[-40.000234,89.999762],[-39.750234,89.999762],[-39.500234,89.999762],[-39.000234,89.999762],[-38.500234,89.999762],[-38.000234,89.999762],[-37.750203,89.999762],[-37.500172,89.999762],[-37.250172,89.999762],[-37.000172,89.999762],[-36.500234,89.999762],[-36.250234,89.999762],[-36.000234,89.999762],[-35.750234,89.999762],[-35.500234,89.999762],[-35.250203,89.999762],[-35.000172,89.999762],[-34.500234,89.999762],[-34.250234,89.999762],[-34.000234,89.999762],[-33.500234,89.999762],[-33.000295,89.999762],[-32.750264,89.999762],[-32.500234,89.999762],[-32.250203,89.999762],[-32.000172,89.999762],[-31.500172,89.999762],[-31.000234,89.999762],[-30.500234,89.999762],[-30.000234,89.999762],[-29.750203,89.999762],[-29.500172,89.999762],[-29.000234,89.999762],[-28.500234,89.999762],[-28.000234,89.999762],[-27.750234,89.999762],[-27.500234,89.999762],[-27.250234,89.999762],[-27.000234,89.999762],[-26.500234,89.999762],[-26.250203,89.999762],[-26.000172,89.999762],[-25.500295,89.999762],[-25.250264,89.999762],[-25.000234,89.999762],[-24.750234,89.999762],[-24.500234,89.999762],[-24.250203,89.999762],[-24.000172,89.999762],[-23.500234,89.999762],[-23.250234,89.999762],[-23.000234,89.999762],[-22.500234,89.999762],[-22.000234,89.999762],[-21.750234,89.999762],[-21.500234,89.999762],[-21.000234,89.999762],[-20.500234,89.999762],[-20.000234,89.999762],[-19.750234,89.999762],[-19.500234,89.999762],[-19.000234,89.999762],[-18.750234,89.999762],[-18.500234,89.999762],[-18.000234,89.999762],[-17.500234,89.999762],[-17.000234,89.999762],[-16.500234,89.999762],[-16.250234,89.999762],[-16.000234,89.999762],[-15.500234,89.999762],[-15.000234,89.999762],[-14.750234,89.999762],[-14.500234,89.999762],[-14.000234,89.999762],[-13.500234,89.999762],[-13.250234,89.999762],[-13.000234,89.999762],[-12.500234,89.999762],[-12.250234,89.999762],[-12.000234,89.999762],[-11.500234,89.999762],[-11.250234,89.999762],[-11.000234,89.999762],[-10.500295,89.999762],[-10.250264,89.999762],[-10.000234,89.999762],[-9.500234,89.999762],[-9.250203,89.999762],[-9.000172,89.999762],[-8.500234,89.999762],[-8.000234,89.999762],[-7.500295,89.999762],[-7.250264,89.999762],[-7.000234,89.999762],[-6.500295,89.999762],[-6.250264,89.999762],[-6.000234,89.999762],[-5.500295,89.999762],[-5.000356,89.999762],[-4.750295,89.999762],[-4.500234,89.999762],[-4.000234,89.999762],[-3.750234,89.999762],[-3.500234,89.999762],[-3.000234,89.999762],[-2.500295,89.999762],[-2.250264,89.999762],[-2.000234,89.999762],[-1.500234,89.999762],[-1.000234,89.999762],[-0.500295,89.999762],[-0.000539,89.999762]],[[-70.167958,79.206855],[-70.167592,79.206977],[-70.16924,79.206794],[-70.167958,79.206855],[-70.265248,79.182807],[-70.278554,79.172065],[-70.288747,79.161078],[-70.296254,79.150031],[-70.304921,79.127631],[-70.314931,79.061957],[-70.319264,79.051703],[-70.325551,79.041815],[-70.33434,79.032416],[-70.34612,79.023322],[-70.361256,79.014777],[-70.369557,79.011725],[-70.378224,79.01026],[-70.39684,79.011298],[-70.505849,79.040229],[-70.529286,79.038764],[-70.54131,79.035224],[-70.553822,79.029059],[-70.712148,78.894355],[-70.793263,78.846808],[-70.89745,78.815619],[-71.009267,78.798774],[-71.023732,78.800055],[-71.113149,78.824164],[-71.129262,78.822821],[-71.143605,78.818061],[-71.2329,78.757148],[-71.249257,78.7508],[-71.549245,78.702765],[-71.849233,78.654731],[-71.876943,78.642401],[-71.918874,78.614569],[-71.930898,78.609809],[-72.393849,78.603644],[-72.502492,78.562323],[-72.543813,78.557074],[-72.654836,78.56092],[-72.665273,78.558783],[-72.688588,78.547248],[-72.790822,78.458625],[-72.811513,78.44599],[-72.833302,78.438788],[-72.839772,78.438239],[-72.847463,78.438788],[-72.965505,78.465399],[-72.972035,78.464667],[-72.977223,78.462775],[-73.058217,78.385565],[-73.078725,78.357245],[-73.107411,78.243476],[-73.115712,78.22901],[-73.121327,78.222785],[-73.139089,78.207709],[-73.31725,78.116706],[-73.396108,78.103278],[-73.403188,78.099738],[-73.40984,78.094733],[-73.416127,78.08808],[-73.422047,78.079352],[-73.433217,78.054755],[-73.432973,78.050055],[-73.429555,78.044623],[-73.423207,78.03852],[-73.291432,77.961737],[-73.289235,77.958808],[-73.290212,77.959296],[-73.292592,77.958564],[-73.361195,77.910712],[-73.380483,77.883795],[-73.389089,77.863837],[-73.397023,77.820746],[-73.39391,77.775885],[-73.378835,77.71308],[-73.381642,77.68946],[-73.392384,77.670966],[-73.410024,77.65705],[-73.433339,77.646796],[-73.690968,77.613227],[-73.715016,77.604193],[-73.73351,77.59162],[-73.745229,77.574774],[-73.749806,77.557074],[-73.749501,77.537482],[-73.743886,77.516852],[-73.732777,77.496222],[-73.715688,77.476386],[-73.692311,77.458197],[-73.662282,77.442694],[-73.625295,77.430793],[-73.585805,77.424506],[-73.515614,77.428961],[-73.406728,77.455207],[-73.385243,77.454779],[-73.377004,77.452826],[-73.217397,77.372809],[-73.161855,77.357856],[-73.147756,77.358222],[-73.064504,77.379828],[-73.020985,77.382636],[-72.753224,77.357123],[-72.537587,77.285468],[-72.426808,77.289252],[-72.393483,77.284857],[-72.365773,77.272101],[-72.320851,77.243109],[-72.310475,77.239508],[-72.305226,77.238837],[-72.301747,77.238837],[-72.211964,77.259894],[-71.948476,77.273871],[-71.684987,77.287848],[-71.65215,77.297675],[-71.566884,77.301093],[-71.542287,77.307379],[-71.369313,77.310431],[-71.273183,77.296759],[-71.237416,77.283149],[-71.2235,77.274298],[-71.212697,77.263983],[-71.20519,77.252204],[-71.201222,77.238837],[-71.202321,77.223517],[-71.209645,77.210028],[-71.222279,77.198127],[-71.260304,77.17829],[-71.483998,77.123725],[-71.489247,77.11872],[-71.489674,77.114386],[-71.488576,77.107978],[-71.481679,77.090277],[-71.413686,76.989997],[-71.369252,76.950812],[-71.354787,76.943793],[-71.338307,76.939276],[-71.227528,76.932563],[-71.200063,76.92591],[-71.187001,76.917853],[-71.105275,76.830756],[-71.096913,76.825812],[-71.040883,76.811347],[-71.033254,76.806769],[-71.027028,76.800116],[-70.998891,76.74787],[-70.992482,76.739875],[-70.988942,76.736884],[-70.985219,76.734809],[-70.962636,76.728583],[-70.849477,76.722724],[-70.82488,76.716803],[-70.814381,76.71192],[-70.80547,76.70539],[-70.798329,76.69715],[-70.793263,76.686774],[-70.790944,76.673468],[-70.793568,76.661566],[-70.800282,76.650763],[-70.883839,76.592292],[-70.909901,76.567633],[-70.919179,76.552924],[-70.924916,76.536139],[-70.926381,76.517096],[-70.922719,76.495368],[-70.913258,76.470771],[-70.904469,76.457282],[-70.892812,76.446662],[-70.625234,76.326728],[-70.615651,76.325934],[-70.596059,76.327643],[-70.4912,76.354193],[-70.468739,76.353217],[-70.442128,76.345893],[-70.254811,76.234137],[-70.123769,76.217414],[-69.990712,76.226935],[-69.967641,76.234992],[-69.960133,76.240546],[-69.954396,76.24726],[-69.950124,76.255072],[-69.930531,76.319586],[-69.924916,76.327887],[-69.917531,76.335334],[-69.908009,76.341742],[-69.896108,76.346991],[-69.847646,76.35456],[-69.818959,76.352973],[-69.794667,76.346747],[-69.774281,76.336493],[-69.757375,76.322943],[-69.74352,76.306586],[-69.722829,76.268256],[-69.683461,76.154853],[-69.675221,76.142951],[-69.665273,76.134772],[-69.657155,76.131415],[-69.647206,76.129218],[-69.425282,76.134772],[-69.407338,76.130133],[-69.281239,76.062812],[-69.270131,76.060309],[-69.25829,76.059699],[-69.20873,76.064276],[-69.185231,76.062812],[-69.180104,76.060248],[-69.119618,76.017524],[-69.113271,76.014716],[-68.726633,75.996975],[-68.339996,75.979234],[-67.953359,75.961493],[-67.75768,75.900458],[-67.699086,75.893439],[-67.551198,75.897162],[-67.511342,75.890631],[-67.404164,75.849921],[-66.968068,75.848212],[-66.531972,75.846503],[-66.095876,75.844794],[-66.008168,75.821418],[-65.993276,75.82276],[-65.962148,75.831488],[-65.804433,75.913825],[-65.777272,75.918769],[-65.754933,75.918524],[-65.629628,75.892768],[-65.609242,75.894782],[-65.589101,75.900824],[-65.46642,75.96247],[-65.441274,75.966742],[-65.273305,75.942755],[-65.009267,75.942755],[-64.962514,75.929389],[-64.897939,75.898688],[-64.882375,75.895026],[-64.865285,75.894782],[-64.832265,75.90119],[-64.652882,75.986396],[-64.625295,75.99079],[-64.597035,75.988654],[-64.571584,75.981513],[-64.473683,75.924201],[-64.457265,75.918769],[-64.310048,75.910407],[-64.265248,75.918769],[-64.248525,75.926215],[-64.162282,75.997626],[-64.142568,76.00849],[-64.121266,76.014716],[-64.05309,76.020575],[-63.748921,75.972296],[-63.444753,75.924018],[-63.394338,75.906073],[-63.351796,75.878424],[-63.297902,75.830085],[-63.2813,75.82276],[-63.1256,75.796332],[-63.089284,75.798712],[-63.088673,75.799384],[-63.088246,75.80091],[-63.089833,75.845526],[-63.089284,75.846808],[-63.087453,75.847846],[-63.084462,75.848517],[-63.020863,75.844794],[-63.018422,75.845526],[-63.017262,75.846808],[-63.014455,75.859931],[-63.014455,75.865302],[-63.015431,75.870002],[-63.01714,75.874091],[-63.019582,75.87757],[-63.022694,75.880561],[-63.030385,75.885199],[-63.166188,75.910041],[-63.170216,75.912421],[-63.173329,75.916388],[-63.175588,75.922065],[-63.189015,76.010199],[-63.194508,76.026007],[-63.201527,76.038459],[-63.209889,76.047858],[-63.219472,76.054633],[-63.230092,76.058905],[-63.241567,76.061164],[-63.253651,76.061591],[-63.486867,76.009589],[-63.504994,76.010382],[-63.52123,76.014716],[-63.526662,76.017829],[-63.529408,76.021491],[-63.529897,76.025702],[-63.528493,76.030524],[-63.500539,76.071357],[-63.492787,76.089789],[-63.490834,76.100043],[-63.490712,76.110968],[-63.492726,76.122504],[-63.497243,76.134772],[-63.505788,76.149237],[-63.515492,76.159613],[-63.526235,76.166571],[-63.537648,76.1706],[-63.54955,76.172248],[-63.617238,76.164618],[-63.6256,76.165534],[-63.632497,76.168586],[-63.637624,76.174323],[-63.640797,76.183356],[-63.641713,76.196112],[-63.641591,76.196112],[-63.641408,76.196234],[-63.641103,76.196295],[-63.64092,76.196357],[-63.640065,76.196601],[-63.639943,76.196723],[-63.639638,76.196784],[-63.639516,76.196845],[-63.63915,76.196906],[-63.630177,76.201728],[-63.577565,76.247687],[-63.497182,76.288153],[-63.465077,76.317328],[-63.459828,76.323676],[-63.457936,76.327338],[-63.455678,76.335028],[-63.455617,76.343085],[-63.45641,76.347113],[-63.345021,76.344001],[-63.291066,76.329535],[-63.24175,76.290351],[-63.220448,76.281073],[-63.209279,76.278754],[-63.201466,76.278998],[-63.19341,76.281317],[-63.17632,76.291022],[-63.139882,76.320807],[-63.121816,76.315131],[-62.870961,76.277289],[-62.875478,76.272834],[-62.878957,76.267585],[-62.881276,76.261786],[-62.882619,76.23371],[-62.880666,76.22724],[-62.877248,76.221381],[-62.859792,76.20539],[-62.847646,76.199103],[-62.821095,76.19245],[-62.820241,76.18891],[-62.817494,76.182929],[-62.814992,76.179267],[-62.812062,76.176215],[-62.808644,76.173468],[-62.804921,76.171332],[-62.800954,76.169684],[-62.796742,76.168647],[-62.774342,76.167914],[-62.750539,76.172065],[-62.734731,76.177863],[-62.711171,76.174506],[-62.688649,76.175788],[-62.645131,76.188788],[-62.551381,76.234137],[-62.395009,76.214911],[-62.368825,76.215888],[-62.362538,76.218207],[-62.356923,76.221869],[-62.339345,76.243598],[-62.32787,76.248481],[-62.266225,76.259894],[-62.254811,76.258857],[-62.2506,76.256171],[-62.250356,76.255866],[-62.249989,76.255683],[-62.249501,76.255072],[-62.249257,76.254767],[-62.240651,76.233893],[-62.239552,76.215155],[-62.245107,76.198493],[-62.256337,76.183722],[-62.272267,76.170783],[-62.292043,76.15943],[-62.33904,76.141364],[-62.489247,76.110785],[-62.528066,76.086982],[-62.549916,76.067328],[-62.556386,76.051581],[-62.549062,76.039191],[-62.52953,76.029853],[-62.095733,76.001512],[-61.661936,75.973171],[-61.228139,75.944831],[-61.173085,75.927619],[-61.012807,75.848822],[-60.977895,75.845771],[-60.709889,75.877448],[-60.657582,75.874884],[-60.639211,75.868842],[-60.62737,75.858771],[-60.623158,75.844123],[-60.62737,75.824286],[-60.733205,75.641303],[-60.739125,75.620307],[-60.739308,75.612494],[-60.737294,75.606757],[-60.727651,75.59693],[-60.715077,75.589789],[-60.700063,75.585089],[-60.664296,75.581916],[-60.623708,75.585517],[-60.481679,75.626776],[-60.412099,75.65821],[-60.400746,75.660102],[-60.346913,75.654059],[-60.335378,75.654792],[-60.325246,75.657721],[-60.292775,75.67591],[-60.285207,75.67829],[-59.812093,75.677832],[-59.338979,75.677375],[-59.326711,75.672919],[-59.255422,75.632453],[-59.083791,75.614691],[-59.060475,75.607672],[-59.051381,75.601996],[-59.043874,75.59455],[-59.038381,75.585089],[-59.03484,75.573188],[-59.033254,75.558783],[-59.03484,75.5539],[-59.039296,75.548224],[-59.136952,75.477545],[-59.151906,75.461005],[-59.155629,75.453131],[-59.156239,75.445624],[-59.15331,75.438788],[-59.138966,75.421576],[-59.125417,75.409735],[-59.112416,75.402533],[-59.099782,75.399115],[-59.087392,75.398993],[-59.075002,75.401374],[-58.991322,75.430854],[-58.974172,75.431891],[-58.955495,75.429999],[-58.935292,75.424506],[-58.913258,75.41474],[-58.895558,75.403388],[-58.880299,75.389594],[-58.867421,75.373908],[-58.849355,75.339057],[-58.841298,75.30329],[-58.841176,75.286383],[-58.843739,75.27088],[-58.848927,75.25727],[-58.856801,75.246161],[-58.86736,75.238044],[-58.880666,75.233527],[-58.896779,75.2331],[-58.915578,75.237372],[-58.992909,75.273322],[-59.062306,75.293769],[-59.095204,75.29444],[-59.109975,75.291083],[-59.123158,75.284796],[-59.13445,75.275153],[-59.143422,75.261847],[-59.149831,75.244513],[-59.153737,75.205756],[-59.152089,75.193061],[-59.14861,75.183905],[-59.143361,75.177924],[-59.136403,75.174506],[-59.12798,75.173163],[-59.051625,75.176947],[-59.019338,75.169623],[-59.002492,75.161933],[-58.985341,75.150763],[-58.984242,75.149543],[-58.983571,75.147589],[-58.983144,75.145209],[-58.985768,75.10456],[-58.985341,75.102729],[-58.947865,75.057013],[-58.892751,75.00788],[-58.889272,75.00672],[-58.867909,75.006415],[-58.848683,75.009345],[-58.831227,75.014777],[-58.801381,75.03205],[-58.722585,75.118842],[-58.714406,75.124335],[-58.706044,75.127082],[-58.697316,75.126776],[-58.674184,75.119879],[-58.657033,75.111274],[-58.645131,75.101142],[-58.637746,75.08985],[-58.634145,75.07746],[-58.633473,75.064276],[-58.650014,74.979926],[-58.649159,74.967047],[-58.645253,74.955085],[-58.637502,74.94422],[-58.625295,74.93476],[-58.619557,74.932074],[-58.61382,74.930609],[-58.608022,74.930243],[-58.602284,74.930793],[-58.596669,74.932196],[-58.585866,74.936713],[-58.554921,74.958075],[-58.553273,74.958747],[-58.322438,74.952094],[-58.30486,74.945624],[-58.297597,74.940985],[-58.291188,74.93537],[-58.28539,74.928534],[-58.275014,74.910712],[-58.265309,74.886725],[-58.264272,74.880683],[-58.265675,74.875128],[-58.269154,74.870063],[-58.274403,74.865546],[-58.281117,74.861396],[-58.297658,74.854377],[-58.359303,74.839545],[-58.361318,74.838813],[-58.365407,74.834601],[-58.370229,74.827948],[-58.392323,74.783881],[-58.407704,74.728217],[-58.408254,74.702826],[-58.405812,74.691962],[-58.401357,74.682807],[-58.394582,74.675605],[-58.385304,74.670722],[-58.343617,74.660468],[-58.303517,74.657172],[-58.228017,74.667304],[-57.987965,74.781195],[-57.965016,74.786628],[-57.943471,74.786811],[-57.923573,74.780463],[-57.905263,74.766791],[-57.90099,74.759711],[-57.900624,74.751654],[-57.903554,74.74256],[-57.909352,74.732611],[-57.968251,74.659369],[-57.983083,74.631537],[-57.986928,74.617377],[-57.98766,74.603156],[-57.98467,74.588935],[-57.977284,74.574713],[-57.962209,74.557013],[-57.955617,74.552558],[-57.949269,74.550482],[-57.94286,74.550299],[-57.887135,74.565497],[-57.854848,74.566169],[-57.811635,74.5586],[-57.772694,74.545722],[-57.748464,74.531745],[-57.645131,74.432685],[-57.641286,74.430732],[-57.293935,74.394355],[-57.27184,74.384772],[-57.254079,74.372016],[-57.241322,74.35578],[-57.234181,74.335517],[-57.233266,74.310736],[-57.235768,74.298529],[-57.240834,74.288642],[-57.24828,74.280707],[-57.257863,74.274482],[-57.269399,74.26966],[-57.452321,74.225836],[-57.477162,74.211982],[-57.481007,74.208258],[-57.522878,74.143378],[-57.545277,74.118781],[-57.569631,74.102973],[-57.591908,74.094245],[-57.638783,74.085273],[-57.642812,74.082831],[-57.645497,74.079169],[-57.64684,74.074164],[-57.646596,74.067267],[-57.641286,74.046759],[-57.636037,74.041022],[-57.287709,73.947577],[-57.154897,73.941169],[-57.128896,73.933783],[-57.117787,73.927619],[-57.108144,73.919318],[-57.100026,73.908576],[-57.093678,73.895209],[-57.089284,73.87873],[-57.090138,73.85987],[-57.099599,73.842231],[-57.116383,73.825751],[-57.420094,73.674079],[-57.437428,73.655768],[-57.44756,73.636054],[-57.449269,73.614814],[-57.44579,73.602912],[-57.439015,73.59394],[-57.429494,73.587348],[-57.417531,73.582648],[-57.31786,73.56684],[-57.283681,73.554267],[-57.268239,73.544501],[-57.254384,73.531623],[-57.242604,73.515204],[-57.233266,73.494757],[-57.230885,73.48609],[-57.230092,73.478461],[-57.230763,73.471625],[-57.232655,73.465644],[-57.235585,73.460334],[-57.239308,73.455695],[-57.276784,73.429511],[-57.279591,73.426276],[-57.2813,73.422736],[-57.283009,73.414984],[-57.283498,73.407782],[-57.282948,73.40119],[-57.281545,73.395209],[-57.268239,73.368354],[-57.267262,73.365058],[-57.267262,73.361884],[-57.268422,73.358954],[-57.271047,73.356147],[-57.275258,73.353461],[-57.2813,73.350775],[-57.286794,73.350592],[-57.481068,73.411261],[-57.517201,73.410773],[-57.53246,73.406378],[-57.545277,73.398749],[-57.552541,73.390815],[-57.557179,73.381171],[-57.55956,73.370185],[-57.558217,73.344916],[-57.539113,73.288031],[-57.48058,73.176764],[-57.464101,73.156501],[-57.447987,73.144904],[-57.432118,73.140937],[-57.416432,73.143439],[-57.401112,73.151496],[-57.370961,73.179938],[-57.284901,73.287543],[-57.271047,73.297675],[-57.257314,73.302741],[-57.248402,73.303046],[-57.238759,73.301276],[-57.228322,73.297675],[-57.018483,73.174079],[-56.947194,73.15766],[-56.900685,73.153815],[-56.883656,73.149726],[-56.876149,73.145941],[-56.86913,73.140448],[-56.862355,73.133002],[-56.849294,73.110785],[-56.847279,73.102851],[-56.848256,73.09516],[-56.85204,73.087409],[-56.926259,73.014533],[-56.940907,72.989325],[-56.945119,72.974982],[-56.946706,72.95954],[-56.945302,72.942816],[-56.94109,72.925971],[-56.935414,72.913275],[-56.928517,72.904059],[-56.920766,72.897773],[-56.912282,72.893744],[-56.869008,72.886298],[-56.861928,72.882941],[-56.856068,72.877509],[-56.851613,72.869391],[-56.848866,72.857978],[-56.849294,72.822821],[-56.849782,72.82276],[-56.897328,72.798774],[-56.917165,72.776618],[-56.923085,72.765753],[-56.927052,72.755133],[-56.92986,72.734565],[-56.926808,72.681098],[-56.928578,72.673712],[-56.931996,72.666815],[-56.937367,72.660468],[-56.945302,72.654731],[-56.978444,72.641364],[-57.016469,72.635199],[-57.095448,72.637885],[-57.185292,72.654731],[-57.188405,72.662604],[-57.189809,72.669257],[-57.189809,72.674872],[-57.188405,72.679572],[-57.185902,72.683356],[-57.182485,72.686408],[-57.173573,72.690863],[-57.143483,72.698798],[-57.139943,72.700568],[-57.137318,72.702765],[-57.126454,72.716071],[-57.11382,72.737616],[-57.111684,72.746222],[-57.112172,72.753607],[-57.114858,72.759833],[-57.119862,72.765204],[-57.12682,72.769782],[-57.309865,72.825263],[-57.449269,72.918769],[-57.467214,72.926947],[-57.505116,72.936103],[-57.640431,73.002509],[-57.761281,73.038764],[-57.762685,73.038336],[-57.819997,73.006537],[-57.860341,72.993109],[-57.881276,72.990729],[-57.936208,72.99433],[-57.984364,73.005439],[-58.02599,73.021552],[-58.132436,73.084296],[-58.139516,73.086615],[-58.145314,73.086737],[-58.148488,73.085211],[-58.156911,73.077277],[-58.248464,72.956305],[-58.342885,72.878241],[-58.395558,72.85163],[-58.704701,72.804633],[-58.730885,72.794135],[-58.852651,72.689704],[-58.876576,72.680609],[-58.889272,72.678778],[-58.900502,72.679084],[-58.90984,72.681525],[-58.917897,72.685675],[-58.959401,72.732611],[-58.980702,72.749762],[-59.01122,72.763922],[-59.054128,72.772895],[-59.088124,72.774482],[-59.103627,72.771491],[-59.172719,72.742133],[-59.27831,72.675482],[-59.289235,72.661872],[-59.294057,72.649726],[-59.293385,72.638922],[-59.288136,72.629401],[-59.27892,72.621039],[-59.266591,72.613776],[-59.001881,72.55744],[-58.942738,72.561164],[-58.915578,72.569464],[-58.905934,72.575019],[-58.898183,72.581427],[-58.870534,72.618842],[-58.854909,72.633368],[-58.830556,72.645819],[-58.793324,72.654731],[-58.789296,72.654975],[-58.635182,72.627387],[-58.420949,72.556464],[-58.252004,72.535895],[-58.209889,72.546332],[-58.148366,72.576239],[-58.11913,72.582892],[-58.05663,72.580695],[-58.050649,72.581794],[-58.049306,72.58277],[-58.051076,72.583136],[-58.079884,72.692328],[-58.084279,72.755316],[-58.082326,72.765448],[-58.078725,72.772101],[-58.073293,72.774726],[-58.065236,72.774298],[-58.058278,72.772101],[-58.052358,72.768256],[-58.047231,72.763068],[-58.039601,72.749457],[-58.034413,72.733222],[-58.025258,72.678778],[-58.024342,72.677558],[-58.020253,72.674811],[-57.978749,72.656134],[-57.977284,72.654731],[-57.937978,72.596259],[-57.92455,72.582648],[-57.907338,72.571295],[-57.885243,72.562995],[-57.857289,72.558783],[-57.848195,72.559638],[-57.840443,72.5633],[-57.833913,72.569525],[-57.82842,72.577704],[-57.799672,72.66175],[-57.788136,72.683417],[-57.780629,72.691962],[-57.771779,72.698554],[-57.761281,72.702765],[-57.758962,72.702643],[-57.755849,72.701483],[-57.591359,72.588568],[-57.57787,72.584967],[-57.568593,72.585761],[-57.562795,72.590338],[-57.559682,72.598212],[-57.552785,72.683783],[-57.546193,72.699347],[-57.535939,72.713874],[-57.52123,72.726752],[-57.51537,72.729071],[-57.507131,72.729804],[-57.485158,72.727179],[-57.353322,72.678778],[-57.353749,72.677558],[-57.38622,72.614203],[-57.401112,72.558051],[-57.402699,72.526801],[-57.400014,72.504645],[-57.395741,72.494086],[-57.389577,72.485236],[-57.360097,72.454291],[-57.35497,72.444403],[-57.342641,72.408149],[-57.332814,72.393744],[-57.326772,72.388129],[-57.319936,72.383368],[-57.303578,72.376349],[-57.282948,72.371833],[-57.152211,72.367987],[-57.129689,72.372931],[-57.12206,72.376715],[-57.116261,72.381415],[-57.11205,72.386908],[-57.108998,72.393256],[-57.094472,72.450141],[-57.078481,72.484442],[-57.058034,72.514533],[-57.047963,72.523871],[-57.037709,72.530158],[-57.026967,72.533759],[-56.900319,72.527899],[-56.849294,72.534796],[-56.847218,72.53559],[-56.779958,72.581366],[-56.757436,72.589911],[-56.710927,72.598029],[-56.600453,72.594001],[-56.388173,72.542121],[-56.276662,72.487067],[-56.273305,72.486762],[-56.273244,72.487311],[-56.250111,72.534003],[-56.249257,72.534796],[-56.233571,72.540717],[-56.218434,72.543524],[-56.203969,72.543647],[-56.190053,72.541449],[-56.176869,72.537299],[-56.152394,72.524359],[-56.085683,72.465155],[-56.081288,72.462775],[-55.944386,72.45954],[-55.90923,72.449591],[-55.895863,72.442145],[-55.886342,72.432746],[-55.881581,72.421149],[-55.882314,72.407233],[-55.889333,72.390753],[-55.897328,72.382697],[-55.910512,72.376288],[-55.949452,72.367194],[-56.201283,72.366767],[-56.216908,72.363227],[-56.286122,72.327765],[-56.420705,72.23017],[-56.423879,72.22547],[-56.426076,72.220465],[-56.427358,72.214911],[-56.427602,72.208686],[-56.424794,72.193915],[-56.417287,72.17475],[-56.407277,72.157782],[-56.402516,72.153144],[-56.397694,72.150763],[-56.39269,72.150092],[-56.387257,72.150824],[-56.358144,72.159919],[-56.33672,72.162909],[-56.308888,72.160895],[-56.273305,72.150763],[-56.267506,72.147895],[-56.256093,72.138983],[-56.197438,72.069098],[-56.184255,72.058539],[-56.166127,72.050482],[-56.051869,72.039496],[-56.044606,72.0362],[-56.03893,72.031501],[-56.035024,72.025275],[-56.03307,72.017035],[-56.033315,72.006781],[-56.036794,71.994208],[-56.043874,71.982611],[-56.054311,71.971991],[-56.067738,71.962287],[-56.102406,71.946051],[-56.145009,71.934149],[-56.244435,71.924262],[-56.345326,71.93476],[-56.398732,71.953559],[-56.473378,72.002631],[-56.489308,72.006781],[-56.945302,72.006781],[-57.235341,72.105902],[-57.248097,72.105719],[-57.257314,72.10279],[-57.267812,72.094062],[-57.273488,72.084479],[-57.275014,72.074164],[-57.272817,72.0633],[-57.267506,72.052191],[-57.259633,72.040839],[-57.238454,72.018561],[-57.161244,71.958747],[-57.065297,71.766791],[-57.041249,71.743354],[-57.022023,71.730719],[-57.00652,71.725043],[-56.982167,71.719855],[-56.976674,71.717108],[-56.971059,71.712775],[-56.959096,71.697638],[-56.945302,71.670783],[-56.934804,71.638678],[-56.91808,71.468268],[-56.910329,71.44538],[-56.90453,71.436957],[-56.897328,71.430793],[-56.873708,71.419989],[-56.863576,71.418097],[-56.854421,71.418219],[-56.845937,71.42005],[-56.838063,71.423346],[-56.784657,71.465216],[-56.764821,71.475287],[-56.710378,71.484748],[-56.618398,71.485541],[-56.602467,71.489264],[-56.595815,71.492621],[-56.590077,71.497016],[-56.585256,71.502753],[-56.578236,71.51612],[-56.574574,71.529181],[-56.57372,71.541999],[-56.575246,71.55445],[-56.578603,71.566535],[-56.607472,71.630805],[-56.608815,71.639899],[-56.607777,71.648444],[-56.603871,71.656501],[-56.596547,71.663886],[-56.585256,71.670783],[-56.58257,71.671698],[-56.57964,71.67182],[-56.576466,71.671332],[-56.570058,71.668891],[-56.539357,71.647589],[-56.537282,71.646796],[-56.493825,71.637763],[-56.465505,71.638434],[-56.441274,71.646796],[-56.437123,71.647284],[-56.433644,71.647162],[-56.430653,71.64643],[-56.428212,71.645209],[-56.426198,71.6435],[-56.424611,71.641547],[-56.423329,71.639289],[-56.418874,71.624274],[-56.418202,71.623236],[-56.417287,71.622748],[-56.344411,71.615546],[-56.100758,71.649848],[-56.039784,71.643317],[-56.016713,71.634406],[-56.007314,71.628119],[-55.999501,71.620551],[-55.993276,71.611518],[-55.98882,71.600959],[-55.986134,71.58869],[-55.985341,71.574774],[-55.986318,71.57453],[-56.081288,71.574774],[-56.118398,71.5586],[-56.166493,71.524604],[-56.204701,71.482856],[-56.217397,71.461371],[-56.224294,71.440619],[-56.22527,71.430793],[-56.224599,71.433356],[-56.222585,71.43244],[-56.138966,71.311469],[-56.116689,71.292792],[-56.105275,71.28675],[-56.093068,71.282538],[-56.067128,71.277899],[-55.855824,71.285346],[-55.749196,71.245917],[-55.426808,71.213446],[-55.07018,71.265021],[-54.652089,71.260321],[-54.528371,71.216986],[-54.508046,71.214667],[-54.49236,71.215461],[-54.480763,71.218695],[-54.419606,71.246588],[-54.075734,71.34394],[-54.02477,71.341315],[-54.003041,71.335089],[-53.984425,71.325019],[-53.969228,71.310797],[-53.963185,71.30213],[-53.959462,71.294501],[-53.958058,71.287787],[-53.958547,71.281989],[-53.960805,71.276923],[-53.964711,71.272528],[-53.969899,71.268683],[-54.100331,71.213874],[-54.104115,71.2107],[-54.10735,71.206671],[-54.109914,71.201606],[-54.111806,71.195258],[-54.113515,71.178107],[-54.112294,71.158881],[-54.110341,71.151679],[-54.107411,71.14527],[-54.103627,71.139472],[-54.093556,71.129828],[-54.0808,71.122321],[-54.049184,71.11225],[-54.013051,71.106269],[-54.01122,71.102607],[-54.006337,71.096137],[-53.981068,71.077765],[-53.972279,71.073432],[-53.908009,71.054694],[-53.899648,71.047736],[-53.897267,71.046759],[-53.673695,71.002509],[-53.511281,71.00788],[-53.467214,71.015815],[-53.431996,71.032477],[-53.379811,71.074164],[-53.368642,71.088874],[-53.174794,71.16059],[-53.124013,71.166571],[-53.011159,71.127753],[-52.961232,71.118781],[-52.764455,71.133612],[-52.752309,71.12818],[-52.650441,71.052436],[-52.634145,71.047431],[-52.625295,71.046759],[-52.594594,71.049445],[-52.586964,71.05268],[-52.583424,71.057013],[-52.58318,71.062201],[-52.585439,71.068183],[-52.603078,71.097174],[-52.60558,71.104865],[-52.605824,71.112494],[-52.602773,71.11994],[-52.595815,71.12696],[-52.584096,71.13349],[-52.566762,71.13935],[-52.551564,71.128607],[-52.542348,71.124213],[-52.525014,71.119452],[-52.488393,71.117926],[-52.48821,71.117865],[-52.487538,71.117865],[-52.487416,71.117743],[-52.485951,71.117743],[-52.485707,71.117743],[-52.440297,71.120673],[-52.41277,71.046088],[-52.38622,70.999396],[-52.33727,70.950751],[-52.190175,70.88404],[-52.188954,70.880194],[-52.184987,70.873297],[-52.163503,70.851874],[-52.150258,70.844367],[-52.103017,70.831732],[-51.932362,70.836554],[-51.831166,70.822577],[-51.831349,70.81507],[-51.833302,70.806769],[-51.840566,70.794257],[-51.852528,70.785712],[-51.86852,70.780402],[-51.887929,70.778022],[-52.15331,70.796576],[-52.174855,70.791327],[-52.193288,70.782782],[-52.206532,70.772895],[-52.215199,70.762885],[-52.220021,70.752875],[-52.221608,70.742926],[-52.22057,70.733161],[-52.213185,70.714423],[-52.194875,70.683051],[-52.193166,70.676947],[-52.193959,70.671881],[-52.197804,70.667731],[-52.205434,70.664618],[-52.217275,70.662787],[-52.257375,70.663031],[-52.334218,70.690863],[-52.418446,70.764716],[-52.457265,70.782782],[-52.674489,70.814215],[-53.132497,70.810004],[-53.590505,70.805793],[-53.637013,70.823127],[-53.666005,70.82807],[-53.771474,70.821601],[-53.832997,70.828376],[-53.880544,70.843451],[-53.977773,70.859076],[-54.222096,70.858222],[-54.304982,70.844855],[-54.511159,70.77265],[-54.529469,70.769232],[-54.541982,70.76496],[-54.607716,70.758368],[-54.641896,70.763007],[-54.757863,70.809027],[-54.782765,70.811103],[-54.809316,70.806769],[-54.819753,70.802375],[-54.82964,70.795661],[-54.839162,70.786994],[-54.92455,70.661078],[-54.943288,70.64411],[-54.953297,70.6388],[-54.958302,70.637702],[-55.135793,70.663459],[-55.164479,70.659369],[-55.200612,70.648871],[-55.353383,70.568061],[-55.361256,70.566779],[-55.368703,70.56684],[-55.384023,70.569586],[-55.474843,70.612738],[-55.567677,70.627631],[-55.703481,70.615119],[-55.714467,70.617743],[-55.754506,70.636786],[-55.76769,70.639594],[-55.783864,70.639838],[-55.809499,70.635504],[-56.028127,70.534735],[-56.086476,70.518378],[-56.091176,70.518866],[-56.09557,70.520209],[-56.099599,70.522223],[-56.121877,70.539557],[-56.130483,70.543891],[-56.135426,70.544989],[-56.140797,70.545356],[-56.146657,70.544562],[-56.153249,70.542792],[-56.154164,70.541999],[-56.154652,70.540351],[-56.15215,70.498114],[-56.152638,70.496039],[-56.153249,70.494757],[-56.159718,70.489325],[-56.166676,70.485236],[-56.181691,70.480475],[-56.246388,70.479804],[-56.260793,70.477179],[-56.267323,70.474555],[-56.273305,70.470771],[-56.277333,70.466559],[-56.28069,70.460883],[-56.283437,70.454108],[-56.295522,70.354315],[-56.297292,70.350775],[-56.451955,70.234809],[-56.471791,70.225592],[-56.48882,70.222357],[-56.585256,70.23078],[-56.705312,70.206794],[-56.721486,70.193244],[-56.732228,70.179389],[-56.738515,70.165229],[-56.741078,70.151068],[-56.740712,70.136847],[-56.723988,70.070014],[-56.723256,70.058417],[-56.725331,70.047553],[-56.730885,70.037604],[-56.740895,70.028754],[-56.756093,70.021064],[-56.793202,70.011603],[-56.846242,70.00965],[-56.884267,70.018866],[-56.951527,70.060858],[-57.003407,70.130866],[-57.00768,70.133612],[-57.012196,70.134955],[-57.017262,70.134772],[-57.017445,70.133429],[-57.065358,70.015448],[-57.065297,70.014777],[-57.076466,70.004584],[-57.088612,69.996894],[-57.161244,69.966742],[-57.222218,69.903754],[-57.378896,69.803046],[-57.395497,69.786444],[-57.400685,69.777961],[-57.403554,69.769232],[-57.403798,69.760138],[-57.401296,69.7508],[-57.38915,69.734381],[-57.368886,69.722296],[-57.341786,69.713996],[-57.229665,69.708014],[-56.983327,69.756751],[-56.736989,69.805487],[-56.720876,69.81269],[-56.71465,69.817694],[-56.703114,69.832587],[-56.625478,69.98487],[-56.622426,69.987494],[-56.618764,69.989447],[-56.614369,69.990729],[-56.608998,69.991523],[-56.569997,69.988349],[-56.556752,69.983771],[-56.545277,69.977362],[-56.535634,69.969123],[-56.527638,69.959357],[-56.521169,69.948188],[-56.512257,69.922431],[-56.507985,69.893134],[-56.524159,69.693854],[-56.521657,69.671088],[-56.515126,69.650824],[-56.503957,69.630866],[-56.407643,69.527533],[-56.381703,69.511786],[-56.356557,69.503424],[-56.331593,69.502021],[-56.305898,69.507025],[-56.278676,69.518073],[-56.231801,69.548102],[-56.226857,69.553839],[-56.223744,69.558966],[-56.218251,69.575751],[-56.215993,69.579352],[-56.21227,69.582953],[-56.206532,69.586432],[-56.153066,69.602118],[-56.095631,69.609565],[-55.926869,69.582648],[-55.762929,69.606879],[-55.751454,69.605536],[-55.741383,69.602484],[-55.708791,69.585517],[-55.701222,69.583197],[-55.697316,69.58277],[-55.685658,69.583686],[-55.633534,69.605109],[-55.619008,69.607184],[-55.601308,69.606757],[-55.590871,69.604193],[-55.505238,69.558783],[-55.130116,69.527045],[-54.864552,69.440863],[-54.817006,69.409919],[-54.80248,69.393622],[-54.795583,69.376899],[-54.797475,69.359931],[-54.809316,69.34278],[-54.817128,69.337775],[-54.828481,69.334601],[-55.217275,69.34278],[-55.481313,69.270819],[-55.865285,69.294806],[-55.871755,69.298285],[-55.877797,69.303107],[-55.883229,69.309027],[-55.923634,69.383063],[-55.927846,69.387152],[-55.932362,69.389777],[-55.937245,69.390753],[-55.934743,69.390204],[-55.934499,69.388678],[-55.936269,69.38642],[-55.939748,69.383368],[-56.019154,69.33515],[-56.042958,69.308783],[-56.051625,69.303473],[-56.081288,69.294806],[-56.14861,69.290595],[-56.222768,69.304511],[-56.229421,69.304084],[-56.23589,69.302497],[-56.242543,69.299506],[-56.249257,69.294806],[-56.253468,69.290107],[-56.256032,69.284369],[-56.257131,69.277777],[-56.256947,69.270514],[-56.253529,69.254706],[-56.247365,69.238349],[-56.22527,69.198798],[-56.211354,69.161933],[-56.210744,69.154975],[-56.211293,69.151252],[-56.214345,69.142951],[-56.220693,69.132758],[-56.235402,69.116706],[-56.246938,69.109442],[-56.259511,69.104682],[-56.35912,69.098334],[-56.366383,69.094794],[-56.371327,69.089118],[-56.373708,69.080878],[-56.373097,69.069525],[-56.369252,69.054755],[-56.3662,69.051215],[-56.359609,69.04737],[-56.153249,68.982733],[-56.143178,68.975409],[-56.124989,68.956061],[-56.043324,68.822821],[-56.021596,68.800238],[-55.990224,68.77912],[-55.894704,68.740729],[-55.779591,68.717292],[-55.660268,68.711066],[-55.549367,68.725531],[-55.497426,68.748481],[-55.239064,68.971503],[-55.207143,68.98664],[-55.185292,68.99195],[-55.036916,69.003546],[-55.00237,69.01496],[-54.93694,69.049628],[-54.898305,69.07862],[-54.882619,69.087165],[-54.874501,69.089301],[-54.865895,69.089667],[-54.856313,69.088202],[-54.833302,69.078803],[-54.828481,69.074774],[-54.824818,69.068793],[-54.822133,69.060981],[-54.817311,68.940253],[-54.812978,68.919257],[-54.809316,68.910773],[-54.806935,68.907599],[-54.803822,68.904853],[-54.800099,68.902716],[-54.791005,68.899726],[-54.748647,68.893012],[-54.740529,68.88935],[-54.737294,68.886786],[-54.734303,68.883307],[-54.732045,68.87934],[-54.728932,68.87049],[-54.722829,68.83039],[-54.719228,68.821784],[-54.716603,68.818],[-54.713246,68.814765],[-54.709828,68.812323],[-54.70165,68.808234],[-54.644521,68.792731],[-54.635854,68.786933],[-54.609303,68.761725],[-54.591908,68.751044],[-54.560536,68.740485],[-54.542897,68.738105],[-54.414967,68.743598],[-54.267751,68.71662],[-54.221303,68.716559],[-54.201894,68.721198],[-54.194386,68.725043],[-54.179433,68.73609],[-54.113271,68.814765],[-54.097157,68.825995],[-54.079457,68.834174],[-53.969228,68.862738],[-53.960378,68.86817],[-53.924672,68.897528],[-53.906484,68.908454],[-53.897267,68.910773],[-53.89037,68.911017],[-53.876515,68.908759],[-53.818471,68.886603],[-53.802602,68.883795],[-53.786,68.88465],[-53.762135,68.892279],[-53.584889,68.995917],[-53.553517,69.004828],[-53.516469,69.006537],[-53.499745,69.003485],[-53.486562,68.997992],[-53.476491,68.990546],[-53.468739,68.981757],[-53.444692,68.934149],[-53.438588,68.927375],[-53.430714,68.922736],[-53.420461,68.9206],[-53.407216,68.921576],[-53.219472,68.976142],[-53.197926,68.988532],[-53.189626,68.996649],[-53.183278,69.006232],[-53.179067,69.017524],[-53.177235,69.030768],[-53.179311,69.038581],[-53.185536,69.047187],[-53.208424,69.065985],[-53.3933,69.150763],[-53.452138,69.147406],[-53.559804,69.123175],[-53.576161,69.122382],[-53.581715,69.123847],[-53.585317,69.126776],[-53.58727,69.130561],[-53.588307,69.134345],[-53.588429,69.13819],[-53.587636,69.142157],[-53.58611,69.146125],[-53.583852,69.150092],[-53.57726,69.158026],[-53.533681,69.188788],[-53.539784,69.187018],[-53.541188,69.187079],[-53.541615,69.18769],[-53.540883,69.188849],[-53.533315,69.195197],[-53.478322,69.22724],[-53.279408,69.257941],[-53.199818,69.285163],[-52.935353,69.320502],[-52.908131,69.315741],[-52.889027,69.318793],[-52.881215,69.322821],[-52.820546,69.322638],[-52.599843,69.366095],[-52.529286,69.366767],[-52.309621,69.417487],[-52.278493,69.416571],[-52.13506,69.448188],[-52.101552,69.464179],[-52.005299,69.45362],[-51.953603,69.439154],[-51.953236,69.438788],[-51.936025,69.501715],[-51.931569,69.508857],[-51.929311,69.51081],[-51.750478,69.56623],[-51.721974,69.581366],[-51.710317,69.591071],[-51.700856,69.60224],[-51.693715,69.615424],[-51.68932,69.630805],[-51.688527,69.650946],[-51.693288,69.671027],[-51.703175,69.690985],[-51.717763,69.7107],[-51.759206,69.748542],[-51.813954,69.783515],[-51.949941,69.839972],[-52.097279,69.870795],[-52.307362,69.873053],[-52.374379,69.888617],[-52.556447,69.967292],[-52.559926,69.967292],[-52.567738,69.965949],[-52.633534,69.943305],[-52.704579,69.954901],[-52.967824,70.114691],[-52.990651,70.134833],[-53.023793,70.175482],[-53.030141,70.181159],[-53.033254,70.182807],[-53.064687,70.191474],[-53.172231,70.196967],[-53.189565,70.201239],[-53.254079,70.229499],[-53.264577,70.231879],[-53.329518,70.235358],[-53.37328,70.248786],[-53.667897,70.286414],[-53.962514,70.324042],[-53.967214,70.329962],[-53.970021,70.336371],[-53.970631,70.339789],[-53.970326,70.34693],[-53.969228,70.350775],[-53.967824,70.354071],[-53.965993,70.357062],[-53.960988,70.36225],[-53.954579,70.3664],[-53.94695,70.369818],[-53.591481,70.346625],[-53.236012,70.323432],[-53.032155,70.278571],[-53.031728,70.278571],[-53.0313,70.27851],[-53.030873,70.27851],[-53.030446,70.278388],[-53.030019,70.278388],[-52.689076,70.203864],[-52.591237,70.167426],[-52.587331,70.160712],[-52.575307,70.146003],[-52.562245,70.137274],[-52.543935,70.13172],[-52.50359,70.109565],[-52.502126,70.107733],[-52.488576,70.071662],[-52.485219,70.065985],[-52.483327,70.064032],[-52.481313,70.062812],[-52.440175,70.052008],[-52.394887,70.047919],[-52.388295,70.044684],[-52.356679,70.035529],[-52.345815,70.02851],[-52.336659,70.024482],[-52.327809,70.022467],[-52.317128,70.021857],[-52.309193,70.022773],[-52.298024,70.026435],[-52.296132,70.027533],[-52.197682,70.012091],[-52.170766,70.012763],[-52.079518,69.971564],[-52.049306,69.966742],[-51.995778,69.970038],[-51.945424,69.981269],[-51.706776,69.98786],[-51.691029,69.960883],[-51.665944,69.871894],[-51.665273,69.870795],[-51.659535,69.869086],[-51.5136,69.881659],[-51.489858,69.878852],[-51.480458,69.875556],[-51.473256,69.870795],[-51.454274,69.850714],[-51.449818,69.842597],[-51.413991,69.717597],[-51.416554,69.701117],[-51.416127,69.696418],[-51.414906,69.691962],[-51.413075,69.687751],[-51.410512,69.683905],[-51.407338,69.680487],[-51.403676,69.677558],[-51.399526,69.675116],[-51.388966,69.639411],[-51.387746,69.628791],[-51.388173,69.624823],[-51.389333,69.621588],[-51.391225,69.618964],[-51.393849,69.616828],[-51.397145,69.615058],[-51.447499,69.599555],[-51.476735,69.584906],[-51.484609,69.577582],[-51.488393,69.570258],[-51.488576,69.563056],[-51.485524,69.556098],[-51.479665,69.549384],[-51.460927,69.536811],[-51.435536,69.525946],[-51.377309,69.51081],[-51.261586,69.51435],[-51.261403,69.514228],[-51.260732,69.513617],[-51.26061,69.513373],[-51.260487,69.51319],[-51.260304,69.512946],[-51.260121,69.512824],[-51.259999,69.51258],[-51.259328,69.511908],[-51.225942,69.495063],[-51.17394,69.482795],[-51.130299,69.480048],[-51.116017,69.466559],[-51.107961,69.452521],[-51.10143,69.428229],[-51.100331,69.400702],[-51.104726,69.372382],[-51.114064,69.345404],[-51.128529,69.322028],[-51.137563,69.312445],[-51.147756,69.304633],[-51.159169,69.298896],[-51.17162,69.2956],[-51.2459,69.298285],[-51.249684,69.297431],[-51.251393,69.2956],[-51.251454,69.292426],[-51.234242,69.219123],[-51.234792,69.170356],[-51.27477,68.999274],[-51.287343,68.975959],[-51.29424,68.967658],[-51.301503,68.961432],[-51.309377,68.956977],[-51.31786,68.954108],[-51.336903,68.952094],[-51.408193,68.959174],[-51.422597,68.957831],[-51.494618,68.934638],[-51.497243,68.93476],[-51.501576,68.936469],[-51.506581,68.939276],[-51.563527,68.983466],[-51.598988,69.002692],[-51.617299,69.006781],[-52.053853,68.984473],[-52.490407,68.962165],[-52.529164,68.950019],[-52.549733,68.938483],[-52.583302,68.909735],[-52.636586,68.846747],[-52.665578,68.822516],[-52.682668,68.814399],[-52.70226,68.809821],[-52.724965,68.809333],[-52.751271,68.813544],[-52.81725,68.838813],[-52.823781,68.84339],[-52.827199,68.849189],[-52.827992,68.855902],[-52.826589,68.863471],[-52.81841,68.8805],[-52.770314,68.948371],[-52.768666,68.954169],[-52.769276,68.958747],[-52.774281,68.964423],[-52.783498,68.970282],[-53.009267,69.030768],[-53.020558,69.027533],[-53.273305,68.814765],[-53.284291,68.781989],[-53.286672,68.754462],[-53.278066,68.693793],[-53.279042,68.685736],[-53.281911,68.677863],[-53.287099,68.670172],[-53.295094,68.662482],[-53.321278,68.646796],[-53.33141,68.643622],[-53.343617,68.642462],[-53.357411,68.643134],[-53.551686,68.694892],[-53.561269,68.69477],[-53.569569,68.692816],[-53.612294,68.668402],[-53.732533,68.573004],[-53.790822,68.557257],[-53.79839,68.553229],[-53.801259,68.550788],[-53.805592,68.545844],[-53.808888,68.540717],[-53.813039,68.529731],[-53.816213,68.480475],[-53.819142,68.467597],[-53.825246,68.454779],[-53.8438,68.430182],[-53.861012,68.415778],[-53.869069,68.411566],[-53.876637,68.409003],[-53.883778,68.407782],[-53.896352,68.408087],[-53.914662,68.411444],[-53.917653,68.411017],[-53.91985,68.409552],[-53.921254,68.406806],[-53.923207,68.396491],[-53.922047,68.373542],[-53.891591,68.275702],[-53.888722,68.256903],[-53.889577,68.249396],[-53.892323,68.243293],[-53.897267,68.238776],[-53.911061,68.232672],[-53.926564,68.229315],[-53.961293,68.229377],[-54.140126,68.268073],[-54.151845,68.266669],[-54.161244,68.262763],[-54.165456,68.258368],[-54.168324,68.251715],[-54.180043,68.163092],[-54.184193,68.153876],[-54.18987,68.14643],[-54.197377,68.141181],[-54.206899,68.138495],[-54.2188,68.138922],[-54.233266,68.142768],[-54.250722,68.151313],[-54.262624,68.161933],[-54.269887,68.174445],[-54.273244,68.188483],[-54.273549,68.203681],[-54.256093,68.302253],[-54.257558,68.31684],[-54.26238,68.330207],[-54.271413,68.341803],[-54.285451,68.351447],[-54.305287,68.358771],[-54.345265,68.365424],[-54.376576,68.362921],[-54.40154,68.353705],[-54.464345,68.308417],[-54.489613,68.295233],[-54.521291,68.286811],[-54.529591,68.286689],[-54.53777,68.28852],[-54.572316,68.304877],[-54.593251,68.310736],[-54.631825,68.3133],[-54.665028,68.310797],[-54.809316,68.262763],[-54.866811,68.25788],[-54.964345,68.267829],[-55.0985,68.308539],[-55.121327,68.310736],[-55.139027,68.30744],[-55.289296,68.238776],[-55.589314,68.238776],[-55.889333,68.238776],[-56.009267,68.214789],[-56.021169,68.216132],[-56.031361,68.219611],[-56.06078,68.234565],[-56.072804,68.238227],[-56.087392,68.239936],[-56.105275,68.238776],[-56.425506,68.123969],[-56.745737,68.009162],[-57.065968,67.894355],[-57.097401,67.876044],[-57.107472,67.86579],[-57.113271,67.854804],[-57.116811,67.837958],[-57.117177,67.823065],[-57.114491,67.810065],[-57.109242,67.798774],[-57.101857,67.788825],[-57.092458,67.780158],[-56.990041,67.72724],[-56.969289,67.710822],[-56.962941,67.702277],[-56.928822,67.625678],[-56.906117,67.597846],[-56.864491,67.559943],[-56.858144,67.550116],[-56.853139,67.536933],[-56.849294,67.518744],[-56.849049,67.509711],[-56.850819,67.500373],[-56.854237,67.49079],[-56.88799,67.429633],[-56.894887,67.407843],[-56.895802,67.396735],[-56.89446,67.385443],[-56.890553,67.37403],[-56.883656,67.362494],[-56.873219,67.350775],[-56.865773,67.345465],[-56.856068,67.34162],[-56.83141,67.337653],[-56.681325,67.350775],[-56.649587,67.336982],[-56.369252,67.086737],[-56.367482,67.083808],[-56.366322,67.080329],[-56.365773,67.076361],[-56.371266,67.026435],[-56.370412,67.018195],[-56.369252,67.014777],[-56.368153,67.013251],[-56.364064,67.010443],[-56.327748,66.99549],[-56.322865,66.992377],[-56.264394,66.917609],[-56.262563,66.913275],[-56.262196,66.909491],[-56.263173,66.905951],[-56.265675,66.902289],[-56.307607,66.858161],[-56.314748,66.846015],[-56.319081,66.834235],[-56.320912,66.822882],[-56.320668,66.811896],[-56.315114,66.790717],[-56.282216,66.731635],[-56.274831,66.71247],[-56.273305,66.702826],[-56.273427,66.696845],[-56.274587,66.691352],[-56.276601,66.686408],[-56.279347,66.68183],[-56.311879,66.650214],[-56.318044,66.641303],[-56.320058,66.636298],[-56.321278,66.630805],[-56.321523,66.624945],[-56.32079,66.619513],[-56.317189,66.609381],[-56.29955,66.579169],[-56.295461,66.56684],[-56.294301,66.552314],[-56.297292,66.534796],[-56.304799,66.515937],[-56.361318,66.433112],[-56.367604,66.413398],[-56.369252,66.390815],[-56.35967,66.329413],[-56.338246,66.266059],[-56.273305,66.150763],[-56.217214,66.089423],[-56.19225,66.072577],[-56.015797,65.995185],[-55.904042,65.895026],[-55.889333,65.886786],[-55.812184,65.868232],[-55.669423,65.856818],[-55.643971,65.850165],[-55.633717,65.84516],[-55.609486,65.825568],[-55.425038,65.738898],[-55.36974,65.723761],[-55.361256,65.718817],[-55.345631,65.704901],[-55.280873,65.592108],[-55.265309,65.574774],[-55.262685,65.57276],[-55.255238,65.569037],[-55.195912,65.55213],[-55.129872,65.50373],[-55.022084,65.378119],[-55.017384,65.367072],[-55.007985,65.301581],[-55.004079,65.291144],[-55.001332,65.28675],[-54.998341,65.283332],[-54.990773,65.276984],[-54.93279,65.24195],[-54.926198,65.235358],[-54.884633,65.169623],[-54.872182,65.160834],[-54.699757,65.101508],[-54.679433,65.087226],[-54.661794,65.070319],[-54.596913,64.977362],[-54.593251,64.974799],[-54.566335,64.963874],[-54.543813,64.959906],[-54.49352,64.962226],[-54.48644,64.961005],[-54.47936,64.95838],[-54.472279,64.953925],[-54.464955,64.947516],[-54.449269,64.926764],[-54.44579,64.919562],[-54.443959,64.911994],[-54.443532,64.90412],[-54.444386,64.896003],[-54.473927,64.802863],[-54.473256,64.782782],[-54.471181,64.775641],[-54.46172,64.758307],[-54.388722,64.6612],[-54.3579,64.604804],[-54.350819,64.578864],[-54.350453,64.559577],[-54.35204,64.551642],[-54.368459,64.516608],[-54.369862,64.510932],[-54.369985,64.504706],[-54.368642,64.497809],[-54.36559,64.489997],[-54.360585,64.481086],[-54.345326,64.461982],[-54.326527,64.447577],[-54.193166,64.403388],[-54.171193,64.388739],[-54.065297,64.270392],[-54.049794,64.258857],[-54.041249,64.254828],[-54.035817,64.253302],[-54.02953,64.25257],[-53.928151,64.261298],[-53.87328,64.254828],[-53.858266,64.249762],[-53.801442,64.213568],[-53.789967,64.208991],[-53.777272,64.206794],[-53.486073,64.258857],[-53.458608,64.273871],[-53.372914,64.342597],[-53.287221,64.391181],[-53.162282,64.439032],[-53.138295,64.457709],[-53.119008,64.483588],[-53.105275,64.518805],[-53.104787,64.523078],[-53.105275,64.527777],[-53.106679,64.53266],[-53.111806,64.542853],[-53.184743,64.624457],[-53.194753,64.642279],[-53.202138,64.669013],[-53.20165,64.675482],[-53.197438,64.688727],[-53.155873,64.765265],[-53.153615,64.780646],[-53.154347,64.780219],[-53.155507,64.781195],[-53.185353,64.855902],[-53.191579,64.921088],[-53.166737,65.16474],[-53.157155,65.193915],[-53.150136,65.203742],[-53.145863,65.207526],[-53.141042,65.210578],[-53.129262,65.214789],[-53.120107,65.215644],[-53.112294,65.214301],[-53.105641,65.210944],[-53.100026,65.205756],[-53.095326,65.199042],[-53.062489,65.102057],[-53.05724,65.094794],[-53.037404,65.077948],[-52.921254,65.006659],[-52.90923,64.99372],[-52.905812,64.987799],[-52.87505,64.892279],[-52.865285,64.878791],[-52.81725,64.854804],[-52.80132,64.84278],[-52.789662,64.830756],[-52.781789,64.818915],[-52.777211,64.807135],[-52.775441,64.795417],[-52.775929,64.783698],[-52.799916,64.700446],[-52.800221,64.688056],[-52.798146,64.675544],[-52.793263,64.662787],[-52.781728,64.643134],[-52.755055,64.612921],[-52.668019,64.558783],[-52.645131,64.539008],[-52.636281,64.526496],[-52.629567,64.511542],[-52.625234,64.493598],[-52.623708,64.472174],[-52.628285,64.428778],[-52.638417,64.399359],[-52.653127,64.377692],[-52.671498,64.362189],[-52.692311,64.351203],[-52.803212,64.311835],[-53.11321,64.093573],[-53.162526,64.081183],[-53.166127,64.079413],[-53.169301,64.07685],[-53.17217,64.07331],[-53.177235,64.062812],[-53.179494,64.048651],[-53.174672,63.97071],[-53.15331,63.870795],[-53.142018,63.850409],[-53.128896,63.835517],[-53.114369,63.824408],[-53.049367,63.788947],[-53.033254,63.774787],[-53.009267,63.726813],[-52.988393,63.700629],[-52.781178,63.549445],[-52.761037,63.542975],[-52.74529,63.534796],[-52.700917,63.501166],[-52.690785,63.488105],[-52.688039,63.482001],[-52.686574,63.476081],[-52.686208,63.470038],[-52.698659,63.386847],[-52.694692,63.365058],[-52.686025,63.348761],[-52.673146,63.337287],[-52.656606,63.32984],[-52.636891,63.325812],[-52.456227,63.33393],[-52.406911,63.327216],[-52.385243,63.318793],[-52.372609,63.310126],[-52.363393,63.299628],[-52.356923,63.287604],[-52.342091,63.234809],[-52.24651,63.073065],[-52.16686,62.995368],[-52.118825,62.966498],[-52.063893,62.94599],[-52.001271,62.93476],[-51.996327,62.935187],[-51.990956,62.937018],[-51.907033,62.992987],[-51.883351,63.002082],[-51.857289,63.006781],[-51.83019,63.005439],[-51.726552,62.973395],[-51.666982,62.940985],[-51.648488,62.924994],[-51.6433,62.917609],[-51.641286,62.910773],[-51.642568,62.902655],[-51.647023,62.895087],[-51.654042,62.88819],[-51.73528,62.844611],[-51.754323,62.82984],[-51.76061,62.821479],[-51.764211,62.812323],[-51.764638,62.802069],[-51.761281,62.790778],[-51.74944,62.771064],[-51.733876,62.754889],[-51.715138,62.742011],[-51.693776,62.731818],[-51.467152,62.688788],[-51.456044,62.681037],[-51.449269,62.670783],[-51.447316,62.661322],[-51.447743,62.650824],[-51.450307,62.639228],[-51.499196,62.532721],[-51.505238,62.508246],[-51.505238,62.497321],[-51.502675,62.487433],[-51.497243,62.478766],[-51.48174,62.464606],[-51.462758,62.452887],[-51.416493,62.436042],[-51.363026,62.426947],[-51.251332,62.427253],[-51.162343,62.443671],[-51.137257,62.45484],[-51.12914,62.462348],[-51.125478,62.470221],[-51.125478,62.478583],[-51.128651,62.487189],[-51.13445,62.496161],[-51.207265,62.571784],[-51.211171,62.581061],[-51.212026,62.590094],[-51.209279,62.598822],[-51.203908,62.604804],[-51.195424,62.609687],[-51.184193,62.613532],[-51.121083,62.61994],[-51.050038,62.614875],[-50.99944,62.602607],[-50.993276,62.598822],[-50.990834,62.595771],[-50.989552,62.591864],[-50.989308,62.587348],[-50.989919,62.582282],[-50.998647,62.559211],[-51.017262,62.526801],[-51.026173,62.49842],[-51.026967,62.492377],[-51.026357,62.487311],[-51.015859,62.451178],[-51.013539,62.447821],[-50.962636,62.41059],[-50.952809,62.398261],[-50.945241,62.382819],[-50.943044,62.370185],[-50.951405,62.287726],[-50.950063,62.273749],[-50.948171,62.267829],[-50.945241,62.262763],[-50.941762,62.259528],[-50.929189,62.253607],[-50.806874,62.21894],[-50.801259,62.214789],[-50.799489,62.212653],[-50.777272,62.142768],[-50.758717,62.120124],[-50.736867,62.10517],[-50.712148,62.097113],[-50.68517,62.095038],[-50.656484,62.09809],[-50.596425,62.115912],[-50.402882,62.214118],[-50.3933,62.214789],[-50.385426,62.211005],[-50.367055,62.194525],[-50.289723,62.072455],[-50.272817,62.027533],[-50.273244,62.022773],[-50.278188,62.014838],[-50.284413,62.008368],[-50.291615,62.003241],[-50.29955,61.999335],[-50.316762,61.994574],[-50.350087,61.993781],[-50.369496,61.997748],[-50.370412,61.99842],[-50.369252,61.998786],[-50.486562,62.020026],[-50.512929,62.019477],[-50.538075,62.013007],[-50.550038,62.007025],[-50.561269,61.998786],[-50.566579,61.993354],[-50.570058,61.987677],[-50.572072,61.981757],[-50.572682,61.975531],[-50.557729,61.90705],[-50.557057,61.882758],[-50.561269,61.854804],[-50.56194,61.853888],[-50.603688,61.835211],[-50.608205,61.832099],[-50.609303,61.830817],[-50.61382,61.818366],[-50.616322,61.8039],[-50.616017,61.770209],[-50.600575,61.694342],[-50.561269,61.590827],[-50.554738,61.582648],[-50.537404,61.569037],[-50.400624,61.523139],[-50.383168,61.510993],[-50.278432,61.378119],[-50.273244,61.374823],[-50.032582,61.325568],[-50.009267,61.326789],[-50.002797,61.329596],[-49.996755,61.335211],[-49.957326,61.398322],[-49.938344,61.41883],[-49.926869,61.426703],[-49.913686,61.432318],[-49.898793,61.435309],[-49.881886,61.435004],[-49.862782,61.430976],[-49.841298,61.422797],[-49.828114,61.415473],[-49.817616,61.406989],[-49.809438,61.397528],[-49.803334,61.387152],[-49.795949,61.36402],[-49.781911,61.256903],[-49.769215,61.23078],[-49.760915,61.220282],[-49.566518,61.0857],[-49.539662,61.055487],[-49.526296,61.032294],[-49.506825,60.921515],[-49.505238,60.91883],[-49.499989,60.91352],[-49.137318,60.737067],[-48.774648,60.560614],[-48.765065,60.5586],[-48.76122,60.558783],[-48.748525,60.562751],[-48.737904,60.568915],[-48.729115,60.576972],[-48.715505,60.596991],[-48.694447,60.642768],[-48.681203,60.662543],[-48.672658,60.670295],[-48.662343,60.676215],[-48.649892,60.679816],[-48.634999,60.680793],[-48.617238,60.678778],[-48.608815,60.676032],[-48.589589,60.664191],[-48.471791,60.532294],[-48.454457,60.471015],[-48.451039,60.464545],[-48.449269,60.462775],[-48.428822,60.452216],[-48.180776,60.404853],[-48.058034,60.344367],[-48.041249,60.34278],[-48.016103,60.347296],[-47.870961,60.410895],[-47.846059,60.416571],[-47.835072,60.416693],[-47.825246,60.414801],[-47.821462,60.41297],[-47.817983,60.410346],[-47.81487,60.406867],[-47.737843,60.244818],[-47.727101,60.234931],[-47.71349,60.226447],[-47.694325,60.21955],[-47.682851,60.218207],[-47.658437,60.220404],[-47.538991,60.259284],[-47.46526,60.270819],[-47.092519,60.183905],[-47.042714,60.183966],[-47.02361,60.189276],[-47.009267,60.198798],[-47.002065,60.208564],[-46.997914,60.219672],[-46.996388,60.232123],[-46.997182,60.245429],[-47.004262,60.273505],[-47.081288,60.414801],[-47.101552,60.433417],[-47.241444,60.521552],[-47.248464,60.530585],[-47.252309,60.53974],[-47.252797,60.54914],[-47.249257,60.558783],[-47.247548,60.560492],[-47.227162,60.568793],[-47.154408,60.582587],[-47.124684,60.582099],[-47.061391,60.560126],[-46.995107,60.524359],[-46.983449,60.512702],[-46.966359,60.486518],[-46.937489,60.376654],[-46.928212,60.356574],[-46.921559,60.348761],[-46.913258,60.34278],[-46.886708,60.330329],[-46.864858,60.323859],[-46.847157,60.322577],[-46.832997,60.325995],[-46.821889,60.33338],[-46.813344,60.344001],[-46.806752,60.357367],[-46.777577,60.455634],[-46.769399,60.46894],[-46.758778,60.479499],[-46.74529,60.486762],[-46.739003,60.48786],[-46.731374,60.487311],[-46.713124,60.481757],[-46.648915,60.442694],[-46.614552,60.41175],[-46.604848,60.398871],[-46.607533,60.398871],[-46.610829,60.397284],[-46.618581,60.39057],[-46.627248,60.380561],[-46.65099,60.342658],[-46.650685,60.341986],[-46.649281,60.34278],[-46.774159,60.250312],[-46.790517,60.227362],[-46.795461,60.215155],[-46.79778,60.202338],[-46.79717,60.18891],[-46.793324,60.17475],[-46.787831,60.165351],[-46.780141,60.158271],[-46.770314,60.153144],[-46.745961,60.147834],[-46.630177,60.155219],[-46.608998,60.153632],[-46.601247,60.150824],[-46.593007,60.145209],[-46.586232,60.138129],[-46.580739,60.12995],[-46.576283,60.120673],[-46.543813,60.003424],[-46.529286,59.982795],[-46.526845,59.981147],[-46.523061,59.979926],[-46.463429,59.975775],[-46.426259,59.967292],[-46.409291,59.958808],[-46.402699,59.953681],[-46.390859,59.940009],[-46.348561,59.852607],[-46.341115,59.842047],[-46.33727,59.838813],[-46.332082,59.836249],[-46.319142,59.83277],[-46.203359,59.818549],[-46.080556,59.745063],[-46.058095,59.739447],[-45.862233,59.727912],[-45.841115,59.722724],[-45.833302,59.718817],[-45.82787,59.714118],[-45.823598,59.707892],[-45.820424,59.700446],[-45.806874,59.597907],[-45.798695,59.57331],[-45.785268,59.550788],[-45.78484,59.550788],[-45.665273,59.478827],[-45.619801,59.47309],[-45.580251,59.474555],[-45.545339,59.48133],[-45.429921,59.522528],[-45.401296,59.526801],[-45.154408,59.510565],[-45.137624,59.515937],[-45.126515,59.524359],[-45.122243,59.536444],[-45.125905,59.552558],[-45.1386,59.573188],[-45.161305,59.598822],[-45.178883,59.613654],[-45.198171,59.625067],[-45.240468,59.639045],[-45.233022,59.638434],[-45.225331,59.639045],[-45.209218,59.643256],[-45.14269,59.671332],[-45.127309,59.673529],[-45.120168,59.672919],[-45.113271,59.670783],[-45.103261,59.665351],[-45.094777,59.658515],[-45.087758,59.65058],[-45.077199,59.631903],[-45.054738,59.548407],[-45.046681,59.532782],[-45.041249,59.526801],[-45.023915,59.516181],[-44.825307,59.454779],[-44.812184,59.455817],[-44.646962,59.497382],[-44.635915,59.503302],[-44.573781,59.559394],[-44.515859,59.582648],[-44.407033,59.602973],[-44.297353,59.603217],[-44.254201,59.593085],[-44.23766,59.585028],[-44.22527,59.574836],[-44.216603,59.563544],[-44.212453,59.555365],[-44.20934,59.542975],[-44.20818,59.541144],[-44.206227,59.539252],[-44.199208,59.535224],[-44.169789,59.524726],[-44.162831,59.523993],[-44.156484,59.524237],[-44.144643,59.527655],[-44.113149,59.546088],[-44.101674,59.550544],[-44.095387,59.551581],[-44.088612,59.551764],[-44.081288,59.550788],[-44.077443,59.549323],[-44.074086,59.546942],[-44.071034,59.543586],[-44.05309,59.515692],[-44.044606,59.507514],[-44.039357,59.504462],[-44.033315,59.502265],[-44.026357,59.501105],[-44.018422,59.501288],[-43.998586,59.506171],[-43.97936,59.516669],[-43.913869,59.578253],[-43.89623,59.590277],[-43.876332,59.59748],[-43.865285,59.598822],[-43.860341,59.598578],[-43.850697,59.59571],[-43.797414,59.553168],[-43.773549,59.541693],[-43.739491,59.53144],[-43.711049,59.529792],[-43.685841,59.534552],[-43.607594,59.564765],[-43.548756,59.574897],[-43.540151,59.573676],[-43.487172,59.551825],[-43.387502,59.548651],[-43.331715,59.558417],[-43.118764,59.630194],[-43.018666,59.646979],[-43.004506,59.645453],[-42.93163,59.622626],[-42.929311,59.622809],[-42.925404,59.624335],[-42.853688,59.68183],[-42.818044,59.702277],[-42.766347,59.721625],[-42.702138,59.735541],[-42.693044,59.739814],[-42.68932,59.742804],[-42.684621,59.748236],[-42.680714,59.754645],[-42.674733,59.769721],[-42.658437,59.838874],[-42.651418,59.852668],[-42.64684,59.858283],[-42.641286,59.862799],[-42.627675,59.86933],[-42.61266,59.87287],[-42.539662,59.876776],[-42.497304,59.886786],[-42.475453,59.897956],[-42.369557,59.998114],[-42.353322,60.006842],[-42.347096,60.008246],[-42.340688,60.008246],[-42.334279,60.007209],[-42.283315,59.98194],[-42.272084,59.978644],[-42.266774,59.978644],[-42.261891,59.979926],[-42.257314,59.982795],[-42.255788,59.984687],[-42.233327,60.054816],[-42.161305,60.17475],[-42.157216,60.193183],[-42.158131,60.209845],[-42.163564,60.224921],[-42.173268,60.238227],[-42.186757,60.249945],[-42.203664,60.259955],[-42.246083,60.275031],[-42.354482,60.285712],[-42.473256,60.270819],[-42.492177,60.26435],[-42.509328,60.255072],[-42.537953,60.232184],[-42.569325,60.198798],[-42.639027,60.153876],[-42.653432,60.150214],[-42.669911,60.149054],[-42.68932,60.150824],[-42.703908,60.156012],[-42.749928,60.184943],[-42.799855,60.23194],[-42.819386,60.259711],[-42.83141,60.289008],[-42.833852,60.3039],[-42.833302,60.318793],[-42.832143,60.324774],[-42.827992,60.335273],[-42.822133,60.344306],[-42.79308,60.3758],[-42.780629,60.400519],[-42.77422,60.407721],[-42.766164,60.41297],[-42.756642,60.416327],[-42.745839,60.418402],[-42.634755,60.42182],[-42.606496,60.431159],[-42.593251,60.438788],[-42.591908,60.440497],[-42.590871,60.443305],[-42.590321,60.446845],[-42.594045,60.508246],[-42.593251,60.51081],[-42.591054,60.514106],[-42.588124,60.516791],[-42.584523,60.518988],[-42.575612,60.52204],[-42.532948,60.528876],[-42.524587,60.532355],[-42.521291,60.534796],[-42.517323,60.539496],[-42.501332,60.578009],[-42.497304,60.582831],[-42.428151,60.607123],[-42.426015,60.607245],[-42.425282,60.606757],[-42.424428,60.631415],[-42.425893,60.640204],[-42.428395,60.647162],[-42.431874,60.652289],[-42.436208,60.656134],[-42.441151,60.658759],[-42.446767,60.660651],[-42.47234,60.665229],[-42.485402,60.669806],[-42.491567,60.67359],[-42.497304,60.678778],[-42.532948,60.726142],[-42.539784,60.743354],[-42.540273,60.756903],[-42.53539,60.767401],[-42.526051,60.775214],[-42.513112,60.780951],[-42.394215,60.805487],[-42.383656,60.812873],[-42.377309,60.822821],[-42.378163,60.82215],[-42.379933,60.822211],[-42.38561,60.824103],[-42.425282,60.846808],[-42.426381,60.851325],[-42.426503,60.855597],[-42.425771,60.859626],[-42.422231,60.867316],[-42.405507,60.891303],[-42.401601,60.901007],[-42.400624,60.90644],[-42.400502,60.91236],[-42.401296,60.91883],[-42.40276,60.923896],[-42.404897,60.928229],[-42.407643,60.931952],[-42.410939,60.935126],[-42.441579,60.952887],[-42.444447,60.955634],[-42.446767,60.958808],[-42.448415,60.96247],[-42.44933,60.966803],[-42.449208,60.970038],[-42.448293,60.973639],[-42.444569,60.981513],[-42.431508,60.998053],[-42.415395,61.010993],[-42.407704,61.01435],[-42.404347,61.015021],[-42.401296,61.014838],[-42.391347,61.011542],[-42.388051,61.009589],[-42.385671,61.007514],[-42.384145,61.005194],[-42.383229,61.002753],[-42.383046,60.983588],[-42.38152,60.975592],[-42.377309,60.966803],[-42.375356,60.964423],[-42.369985,60.960211],[-42.334706,60.946723],[-42.330434,60.944159],[-42.329335,60.942816],[-42.323842,60.93183],[-42.318593,60.910468],[-42.318898,60.858588],[-42.317006,60.852851],[-42.313466,60.848334],[-42.307912,60.845038],[-42.299916,60.843207],[-42.275014,60.84394],[-42.249135,60.848944],[-42.243031,60.851752],[-42.238881,60.85517],[-42.236379,60.859015],[-42.23528,60.863349],[-42.235524,60.867987],[-42.236684,60.872992],[-42.256764,60.914496],[-42.257314,60.91883],[-42.257069,60.920539],[-42.25536,60.925055],[-42.25237,60.930487],[-42.244252,60.941046],[-42.240163,60.944709],[-42.238271,60.945746],[-42.236623,60.946234],[-42.235158,60.945868],[-42.234059,60.944831],[-42.233327,60.942816],[-42.236318,60.953742],[-42.244191,60.971625],[-42.253651,60.985053],[-42.279652,61.012274],[-42.282155,61.016547],[-42.283681,61.021186],[-42.284169,61.026313],[-42.283437,61.032172],[-42.2813,61.038764],[-42.278676,61.042365],[-42.274526,61.044562],[-42.269032,61.045783],[-42.218129,61.047187],[-42.212514,61.049567],[-42.20818,61.05329],[-42.205434,61.058661],[-42.204457,61.065802],[-42.205678,61.07508],[-42.209279,61.086798],[-42.210011,61.087348],[-42.211537,61.087714],[-42.257314,61.086798],[-42.267568,61.090583],[-42.270802,61.092658],[-42.273061,61.094916],[-42.274526,61.097357],[-42.275197,61.099921],[-42.275441,61.102607],[-42.274464,61.115241],[-42.275136,61.122565],[-42.276296,61.126471],[-42.278371,61.130561],[-42.388661,61.259284],[-42.402699,61.28913],[-42.405507,61.303351],[-42.404897,61.316779],[-42.400258,61.329291],[-42.391225,61.340644],[-42.377309,61.350775],[-42.363332,61.355658],[-42.348683,61.355292],[-42.333485,61.350531],[-42.301808,61.330146],[-42.175954,61.213446],[-42.16216,61.206794],[-42.14922,61.204352],[-42.137257,61.206794],[-42.130544,61.210761],[-42.125966,61.215583],[-42.12328,61.221137],[-42.122365,61.227362],[-42.122914,61.234137],[-42.124745,61.241461],[-42.156728,61.30976],[-42.174672,61.369086],[-42.174367,61.383551],[-42.172475,61.390753],[-42.169118,61.397895],[-42.164174,61.404731],[-42.157338,61.411322],[-42.148427,61.417304],[-42.137257,61.422797],[-42.12444,61.426093],[-42.111318,61.425727],[-42.098012,61.422492],[-41.987477,61.358588],[-41.973805,61.354804],[-41.960317,61.353949],[-41.947072,61.356635],[-41.93401,61.363349],[-41.921254,61.374823],[-41.915822,61.383612],[-41.914418,61.392585],[-41.916676,61.401923],[-41.921925,61.411505],[-41.996571,61.491523],[-42.013234,61.519477],[-42.017934,61.534491],[-42.01946,61.550238],[-42.017323,61.566779],[-42.0136,61.578437],[-42.009023,61.587348],[-42.003651,61.593634],[-41.997487,61.597846],[-41.99059,61.600287],[-41.982961,61.601386],[-41.923695,61.598639],[-41.899403,61.602973],[-41.87328,61.614814],[-41.87029,61.617072],[-41.864186,61.623847],[-41.828175,61.683661],[-41.821584,61.690253],[-41.747121,61.737433],[-41.666798,61.751715],[-41.642568,61.761176],[-41.632008,61.767951],[-41.623036,61.776313],[-41.615895,61.786566],[-41.610951,61.798957],[-41.608693,61.813605],[-41.609303,61.830817],[-41.611745,61.837958],[-41.616811,61.843268],[-41.624135,61.846869],[-41.633412,61.848944],[-41.655995,61.849433],[-41.753285,61.830817],[-41.759572,61.833625],[-41.764516,61.83692],[-41.768544,61.840644],[-41.789296,61.871588],[-41.802541,61.88526],[-41.823232,61.90058],[-41.893361,61.934394],[-42.046803,61.967841],[-42.056874,61.973395],[-42.0631,61.980292],[-42.064931,61.988959],[-42.061757,61.99964],[-42.053151,62.012519],[-41.994252,62.067878],[-41.981374,62.084906],[-41.977406,62.098334],[-41.98113,62.10871],[-41.991139,62.116767],[-42.006337,62.123053],[-42.134023,62.155402],[-42.149587,62.165351],[-42.160146,62.178229],[-42.164479,62.194525],[-42.161305,62.214789],[-42.157948,62.21894],[-42.151112,62.22309],[-41.969289,62.262763],[-41.945668,62.27204],[-41.915151,62.289496],[-41.907338,62.297736],[-41.903737,62.305793],[-41.903798,62.313849],[-41.907094,62.321906],[-41.913075,62.329962],[-41.975087,62.384467],[-41.993276,62.406806],[-42.028066,62.479804],[-42.035878,62.512458],[-42.037709,62.542426],[-42.034047,62.569648],[-42.025136,62.594062],[-42.011464,62.615668],[-41.993214,62.634284],[-41.970876,62.649909],[-41.944753,62.662543],[-41.88268,62.678412],[-41.809987,62.681281],[-41.729298,62.670783],[-41.721791,62.668402],[-41.601308,62.585639],[-41.579945,62.576545],[-41.57018,62.574591],[-41.56133,62.574774],[-41.552541,62.577277],[-41.544789,62.58161],[-41.538014,62.587653],[-41.531972,62.595038],[-41.481007,62.701422],[-41.465321,62.718817],[-41.461293,62.721564],[-41.456532,62.723883],[-41.377553,62.739386],[-41.369313,62.742804],[-41.34496,62.760199],[-41.330678,62.775824],[-41.326894,62.782965],[-41.325307,62.78974],[-41.325551,62.796149],[-41.327687,62.802191],[-41.331532,62.807807],[-41.336781,62.813117],[-41.351491,62.82276],[-41.3933,62.838813],[-41.444569,62.846686],[-41.447987,62.848029],[-41.450917,62.849982],[-41.453603,62.852851],[-41.458424,62.861945],[-41.466237,62.895453],[-41.465199,62.903327],[-41.462331,62.910529],[-41.457936,62.91706],[-41.45226,62.922858],[-41.437856,62.932929],[-41.362782,62.962287],[-41.350331,62.971991],[-41.27953,63.050971],[-41.236256,63.072089],[-41.218556,63.07685],[-41.211415,63.077216],[-41.205434,63.076239],[-41.200185,63.07392],[-41.19579,63.070258],[-41.192067,63.065253],[-41.188893,63.058905],[-41.171193,62.978034],[-41.169667,62.975043],[-41.167958,62.972724],[-41.165883,62.970771],[-41.163442,62.969306],[-41.120229,62.956916],[-41.10912,62.956732],[-41.082265,62.960517],[-41.017751,62.980414],[-40.913319,63.030829],[-40.912221,63.03205],[-40.91161,63.03382],[-40.911244,63.0362],[-40.913808,63.076972],[-40.913319,63.078803],[-40.911549,63.081488],[-40.908803,63.084418],[-40.847646,63.120795],[-40.841298,63.126776],[-40.794667,63.151252],[-40.793446,63.151313],[-40.793324,63.150824],[-40.792348,63.154486],[-40.795216,63.290839],[-40.793324,63.294806],[-40.781606,63.305976],[-40.767018,63.314765],[-40.690724,63.343451],[-40.649342,63.366767],[-40.558949,63.45954],[-40.313222,63.649237],[-40.296132,63.675605],[-40.29131,63.689032],[-40.289296,63.702765],[-40.290517,63.705878],[-40.519276,64.010688],[-40.527882,64.035346],[-40.521352,64.04151],[-40.518788,64.045295],[-40.51415,64.058539],[-40.513966,64.076361],[-40.519704,64.094672],[-40.506764,64.126044],[-40.505299,64.134772],[-40.50768,64.156317],[-40.514333,64.173896],[-40.53954,64.213141],[-40.541737,64.219123],[-40.542714,64.225348],[-40.542287,64.231879],[-40.540028,64.238837],[-40.535756,64.246466],[-40.529347,64.254828],[-40.52245,64.261237],[-40.514638,64.266181],[-40.505788,64.269721],[-40.495961,64.272101],[-40.377675,64.27204],[-40.073293,64.326789],[-40.049489,64.323127],[-39.937978,64.280341],[-39.920339,64.277045],[-39.912465,64.277167],[-39.905263,64.278754],[-39.899709,64.281623],[-39.824025,64.34748],[-39.771352,64.4206],[-39.756825,64.460395],[-39.754262,64.480292],[-39.755605,64.499762],[-39.761342,64.518805],[-39.768422,64.532172],[-39.776784,64.542548],[-39.786366,64.550421],[-39.796925,64.556037],[-39.808339,64.55976],[-39.83318,64.562628],[-39.914967,64.559088],[-39.941029,64.56269],[-39.96935,64.574469],[-39.999501,64.593268],[-40.117177,64.708319],[-40.121327,64.710761],[-40.146779,64.717658],[-40.168446,64.717841],[-40.187245,64.713141],[-40.233876,64.690131],[-40.249013,64.685981],[-40.256947,64.685614],[-40.265309,64.686835],[-40.284474,64.693305],[-40.300099,64.702704],[-40.31255,64.714179],[-40.322133,64.72724],[-40.329091,64.741278],[-40.333669,64.755622],[-40.33727,64.782782],[-40.334584,64.807502],[-40.3261,64.82984],[-40.312184,64.849799],[-40.293446,64.867377],[-40.243581,64.895575],[-40.18047,64.914618],[-40.031972,64.925971],[-39.881337,64.902777],[-39.876943,64.900702],[-39.811513,64.837348],[-39.759755,64.800116],[-39.729482,64.787055],[-39.706899,64.781806],[-39.612416,64.787909],[-39.59911,64.785285],[-39.593312,64.782782],[-39.429128,64.616828],[-39.425282,64.614814],[-39.406728,64.614142],[-39.38622,64.617316],[-39.340443,64.633185],[-39.290883,64.658759],[-39.036855,64.843451],[-39.023549,64.846869],[-39.009511,64.846808],[-38.893727,64.817023],[-38.868337,64.814276],[-38.863393,64.81507],[-38.85912,64.816474],[-38.85558,64.818671],[-38.852651,64.821784],[-38.850575,64.825873],[-38.849355,64.830817],[-38.847585,64.853705],[-38.850331,64.871527],[-38.856923,64.884894],[-38.866994,64.894171],[-38.879872,64.89997],[-38.895131,64.902777],[-38.912343,64.903144],[-39.054555,64.877814],[-39.065358,64.878791],[-39.075795,64.881903],[-39.091542,64.88996],[-39.102528,64.899726],[-39.119679,64.921576],[-39.130727,64.932074],[-39.146718,64.94123],[-39.170094,64.94831],[-39.215688,64.95362],[-39.455678,64.946479],[-39.469472,64.950995],[-39.480641,64.958075],[-39.489186,64.968207],[-39.494801,64.981574],[-39.497304,64.998786],[-39.496144,65.002326],[-39.492665,65.006537],[-39.479543,65.016486],[-39.329213,65.094794],[-39.329457,65.095038],[-39.313832,65.116339],[-39.264516,65.162421],[-39.245046,65.172736],[-39.222768,65.179145],[-39.203359,65.18006],[-39.159963,65.173163],[-39.154591,65.173651],[-39.149648,65.17536],[-39.145192,65.178656],[-39.141103,65.183661],[-39.137318,65.190802],[-39.132192,65.206244],[-39.131093,65.218817],[-39.133656,65.228949],[-39.13915,65.236945],[-39.147145,65.243293],[-39.157155,65.248297],[-39.231557,65.272284],[-39.241506,65.278876],[-39.249501,65.287238],[-39.254872,65.297736],[-39.257314,65.310797],[-39.256215,65.320197],[-39.25237,65.329779],[-39.245839,65.339423],[-39.236928,65.349128],[-39.212636,65.368232],[-39.144338,65.402045],[-39.060658,65.425238],[-38.986501,65.431342],[-38.843434,65.406317],[-38.825307,65.406806],[-38.811696,65.410163],[-38.692372,65.467902],[-38.641103,65.481574],[-38.550343,65.475226],[-38.513295,65.478827],[-38.417287,65.526801],[-38.217397,65.570502],[-38.172658,65.566901],[-38.153432,65.561103],[-38.13683,65.552191],[-38.123341,65.539862],[-38.113271,65.523749],[-38.107167,65.503485],[-38.105275,65.478827],[-38.106923,65.467597],[-38.111073,65.458686],[-38.117421,65.451911],[-38.1256,65.446967],[-38.135243,65.443793],[-38.157155,65.441352],[-38.201222,65.446845],[-38.225331,65.454291],[-38.225331,65.454779],[-38.283193,65.470038],[-38.3037,65.470343],[-38.313405,65.468573],[-38.322377,65.465216],[-38.330312,65.460028],[-38.336964,65.452765],[-38.342091,65.443061],[-38.346791,65.419562],[-38.346608,65.402899],[-38.345082,65.396918],[-38.342641,65.392279],[-38.339406,65.388617],[-38.335378,65.38581],[-38.290089,65.36933],[-38.18047,65.29859],[-38.159169,65.293769],[-38.136281,65.294013],[-38.110768,65.299506],[-38.081288,65.310797],[-38.079701,65.311957],[-38.078175,65.313788],[-38.061025,65.355353],[-38.059255,65.357367],[-38.057362,65.358771],[-38.043507,65.364753],[-37.940602,65.384772],[-37.931508,65.388739],[-37.923818,65.394232],[-37.917714,65.401435],[-37.913442,65.410773],[-37.911183,65.422553],[-37.911122,65.437079],[-37.915028,65.462043],[-37.91747,65.467597],[-37.920277,65.471564],[-37.923634,65.474189],[-37.927358,65.475714],[-37.93163,65.476325],[-37.962392,65.472724],[-37.973866,65.473761],[-37.979604,65.475714],[-37.98528,65.478827],[-38.007069,65.495673],[-38.017812,65.509345],[-38.018544,65.520087],[-38.010854,65.528266],[-37.9959,65.534125],[-37.717732,65.530921],[-37.439565,65.527716],[-37.405934,65.5185],[-37.393788,65.511542],[-37.385304,65.502753],[-37.380055,65.49079],[-37.380177,65.479071],[-37.384999,65.467841],[-37.39391,65.456916],[-37.421742,65.436408],[-37.601308,65.358771],[-37.603078,65.357367],[-37.606313,65.35279],[-37.620107,65.317633],[-37.623464,65.312567],[-37.625295,65.310797],[-37.636891,65.303412],[-37.762807,65.25672],[-37.786733,65.242865],[-37.795033,65.234748],[-37.800282,65.225653],[-37.802113,65.215399],[-37.799916,65.203803],[-37.793324,65.190802],[-37.786916,65.183783],[-37.777455,65.177619],[-37.765492,65.172187],[-37.69811,65.158393],[-37.54363,65.16352],[-37.507802,65.17414],[-37.472768,65.193671],[-37.411855,65.251532],[-37.405202,65.255255],[-37.398793,65.255744],[-37.392445,65.252509],[-37.385732,65.244879],[-37.34612,65.158271],[-37.334096,65.141059],[-37.320485,65.12696],[-37.305409,65.11579],[-37.288869,65.107123],[-37.251515,65.09632],[-37.132436,65.089606],[-37.008534,65.108954],[-36.907338,65.149359],[-36.721913,65.289862],[-36.713063,65.302802],[-36.710561,65.309027],[-36.709218,65.315497],[-36.708791,65.322333],[-36.714711,65.385077],[-36.712941,65.395209],[-36.709706,65.403632],[-36.70519,65.410407],[-36.699696,65.4159],[-36.693105,65.420111],[-36.68578,65.423224],[-36.617299,65.430793],[-36.588796,65.438239],[-36.496755,65.477545],[-36.481068,65.490058],[-36.476064,65.496405],[-36.473317,65.502753],[-36.471669,65.511786],[-36.471425,65.519599],[-36.472218,65.526435],[-36.473988,65.532416],[-36.476613,65.537543],[-36.479909,65.54206],[-36.483754,65.545905],[-36.511098,65.564032],[-36.518544,65.570746],[-36.521291,65.574774],[-36.541249,65.622016],[-36.544545,65.641791],[-36.543691,65.659064],[-36.53893,65.673896],[-36.530568,65.686347],[-36.51891,65.69654],[-36.504079,65.704474],[-36.48644,65.710211],[-36.443654,65.715399],[-36.39269,65.712714],[-36.297475,65.691962],[-36.16277,65.609809],[-36.130605,65.601142],[-35.997914,65.596564],[-35.92809,65.609809],[-35.90276,65.622077],[-35.892812,65.629645],[-35.884816,65.638312],[-35.878835,65.648078],[-35.874989,65.658881],[-35.87328,65.670844],[-35.875478,65.677863],[-35.882192,65.682379],[-35.893056,65.684882],[-36.066823,65.68244],[-36.083363,65.687262],[-36.096974,65.694648],[-36.107167,65.704962],[-36.113271,65.718817],[-36.113271,65.72071],[-36.109486,65.733832],[-36.095998,65.762274],[-36.07311,65.792914],[-36.058339,65.80567],[-36.04131,65.814765],[-36.010121,65.823249],[-35.950307,65.825019],[-35.861073,65.812079],[-35.854543,65.812812],[-35.849355,65.814765],[-35.849843,65.815619],[-35.827626,65.88581],[-35.801747,65.933234],[-35.785878,65.951728],[-35.76891,65.963935],[-35.752187,65.970526],[-35.734853,65.973395],[-35.651173,65.974555],[-35.606679,65.983893],[-35.53307,66.032355],[-35.470021,66.043769],[-35.446095,66.051947],[-35.432851,66.06153],[-35.419789,66.07746],[-35.410756,66.095893],[-35.386342,66.175299],[-35.375966,66.191779],[-35.369252,66.198798],[-35.354237,66.208441],[-35.333119,66.216742],[-35.276906,66.228888],[-35.225331,66.212592],[-35.120534,66.206061],[-35.063222,66.213507],[-35.057179,66.215766],[-35.049672,66.212104],[-35.037648,66.203559],[-35.033315,66.198798],[-35.028676,66.190375],[-35.026845,66.181464],[-35.027272,66.172248],[-35.033254,66.153022],[-35.052724,66.113593],[-35.058766,66.094672],[-35.059255,66.0857],[-35.057362,66.077155],[-35.052785,66.069037],[-35.04485,66.061591],[-35.033315,66.054816],[-34.99767,66.041327],[-34.963124,66.034674],[-34.929616,66.034247],[-34.896901,66.039191],[-34.833608,66.062323],[-34.591664,66.220832],[-34.529286,66.246772],[-34.502492,66.25196],[-34.321523,66.243354],[-34.255299,66.255316],[-34.061513,66.337653],[-34.025319,66.34278],[-33.844655,66.318],[-33.785268,66.318793],[-33.774037,66.321967],[-33.763905,66.32746],[-33.721791,66.363105],[-33.713307,66.366767],[-33.706776,66.368109],[-33.612843,66.361701],[-33.599355,66.364203],[-33.593312,66.366767],[-33.577016,66.378119],[-33.50829,66.463019],[-33.492055,66.476874],[-33.473317,66.486762],[-33.453053,66.491523],[-33.433034,66.491584],[-33.359242,66.478827],[-33.343495,66.480292],[-33.336171,66.482795],[-33.329335,66.486762],[-33.312245,66.502021],[-33.296742,66.520941],[-33.198842,66.714972],[-33.124867,66.805976],[-33.115529,66.8263],[-33.113454,66.836493],[-33.113332,66.846808],[-33.114186,66.85279],[-33.11559,66.857367],[-33.117421,66.860785],[-33.11974,66.863105],[-33.122304,66.864569],[-33.125295,66.865363],[-33.128468,66.865546],[-33.142934,66.864386],[-33.150624,66.864875],[-33.154286,66.866034],[-33.157826,66.867926],[-33.161305,66.870795],[-33.163808,66.873786],[-33.167775,66.881537],[-33.183156,66.939643],[-33.193715,66.952399],[-33.252065,67.004706],[-33.259938,67.014106],[-33.262257,67.018744],[-33.263295,67.023444],[-33.262807,67.028266],[-33.260854,67.033393],[-33.257314,67.038764],[-33.254506,67.041327],[-33.251393,67.042609],[-33.247853,67.042914],[-33.24413,67.042243],[-33.236195,67.038642],[-33.228261,67.033149],[-33.20934,67.014838],[-33.206593,67.013007],[-33.12914,66.979071],[-33.07787,66.969245],[-33.057668,66.970221],[-33.040334,66.974555],[-33.025502,66.981635],[-33.012563,66.991156],[-32.93224,67.087409],[-32.897328,67.110785],[-32.893544,67.11164],[-32.888173,67.111518],[-32.769032,67.085761],[-32.753285,67.086737],[-32.737599,67.093207],[-32.46819,67.324652],[-32.464284,67.331855],[-32.462392,67.338629],[-32.462697,67.344977],[-32.465321,67.350775],[-32.475331,67.360053],[-32.490224,67.36695],[-32.509389,67.371772],[-32.814565,67.371283],[-32.825307,67.374762],[-32.836537,67.38227],[-32.846669,67.392035],[-32.863698,67.416877],[-32.88622,67.477912],[-32.896291,67.535346],[-32.897328,67.566779],[-32.896779,67.567328],[-32.850331,67.58985],[-32.849294,67.590766],[-32.844472,67.598944],[-32.829457,67.65528],[-32.825307,67.662787],[-32.802663,67.692145],[-32.785756,67.695014],[-32.774281,67.699713],[-32.765614,67.705451],[-32.755849,67.714484],[-32.6881,67.733161],[-32.665395,67.743109],[-32.653554,67.752692],[-32.64446,67.76557],[-32.642506,67.771552],[-32.581288,67.77619],[-32.56133,67.782782],[-32.545094,67.791449],[-32.510732,67.8039],[-32.504384,67.807685],[-32.499074,67.813056],[-32.49529,67.819403],[-32.49352,67.82508],[-32.49352,67.826117],[-32.493581,67.826545],[-32.493703,67.827033],[-32.493886,67.828009],[-32.493886,67.828803],[-32.478078,67.842353],[-32.420827,67.842353],[-32.348866,67.853095],[-32.272817,67.765204],[-32.235951,67.739447],[-32.219533,67.732795],[-31.893971,67.706732],[-31.856252,67.713629],[-31.838429,67.723273],[-31.731068,67.824225],[-31.668935,67.858527],[-31.585133,67.890082],[-31.494313,67.908759],[-31.405934,67.907172],[-31.37383,67.89881],[-31.244435,67.831427],[-31.210683,67.822272],[-31.194936,67.82154],[-31.180226,67.823859],[-31.166921,67.829901],[-31.155202,67.840033],[-31.145314,67.854804],[-31.14037,67.870795],[-31.142201,67.885443],[-31.149953,67.898688],[-31.162587,67.911017],[-31.345693,68.006049],[-31.356557,68.018439],[-31.36205,68.031989],[-31.361318,68.046759],[-31.354482,68.063727],[-31.345143,68.075812],[-31.19933,68.048407],[-31.152821,68.031684],[-31.101857,68.021613],[-31.088124,68.022528],[-31.082143,68.024604],[-31.076772,68.027961],[-31.072255,68.032355],[-31.020619,68.01142],[-31.013905,68.01142],[-31.007375,68.012946],[-30.986684,68.024237],[-30.916554,68.015509],[-30.897939,68.019294],[-30.872914,68.034369],[-30.869252,68.03797],[-30.866322,68.042243],[-30.864186,68.046942],[-30.827626,68.041327],[-30.818776,68.041327],[-30.805653,68.043219],[-30.786183,68.049628],[-30.761281,68.046759],[-30.734975,68.049323],[-30.730946,68.048468],[-30.703603,68.036383],[-30.686391,68.033576],[-30.616261,68.037299],[-30.569325,68.050849],[-30.541493,68.038092],[-30.49352,68.030219],[-30.447804,68.031989],[-30.406911,68.043952],[-30.402943,68.04621],[-30.399464,68.049018],[-30.396413,68.052253],[-30.39391,68.055976],[-30.391957,68.060004],[-30.390614,68.064337],[-30.390004,68.068915],[-30.390187,68.071784],[-30.39269,68.079718],[-30.384694,68.083747],[-30.37444,68.078681],[-30.345815,68.070685],[-30.278188,68.068427],[-30.278005,68.068427],[-30.277638,68.068427],[-30.277211,68.068305],[-30.276235,68.068305],[-30.276051,68.068305],[-30.266774,68.068305],[-30.266347,68.068427],[-30.265859,68.068427],[-30.262074,68.069098],[-30.261769,68.069098],[-30.261281,68.069159],[-30.260732,68.069159],[-30.260243,68.06922],[-30.259755,68.06922],[-30.259145,68.069342],[-30.258656,68.069342],[-30.258168,68.069403],[-30.257924,68.069403],[-30.220693,68.080817],[-30.214589,68.08161],[-30.167714,68.073249],[-30.158254,68.072882],[-30.141225,68.075324],[-30.130971,68.078864],[-30.119313,68.085822],[-29.943288,68.047675],[-29.901296,68.048468],[-29.884877,68.05268],[-29.8037,68.089179],[-29.540395,68.105902],[-29.224477,68.080634],[-29.079579,68.03797],[-28.974355,67.969001],[-28.920888,67.949042],[-28.897694,67.935614],[-28.889333,67.926825],[-28.886769,67.921271],[-28.885548,67.914008],[-28.888417,67.853949],[-28.886647,67.83631],[-28.883901,67.829596],[-28.879689,67.824652],[-28.873586,67.821967],[-28.865346,67.821845],[-28.854726,67.824713],[-28.841298,67.830817],[-28.834584,67.836554],[-28.830068,67.845282],[-28.827382,67.856635],[-28.843984,68.059638],[-28.841298,68.070746],[-28.833363,68.087592],[-28.80309,68.128974],[-28.757985,68.171698],[-28.702931,68.205024],[-28.673329,68.214789],[-28.609975,68.219062],[-28.433278,68.190741],[-28.421254,68.182624],[-28.411366,68.172919],[-28.403371,68.161994],[-28.35912,68.060492],[-28.350087,68.049872],[-28.339101,68.040473],[-28.32549,68.03266],[-28.309071,68.026679],[-28.289296,68.022773],[-28.27831,68.022773],[-28.266652,68.025336],[-28.241078,68.036872],[-28.100575,68.127387],[-28.001332,68.166754],[-27.905995,68.18183],[-27.572499,68.185126],[-27.489919,68.167548],[-27.44933,68.166754],[-27.161305,68.262763],[-26.96935,68.262763],[-26.87267,68.30091],[-26.707448,68.399848],[-26.63329,68.430793],[-26.612111,68.433295],[-26.483205,68.406684],[-26.465321,68.406806],[-26.421864,68.417182],[-26.38036,68.435004],[-26.345387,68.456732],[-26.321339,68.478827],[-26.31664,68.486274],[-26.313832,68.494513],[-26.312856,68.503363],[-26.313283,68.512702],[-26.345693,68.622077],[-26.345448,68.644171],[-26.319264,68.649909],[-26.274159,68.667853],[-26.264394,68.674445],[-26.242055,68.697455],[-26.239735,68.701178],[-26.237904,68.702521],[-26.228261,68.711982],[-26.225209,68.717292],[-26.223317,68.723151],[-26.2235,68.746161],[-26.225758,68.752448],[-26.22936,68.758002],[-26.233998,68.762641],[-26.197621,68.76142],[-26.184926,68.758185],[-26.159901,68.755683],[-26.127736,68.760321],[-26.030019,68.729743],[-25.954701,68.722357],[-25.89684,68.733344],[-25.833852,68.754645],[-25.458302,68.806769],[-25.433339,68.814765],[-25.421498,68.821662],[-25.403127,68.83747],[-25.35967,68.907599],[-25.345693,68.921393],[-25.336659,68.926947],[-25.325978,68.931464],[-25.313283,68.93476],[-25.298024,68.936103],[-25.169301,68.910773],[-24.973378,68.909003],[-24.898305,68.926093],[-24.87267,68.940253],[-24.863576,68.948981],[-24.857289,68.958747],[-24.855092,68.967231],[-24.855336,68.977179],[-24.857594,68.988288],[-24.905324,69.097357],[-24.911733,69.12226],[-24.91216,69.133185],[-24.910146,69.142707],[-24.905324,69.150763],[-24.888112,69.167792],[-24.870961,69.179877],[-24.853627,69.187506],[-24.83611,69.191413],[-24.79955,69.190497],[-24.666493,69.163336],[-24.610036,69.162787],[-24.545339,69.17475],[-24.521047,69.184394],[-24.502492,69.196479],[-24.446034,69.251837],[-24.426625,69.262824],[-24.401357,69.270819],[-24.384267,69.272223],[-24.281484,69.249579],[-24.233327,69.246772],[-24.223988,69.248725],[-24.090505,69.300177],[-23.956532,69.315009],[-23.945302,69.318793],[-23.940358,69.322455],[-23.935536,69.327887],[-23.88268,69.429267],[-23.867421,69.448249],[-23.849294,69.462775],[-23.823598,69.474189],[-23.76592,69.483039],[-23.639943,69.482672],[-23.579213,69.494818],[-23.476125,69.541571],[-23.423207,69.557074],[-23.3933,69.558783],[-23.297353,69.544867],[-23.262074,69.530768],[-23.23644,69.512824],[-23.227589,69.50257],[-23.221425,69.491584],[-23.218251,69.479926],[-23.218007,69.467719],[-23.220876,69.455024],[-23.226979,69.441962],[-23.23644,69.428473],[-23.294789,69.367194],[-23.321339,69.318793],[-23.322194,69.317694],[-23.326161,69.315009],[-23.367848,69.295905],[-23.389638,69.277289],[-23.410329,69.264289],[-23.43163,69.255439],[-23.453542,69.250067],[-23.499257,69.247992],[-23.713979,69.275946],[-23.777333,69.270819],[-23.853322,69.246405],[-23.924489,69.206183],[-23.975942,69.162299],[-23.989858,69.142707],[-23.993031,69.134162],[-23.993337,69.126776],[-23.986195,69.102179],[-23.974355,69.083625],[-23.958302,69.070563],[-23.938344,69.062384],[-23.915028,69.058722],[-23.888478,69.058783],[-23.523061,69.152533],[-23.431081,69.147528],[-23.417348,69.150763],[-23.009267,69.366767],[-23.008473,69.374274],[-23.01061,69.382025],[-23.015126,69.390082],[-23.063893,69.442939],[-23.075917,69.46192],[-23.078786,69.471503],[-23.078847,69.481269],[-23.075673,69.491095],[-23.068715,69.500922],[-23.057301,69.51081],[-23.045522,69.517768],[-23.033254,69.522162],[-23.020558,69.52442],[-22.994618,69.523383],[-22.894521,69.489814],[-22.874196,69.486274],[-22.865285,69.486762],[-22.858022,69.488776],[-22.844167,69.496466],[-22.76061,69.566962],[-22.735524,69.578437],[-22.693593,69.588446],[-22.580068,69.589179],[-22.294179,69.534125],[-21.923268,69.570258],[-21.91985,69.571662],[-21.918141,69.574103],[-21.917836,69.577582],[-21.929311,69.606757],[-21.938161,69.617194],[-21.953847,69.625251],[-22.001759,69.635688],[-22.361318,69.630805],[-22.367116,69.631964],[-22.377797,69.636237],[-22.387502,69.642524],[-22.420766,69.672248],[-22.429006,69.677191],[-22.433278,69.678778],[-22.457509,69.6836],[-22.568288,69.676093],[-22.573232,69.677008],[-22.577321,69.678778],[-22.581349,69.682074],[-22.58495,69.686652],[-22.591298,69.698798],[-22.625356,69.798774],[-22.627553,69.801276],[-22.630788,69.803412],[-22.639394,69.80683],[-22.692433,69.818732],[-22.695363,69.820624],[-22.697377,69.82276],[-22.709157,69.844306],[-22.715749,69.862189],[-22.717702,69.876593],[-22.715566,69.888007],[-22.709889,69.896552],[-22.701283,69.902716],[-22.690297,69.906623],[-22.663442,69.909247],[-22.570668,69.892829],[-22.517812,69.87519],[-22.486134,69.870246],[-22.442616,69.87287],[-22.414906,69.880805],[-22.222524,69.999823],[-22.088612,70.043219],[-22.066762,70.055487],[-22.058644,70.063239],[-22.052663,70.072333],[-22.049001,70.083136],[-22.047841,70.095893],[-22.049428,70.111151],[-22.049611,70.111884],[-22.051564,70.115668],[-22.051625,70.116095],[-22.051381,70.116461],[-22.051259,70.116584],[-22.051198,70.116706],[-22.051076,70.116828],[-22.051015,70.11695],[-22.050771,70.117133],[-22.05071,70.117255],[-22.050526,70.117377],[-22.05016,70.118048],[-22.048146,70.124152],[-22.047475,70.130439],[-22.048207,70.136725],[-22.054189,70.151007],[-22.062856,70.161872],[-22.07842,70.173896],[-22.086598,70.178412],[-22.099904,70.183234],[-22.11144,70.184821],[-22.516087,70.180136],[-22.920735,70.175452],[-23.325383,70.170768],[-23.730031,70.166083],[-23.79186,70.179877],[-23.804494,70.179389],[-23.837026,70.171088],[-23.907338,70.186408],[-24.030141,70.268012],[-24.053212,70.276435],[-24.08727,70.28089],[-24.449513,70.254767],[-24.449818,70.254828],[-24.450002,70.254828],[-24.452016,70.255255],[-24.45226,70.255255],[-24.452504,70.255316],[-24.452748,70.255316],[-24.458058,70.263129],[-24.465077,70.269294],[-24.479848,70.276313],[-24.561025,70.289984],[-24.574574,70.296515],[-24.578847,70.297553],[-24.641347,70.350775],[-24.683461,70.377265],[-24.894643,70.438422],[-25.193349,70.470771],[-25.457326,70.446723],[-25.584462,70.390082],[-25.880727,70.329474],[-26.176991,70.268866],[-26.564565,70.258002],[-26.568776,70.259589],[-26.572133,70.261786],[-26.574818,70.26496],[-26.577016,70.268866],[-26.580434,70.280097],[-26.440541,70.304267],[-26.434926,70.307318],[-26.430104,70.311469],[-26.426137,70.316596],[-26.423329,70.322821],[-26.357472,70.330573],[-26.329518,70.340522],[-26.302541,70.356635],[-26.29717,70.362372],[-26.293507,70.369208],[-26.291798,70.376899],[-26.292104,70.384955],[-26.294423,70.392462],[-26.298695,70.398993],[-26.304555,70.404303],[-26.338124,70.421454],[-26.312795,70.43769],[-26.301381,70.432257],[-26.292714,70.429694],[-26.269338,70.426886],[-26.184865,70.429023],[-26.150197,70.437079],[-26.089955,70.462104],[-26.089528,70.462409],[-26.089406,70.462531],[-26.089162,70.462714],[-26.088918,70.462958],[-26.088673,70.46308],[-26.088612,70.463202],[-26.088124,70.463385],[-26.031239,70.446295],[-26.006642,70.443122],[-25.995534,70.443976],[-25.985341,70.446723],[-25.973073,70.45307],[-25.963735,70.460517],[-25.956654,70.469062],[-25.951405,70.478461],[-25.938832,70.520941],[-25.817494,70.572272],[-25.783009,70.576789],[-25.718068,70.575263],[-25.617482,70.503974],[-25.598805,70.497504],[-25.577321,70.494757],[-25.575063,70.495368],[-25.466786,70.5539],[-25.232777,70.630072],[-25.207387,70.64997],[-25.197011,70.66236],[-25.1881,70.676764],[-25.174306,70.712714],[-25.16808,70.749457],[-25.169545,70.76319],[-25.173451,70.776374],[-25.17925,70.789008],[-25.251943,70.896918],[-25.263112,70.932563],[-25.265309,70.974799],[-25.263966,70.982001],[-25.261098,70.988349],[-25.257008,70.993781],[-25.25182,70.998481],[-25.192128,71.026068],[-25.178944,71.034919],[-25.173573,71.040473],[-25.169301,71.046759],[-25.165028,71.056952],[-25.162465,71.067572],[-25.161366,71.090216],[-25.169728,71.160102],[-25.168385,71.18122],[-25.165639,71.190802],[-25.161061,71.199652],[-25.154408,71.207709],[-25.145314,71.214789],[-25.141347,71.216315],[-24.92339,71.238227],[-24.590932,71.128607],[-24.536,71.087104],[-24.53069,71.084418],[-24.508901,71.077704],[-24.501515,71.073615],[-24.477589,71.055121],[-24.442677,71.018378],[-24.414113,70.976264],[-24.391957,70.930732],[-24.367909,70.836859],[-24.366322,70.792548],[-24.371816,70.75257],[-24.384145,70.713446],[-24.386586,70.696784],[-24.385182,70.684394],[-24.380238,70.675727],[-24.372182,70.670295],[-24.361318,70.66767],[-24.221181,70.687995],[-24.185292,70.686774],[-24.172047,70.683051],[-24.158315,70.676581],[-23.943593,70.512824],[-23.897328,70.494757],[-23.891469,70.49372],[-23.869618,70.495185],[-23.777333,70.518805],[-23.735402,70.514716],[-23.489369,70.422797],[-23.489552,70.423041],[-23.489369,70.423529],[-23.487782,70.425299],[-23.480702,70.431037],[-23.456899,70.443671],[-23.35436,70.411933],[-23.098988,70.396552],[-23.059682,70.402594],[-22.794515,70.400672],[-22.529347,70.398749],[-22.394276,70.422553],[-22.388356,70.419623],[-22.3485,70.409857],[-22.337636,70.409186],[-22.280507,70.416571],[-22.263539,70.421393],[-22.258168,70.417609],[-22.253774,70.412238],[-22.250172,70.405585],[-22.247304,70.397773],[-22.241322,70.302802],[-22.23766,70.292731],[-22.235646,70.289496],[-22.23351,70.287177],[-22.231191,70.285651],[-22.228749,70.284796],[-22.206166,70.28443],[-22.197865,70.281501],[-22.162892,70.260932],[-22.132253,70.248603],[-22.101491,70.241339],[-22.040212,70.239447],[-21.980397,70.251044],[-21.754567,70.352851],[-21.740285,70.354804],[-21.648244,70.349189],[-21.620473,70.358405],[-21.438649,70.473944],[-21.239125,70.651679],[-21.233327,70.662787],[-21.23412,70.662177],[-21.235829,70.662238],[-21.2813,70.686774],[-21.291066,70.702155],[-21.297353,70.717108],[-21.300649,70.731757],[-21.301198,70.745978],[-21.296132,70.773017],[-21.255605,70.862006],[-21.255238,70.870734],[-21.257314,70.878791],[-21.263783,70.891364],[-21.301747,70.938788],[-21.397756,71.009223],[-21.479543,71.052619],[-21.486806,71.061164],[-21.489735,71.069281],[-21.489064,71.077277],[-21.485402,71.085273],[-21.43694,71.14466],[-21.430653,71.158332],[-21.426503,71.173712],[-21.425282,71.190741],[-21.427235,71.20423],[-21.431996,71.217597],[-21.448476,71.244147],[-21.546742,71.35102],[-21.562978,71.378485],[-21.567616,71.392585],[-21.569325,71.406745],[-21.56841,71.418219],[-21.565724,71.427558],[-21.561513,71.435248],[-21.556203,71.441535],[-21.5183,71.468207],[-21.514027,71.473822],[-21.51122,71.480719],[-21.510243,71.489081],[-21.511342,71.499335],[-21.515004,71.511786],[-21.528615,71.540351],[-21.546742,71.566352],[-21.592275,71.612067],[-21.64092,71.64704],[-21.681691,71.668097],[-21.695668,71.672248],[-21.790273,71.665473],[-21.803517,71.668158],[-21.809316,71.670783],[-21.815419,71.675299],[-21.820607,71.681098],[-21.825063,71.688056],[-21.831899,71.704474],[-21.848378,71.775519],[-21.85381,71.787055],[-21.857289,71.790778],[-21.863576,71.794745],[-21.8709,71.797797],[-21.888173,71.801337],[-22.002065,71.807563],[-22.02538,71.814765],[-22.054494,71.830268],[-22.062978,71.837592],[-22.068288,71.84455],[-22.071034,71.851081],[-22.071889,71.857245],[-22.069569,71.876776],[-22.070851,71.880194],[-22.074208,71.883002],[-22.080312,71.885077],[-22.126576,71.886237],[-22.131642,71.884894],[-22.141286,71.880561],[-22.193349,71.838752],[-22.225087,71.825507],[-22.254506,71.818366],[-22.281667,71.816352],[-22.306569,71.818976],[-22.329335,71.825507],[-22.349965,71.835517],[-22.385304,71.862738],[-22.432912,71.886725],[-22.433278,71.886786],[-22.434255,71.889167],[-22.434743,71.892462],[-22.430898,71.954596],[-22.431813,71.957221],[-22.433278,71.958747],[-22.465871,71.970771],[-22.577321,71.982733],[-22.651479,71.979254],[-22.671437,71.986335],[-22.860707,72.012885],[-23.184682,72.122504],[-23.384938,72.148322],[-23.401662,72.15412],[-23.417226,72.163398],[-23.504384,72.242133],[-23.54601,72.258063],[-23.716664,72.291327],[-23.921498,72.366461],[-23.921315,72.366767],[-23.93102,72.367499],[-23.939504,72.366889],[-23.94695,72.365058],[-23.953664,72.362189],[-23.991811,72.334784],[-24.009755,72.326117],[-24.033559,72.320319],[-24.065297,72.318793],[-24.161305,72.366767],[-24.191518,72.390448],[-24.196034,72.396918],[-24.198171,72.402838],[-24.197865,72.408087],[-24.195424,72.412726],[-24.190785,72.416815],[-24.184316,72.420356],[-24.154652,72.428107],[-24.096791,72.432624],[-24.089589,72.426215],[-24.079152,72.419745],[-24.07018,72.416144],[-24.059926,72.413764],[-24.0454,72.414191],[-24.031178,72.418158],[-24.022023,72.422614],[-24.009633,72.431403],[-23.542683,72.356513],[-23.075734,72.281623],[-23.043568,72.262885],[-23.014821,72.238227],[-22.959279,72.211005],[-22.890065,72.196234],[-22.745351,72.126776],[-22.715932,72.122504],[-22.612538,72.12873],[-22.608754,72.12641],[-22.532765,72.105902],[-22.468068,72.102057],[-22.423573,72.081305],[-22.409352,72.078742],[-22.388051,72.079474],[-22.329762,72.095038],[-22.230641,72.092841],[-22.01061,72.006598],[-21.97057,72.002936],[-21.929311,72.006781],[-21.919911,72.009711],[-21.91161,72.01435],[-21.904225,72.020453],[-21.897633,72.027838],[-21.858083,72.1034],[-21.846974,72.117926],[-21.840566,72.123114],[-21.833363,72.126776],[-21.827504,72.128241],[-21.737904,72.120551],[-21.723988,72.121955],[-21.71819,72.123908],[-21.713307,72.126776],[-21.706715,72.132819],[-21.629689,72.262885],[-21.606923,72.284857],[-21.577504,72.3039],[-21.5407,72.318305],[-21.275014,72.381049],[-21.245717,72.398566],[-21.226613,72.41474],[-21.166798,72.505439],[-21.149098,72.520453],[-21.127736,72.532172],[-21.118459,72.534674],[-21.109975,72.535346],[-21.102101,72.534247],[-21.094838,72.531867],[-21.081715,72.523688],[-21.047353,72.490912],[-20.981557,72.458197],[-20.970693,72.457221],[-20.963612,72.459784],[-20.959523,72.465827],[-20.958119,72.474677],[-20.972524,72.610846],[-20.966481,72.64112],[-20.94811,72.678778],[-20.922231,72.710395],[-20.862843,72.757025],[-20.838429,72.766669],[-20.704213,72.788764],[-20.687184,72.794745],[-20.681325,72.798774],[-20.663075,72.819525],[-20.657582,72.829535],[-20.654042,72.839301],[-20.652272,72.848822],[-20.651906,72.858161],[-20.661672,72.910468],[-20.662221,72.926825],[-20.660634,72.934821],[-20.657338,72.942816],[-20.64861,72.955634],[-20.63683,72.968085],[-20.606435,72.990424],[-20.571523,73.006964],[-20.537343,73.014777],[-20.533681,73.01435],[-20.530873,73.012641],[-20.52892,73.009894],[-20.527699,73.006171],[-20.52715,73.001837],[-20.52953,72.981513],[-20.53484,72.966559],[-20.536,72.965155],[-20.536855,72.965155],[-20.537343,72.966742],[-20.534657,72.949286],[-20.526357,72.923468],[-20.520741,72.914496],[-20.514272,72.907538],[-20.506886,72.902289],[-20.498708,72.898505],[-20.407399,72.877387],[-20.363271,72.851386],[-20.326344,72.812079],[-20.317494,72.805609],[-20.305287,72.800666],[-20.239797,72.79328],[-19.959981,72.820319],[-19.680165,72.847357],[-19.662465,72.844306],[-19.641347,72.836249],[-19.516896,72.755805],[-19.391103,72.703315],[-19.333241,72.702887],[-19.312367,72.706794],[-19.305043,72.709845],[-19.299428,72.713629],[-19.295033,72.718024],[-19.291737,72.72309],[-19.280568,72.749335],[-19.262563,72.779364],[-19.261952,72.783149],[-19.263173,72.786322],[-19.266103,72.789008],[-19.270314,72.791144],[-19.337331,72.798774],[-19.364552,72.809577],[-19.380727,72.81977],[-19.385121,72.824652],[-19.38738,72.829352],[-19.387746,72.83393],[-19.386281,72.838507],[-19.38329,72.842902],[-19.373708,72.851264],[-19.324818,72.875556],[-19.313588,72.877692],[-19.303334,72.877509],[-19.294057,72.875312],[-19.285573,72.871527],[-19.240468,72.834357],[-19.223988,72.824774],[-19.214711,72.82215],[-19.204579,72.821357],[-19.193349,72.822821],[-19.190663,72.824286],[-19.187978,72.827338],[-19.185048,72.831855],[-19.148122,72.9159],[-19.145314,72.918769],[-19.138112,72.922553],[-19.013905,72.95185],[-19.003407,72.958319],[-18.995595,72.966071],[-18.990895,72.975409],[-18.98998,72.986518],[-18.993276,72.999579],[-19.001332,73.014777],[-19.01122,73.026801],[-19.022511,73.035468],[-19.035451,73.041083],[-19.049794,73.044074],[-19.082509,73.043647],[-19.209462,73.019416],[-19.313344,73.014777],[-19.336537,73.018683],[-19.464467,73.062445],[-19.481313,73.062751],[-19.532521,73.052314],[-19.763661,72.928839],[-19.793324,72.918769],[-19.812917,72.916815],[-19.985341,72.942816],[-20.005238,72.940314],[-20.129262,72.894782],[-20.196584,72.890692],[-20.242116,72.89643],[-20.25768,72.902472],[-20.269032,72.910285],[-20.276418,72.919684],[-20.280141,72.930426],[-20.28069,72.942389],[-20.278432,72.955146],[-20.266713,72.982611],[-20.225331,73.038764],[-20.217885,73.042121],[-19.984914,73.041877],[-19.938344,73.05268],[-19.921986,73.062018],[-19.911672,73.07453],[-19.908437,73.090644],[-19.913258,73.110785],[-19.919911,73.123114],[-19.927785,73.131781],[-19.937001,73.137336],[-19.947499,73.140082],[-19.95934,73.14057],[-20.1256,73.108344],[-20.177358,73.110785],[-20.182912,73.112128],[-20.188161,73.114386],[-20.192983,73.117499],[-20.246205,73.170295],[-20.263295,73.179267],[-20.291493,73.187384],[-20.324941,73.191596],[-20.354787,73.190863],[-20.442922,73.175971],[-20.450978,73.176764],[-20.458424,73.179023],[-20.465321,73.182746],[-20.471913,73.187995],[-20.481984,73.199652],[-20.489003,73.212653],[-20.504384,73.275824],[-20.552113,73.393866],[-20.551625,73.400946],[-20.548818,73.406806],[-20.543507,73.411689],[-20.535268,73.415473],[-20.523915,73.41828],[-20.193105,73.407172],[-20.02184,73.426154],[-20.011647,73.431281],[-19.961354,73.470771],[-19.945424,73.47724],[-19.850026,73.491767],[-19.841298,73.494757],[-19.839711,73.496039],[-19.838063,73.497931],[-19.822316,73.536078],[-19.819081,73.541083],[-19.817372,73.542792],[-19.813405,73.545417],[-19.804677,73.549445],[-19.748952,73.56446],[-19.739858,73.571173],[-19.689198,73.626532],[-19.675526,73.63404],[-19.658925,73.638251],[-19.63506,73.637641],[-19.623036,73.634406],[-19.613026,73.629462],[-19.604665,73.622992],[-19.597768,73.61518],[-19.55724,73.537787],[-19.54955,73.530097],[-19.540395,73.523627],[-19.529408,73.518744],[-19.488271,73.511298],[-19.049611,73.592108],[-18.901662,73.58808],[-18.856007,73.597357],[-18.64153,73.695136],[-18.620351,73.69892],[-18.552113,73.698676],[-18.536855,73.70246],[-18.521352,73.710761],[-18.479665,73.747016],[-18.468373,73.762763],[-18.462514,73.777106],[-18.461354,73.789984],[-18.464345,73.801581],[-18.470693,73.811896],[-18.479787,73.820929],[-18.490895,73.828803],[-18.516591,73.841132],[-18.542348,73.849311],[-18.590566,73.855963],[-18.776723,73.829413],[-18.817006,73.832343],[-18.834645,73.838141],[-18.850209,73.847541],[-18.863332,73.86109],[-18.873769,73.87934],[-18.881276,73.902777],[-18.883168,73.919562],[-18.882375,73.926398],[-18.880605,73.932318],[-18.878041,73.937445],[-18.870961,73.945868],[-18.8438,73.964057],[-18.836171,73.970832],[-18.833302,73.974799],[-18.809071,74.025519],[-18.806691,74.041571],[-18.809743,74.052436],[-18.817616,74.058966],[-18.829701,74.061896],[-18.950124,74.049323],[-18.991933,74.052802],[-19.01006,74.059577],[-19.02538,74.070746],[-19.041249,74.091559],[-19.046254,74.110297],[-19.041676,74.127143],[-19.028615,74.141974],[-19.008412,74.154853],[-18.951405,74.174689],[-18.88036,74.186591],[-18.736318,74.186957],[-18.683034,74.175421],[-18.665334,74.166754],[-18.653493,74.156928],[-18.646779,74.147467],[-18.644276,74.138373],[-18.645375,74.129645],[-18.649159,74.121222],[-18.680592,74.083869],[-18.683888,74.077155],[-18.684316,74.070685],[-18.68102,74.064399],[-18.673329,74.058356],[-18.641347,74.046759],[-18.566823,74.035712],[-18.48882,74.036933],[-18.089345,74.118781],[-17.971852,74.11048],[-17.751698,74.027472],[-17.691518,74.014228],[-17.662038,74.015021],[-17.633534,74.022711],[-17.633229,74.023322],[-17.63329,74.070746],[-17.638661,74.083258],[-17.646474,74.091742],[-17.656239,74.096747],[-17.667714,74.099066],[-17.757741,74.091193],[-17.766957,74.094184],[-17.773976,74.100165],[-17.77831,74.109687],[-17.779714,74.12342],[-17.777638,74.141974],[-17.767995,74.142951],[-17.712331,74.16474],[-17.255605,74.212592],[-17.129201,74.171332],[-16.750539,74.156684],[-16.647817,74.175177],[-16.633656,74.182379],[-16.625356,74.190741],[-16.61974,74.206244],[-16.621205,74.219794],[-16.628835,74.231635],[-16.641774,74.24195],[-16.659169,74.2508],[-16.703603,74.264411],[-17.009755,74.311042],[-17.009328,74.310736],[-17.017629,74.314276],[-17.03307,74.32453],[-17.100942,74.404059],[-17.105336,74.406806],[-17.117238,74.411383],[-17.129262,74.413886],[-17.153066,74.413886],[-17.211537,74.405829],[-17.217763,74.40766],[-17.222707,74.411383],[-17.226003,74.417548],[-17.227651,74.426642],[-17.225392,74.454779],[-17.215382,74.475531],[-17.194814,74.492377],[-17.165334,74.505805],[-16.770985,74.583319],[-16.743031,74.598822],[-16.724416,74.618232],[-16.716603,74.642035],[-16.721364,74.670722],[-16.727528,74.682624],[-16.736318,74.692023],[-16.747426,74.699164],[-16.76061,74.704413],[-16.985341,74.718756],[-17.005849,74.727729],[-17.02123,74.740485],[-17.032338,74.755561],[-17.053212,74.809882],[-17.055165,74.813056],[-17.057362,74.814765],[-17.075551,74.820502],[-17.094167,74.822821],[-17.131459,74.819098],[-17.201283,74.790717],[-17.205068,74.787726],[-17.207204,74.783698],[-17.207997,74.778876],[-17.207631,74.773383],[-17.206166,74.767462],[-17.2011,74.754828],[-17.177602,74.718817],[-17.177297,74.718756],[-17.170583,74.702765],[-17.167104,74.688666],[-17.16686,74.676093],[-17.169484,74.664984],[-17.174733,74.655219],[-17.182546,74.64643],[-17.204396,74.631293],[-17.358998,74.569464],[-17.430776,74.555793],[-17.441335,74.550727],[-17.463857,74.534491],[-17.503407,74.494269],[-17.513356,74.478766],[-17.512441,74.478705],[-17.44286,74.432013],[-17.426442,74.415595],[-17.415944,74.400946],[-17.409657,74.386969],[-17.407216,74.373664],[-17.408437,74.36109],[-17.413014,74.34925],[-17.420705,74.338324],[-17.431264,74.328315],[-17.444325,74.319159],[-17.477162,74.304084],[-17.517018,74.293402],[-17.602162,74.287665],[-17.633168,74.294867],[-17.660878,74.307563],[-17.685231,74.323737],[-17.749135,74.380805],[-17.753285,74.382758],[-17.773671,74.386359],[-17.789906,74.385993],[-17.802663,74.382392],[-17.812489,74.376349],[-17.819936,74.368537],[-17.838796,74.334967],[-17.843739,74.329718],[-17.849904,74.327216],[-17.858022,74.328315],[-17.868581,74.333686],[-17.921315,74.382758],[-17.926015,74.389777],[-17.928761,74.398139],[-17.929677,74.407538],[-17.927541,74.428534],[-17.921376,74.450385],[-17.896474,74.50434],[-17.897328,74.502753],[-17.884389,74.53144],[-17.883473,74.537543],[-17.884023,74.542365],[-17.885976,74.546027],[-17.889027,74.548896],[-17.893178,74.551154],[-17.931142,74.564582],[-17.945302,74.574713],[-17.946767,74.576667],[-17.968434,74.645575],[-17.969289,74.646796],[-17.974904,74.649543],[-17.988026,74.652411],[-18.069081,74.643683],[-18.083119,74.644904],[-18.089345,74.646796],[-18.145802,74.706122],[-18.149831,74.714484],[-18.152699,74.72724],[-18.15392,74.729193],[-18.155873,74.730963],[-18.158864,74.732856],[-18.185292,74.742743],[-18.594228,74.754584],[-18.600026,74.752936],[-18.605397,74.750128],[-18.61028,74.746405],[-18.82903,74.753546],[-18.943593,74.778083],[-18.984975,74.799018],[-19.000783,74.812079],[-19.01299,74.826972],[-19.02123,74.843817],[-19.02538,74.862738],[-19.025197,74.866034],[-19.02068,74.883979],[-19.006032,74.919562],[-18.983022,74.956732],[-18.968861,74.97193],[-18.953359,74.982795],[-18.951039,74.983588],[-18.947987,74.983954],[-18.918141,74.979682],[-18.908254,74.973578],[-18.889333,74.969489],[-18.87914,74.970649],[-18.822682,74.960211],[-18.399617,74.957007],[-17.976552,74.953803],[-17.863026,74.930854],[-17.844472,74.919623],[-17.780202,74.858222],[-17.762074,74.846686],[-17.741139,74.839911],[-17.72936,74.838813],[-17.72466,74.839301],[-17.591542,74.908454],[-17.575551,74.910651],[-17.535085,74.92359],[-17.28246,74.963813],[-17.200185,75.001837],[-16.951405,75.01911],[-16.913503,75.03089],[-16.899953,75.039496],[-16.890981,75.050116],[-16.887196,75.063178],[-16.889333,75.078742],[-16.891957,75.084906],[-16.895375,75.089545],[-16.899526,75.092719],[-16.904225,75.094794],[-16.909413,75.09571],[-16.914845,75.09571],[-16.920522,75.094977],[-16.959157,75.079535],[-17.019154,75.065375],[-17.055776,75.063361],[-17.229787,75.104987],[-17.23766,75.110907],[-17.277821,75.158698],[-17.303578,75.178717],[-17.422047,75.225898],[-17.484242,75.291754],[-17.493031,75.296332],[-17.50121,75.297797],[-17.54894,75.29267],[-17.557485,75.293524],[-17.56133,75.294745],[-17.577626,75.302741],[-17.590321,75.312079],[-17.599843,75.322577],[-17.606801,75.333991],[-17.611562,75.346259],[-17.621205,75.427497],[-17.628774,75.453498],[-17.635487,75.465522],[-17.644826,75.47663],[-17.657338,75.486823],[-17.674428,75.495063],[-17.694142,75.499518],[-17.849355,75.510749],[-17.887196,75.525214],[-17.937245,75.553168],[-17.951711,75.557074],[-17.969289,75.558783],[-17.987904,75.557807],[-18.095509,75.534308],[-18.113271,75.534735],[-18.257314,75.582709],[-18.617299,75.594733],[-18.977284,75.606757],[-19.007314,75.619086],[-19.030507,75.635504],[-19.048695,75.654792],[-19.103749,75.735907],[-19.121327,75.7508],[-19.243092,75.78144],[-19.272267,75.795356],[-19.283376,75.803656],[-19.291249,75.812873],[-19.295339,75.823127],[-19.29485,75.834357],[-19.289296,75.846808],[-19.280751,75.855902],[-19.268422,75.862921],[-19.233754,75.871039],[-18.74883,75.84394],[-18.263905,75.81684],[-17.778981,75.78974],[-17.745595,75.771979],[-17.72936,75.7508],[-17.729604,75.748236],[-17.731557,75.745063],[-17.773305,75.705634],[-17.780934,75.695258],[-17.782765,75.690436],[-17.783009,75.686042],[-17.7813,75.682135],[-17.777333,75.678717],[-17.685597,75.645331],[-17.416005,75.615851],[-17.297353,75.630805],[-17.292897,75.632575],[-17.288869,75.635321],[-17.285207,75.638983],[-17.278676,75.648139],[-17.257863,75.692328],[-17.252309,75.700019],[-17.249318,75.702765],[-17.24413,75.706],[-17.232655,75.710395],[-17.169118,75.718573],[-17.158193,75.723273],[-17.143605,75.73548],[-17.078542,75.821295],[-17.063588,75.833869],[-17.044667,75.843329],[-17.022817,75.848761],[-16.973317,75.848944],[-16.638539,75.800238],[-16.60851,75.802924],[-16.596486,75.806952],[-16.586964,75.813117],[-16.580373,75.821601],[-16.577016,75.832709],[-16.577321,75.846808],[-16.58019,75.849433],[-16.817311,75.918769],[-17.121632,75.901557],[-17.425954,75.884345],[-17.50237,75.893927],[-17.530385,75.905036],[-17.550404,75.921088],[-17.56133,75.942755],[-17.559438,75.949347],[-17.551564,75.957038],[-17.538442,75.965522],[-17.277943,76.061591],[-17.24352,76.065375],[-17.134755,76.061652],[-17.122609,76.06507],[-17.117238,76.067816],[-17.112782,76.07099],[-17.106068,76.07807],[-17.096242,76.093512],[-17.089955,76.10047],[-17.085744,76.103522],[-17.080556,76.106147],[-17.074269,76.108283],[-17.057362,76.110785],[-16.830556,76.064215],[-16.775685,76.064399],[-16.687245,76.087653],[-16.673329,76.086737],[-16.674489,76.086493],[-16.674794,76.08515],[-16.674428,76.082953],[-16.649342,76.038764],[-16.60735,76.019538],[-16.193349,75.966742],[-16.13036,75.94123],[-16.077504,75.910285],[-16.040517,75.877631],[-16.029836,75.861762],[-16.026723,75.854193],[-16.025319,75.846808],[-16.025563,75.836982],[-16.027821,75.827704],[-16.031728,75.818854],[-16.043385,75.802436],[-16.087026,75.759772],[-16.096364,75.746649],[-16.098744,75.740058],[-16.099172,75.733466],[-16.097279,75.726752],[-16.089894,75.714118],[-16.0808,75.70484],[-16.070424,75.69831],[-16.05901,75.693915],[-15.969594,75.683478],[-15.958608,75.678656],[-15.948842,75.671515],[-15.940541,75.661505],[-15.933949,75.648078],[-15.929311,75.630805],[-15.92693,75.60517],[-15.929677,75.585089],[-15.936635,75.569709],[-15.947255,75.558295],[-15.960561,75.550177],[-16.056508,75.527838],[-16.068044,75.521613],[-16.076222,75.512763],[-16.080373,75.500495],[-16.07964,75.484076],[-16.073354,75.462714],[-16.069325,75.455878],[-16.063954,75.451911],[-16.057485,75.450446],[-16.050099,75.451239],[-16.042165,75.453925],[-16.025075,75.463568],[-15.993459,75.490485],[-15.977284,75.509711],[-15.977345,75.510749],[-15.959706,75.508246],[-15.945973,75.502509],[-15.907948,75.472846],[-15.86559,75.449469],[-15.779775,75.427314],[-15.608144,75.411872],[-15.579701,75.403937],[-15.568105,75.397711],[-15.558522,75.389716],[-15.550893,75.379462],[-15.545339,75.366706],[-15.544545,75.360419],[-15.545888,75.3534],[-15.549184,75.345893],[-15.560536,75.329779],[-15.596425,75.2956],[-15.67339,75.242255],[-15.798573,75.211982],[-15.838307,75.196051],[-15.847951,75.18891],[-15.900746,75.1305],[-15.935414,75.108527],[-15.972829,75.095893],[-15.976064,75.093695],[-15.978444,75.090644],[-15.97997,75.086676],[-15.980641,75.081305],[-15.977345,75.054755],[-15.973744,75.046576],[-15.966603,75.038092],[-15.943166,75.020697],[-15.832692,74.974372],[-15.761464,74.958869],[-15.737294,74.958747],[-15.710133,74.966315],[-15.688222,74.978217],[-15.626943,75.038214],[-15.61144,75.048896],[-15.602834,75.052558],[-15.509023,75.062995],[-15.446278,75.058661],[-15.424123,75.051337],[-15.4157,75.046271],[-15.408986,75.040351],[-15.404164,75.033454],[-15.401235,75.025519],[-15.400258,75.016669],[-15.401357,75.00672],[-15.405873,74.995551],[-15.414296,74.986518],[-15.425954,74.979438],[-15.456654,74.969916],[-15.597218,74.952521],[-15.607533,74.948065],[-15.614491,74.942328],[-15.617299,74.93476],[-15.615834,74.899359],[-15.606007,74.87287],[-15.588673,74.854315],[-15.565114,74.842963],[-15.536488,74.837714],[-15.503835,74.837775],[-15.431264,74.850287],[-15.20934,74.93476],[-14.849324,74.946753],[-14.489308,74.958747],[-14.476491,74.951483],[-14.465749,74.943122],[-14.456899,74.933661],[-14.443532,74.912787],[-14.413319,74.830451],[-14.407948,74.823737],[-14.401296,74.818366],[-14.3933,74.814765],[-14.380299,74.811286],[-14.012685,74.815497],[-13.991444,74.82154],[-13.982655,74.826361],[-13.975209,74.83277],[-13.969106,74.840888],[-13.964467,74.850775],[-13.961354,74.862738],[-13.964345,74.875006],[-13.976918,74.886176],[-13.997853,74.896369],[-14.410024,74.976752],[-14.417348,74.982795],[-14.416005,74.982123],[-14.408009,74.982672],[-14.322987,75.005805],[-14.321339,75.00672],[-14.320363,75.008307],[-14.319814,75.010504],[-14.323537,75.049323],[-14.323232,75.051764],[-14.322438,75.053595],[-14.321339,75.054755],[-14.309987,75.060187],[-14.298085,75.063849],[-14.208974,75.072882],[-14.202321,75.076483],[-14.197499,75.081855],[-14.194753,75.089179],[-14.194325,75.098883],[-14.196401,75.111274],[-14.201344,75.126776],[-14.204701,75.1305],[-14.351064,75.167792],[-14.772817,75.203131],[-14.816518,75.215705],[-14.831838,75.225409],[-14.841359,75.23786],[-14.844106,75.253363],[-14.839162,75.272284],[-14.825307,75.294745],[-14.823232,75.296271],[-14.819753,75.297431],[-14.321339,75.318793],[-14.284291,75.32807],[-14.201344,75.366706],[-14.107472,75.383979],[-13.760182,75.386359],[-13.734181,75.395636],[-13.70641,75.412482],[-13.58373,75.523871],[-13.577321,75.534735],[-13.578236,75.533942],[-13.579457,75.534491],[-13.580922,75.536261],[-13.601064,75.582587],[-13.601308,75.582709],[-13.591603,75.677802],[-13.592458,75.685553],[-13.594777,75.691474],[-13.598866,75.695929],[-13.604848,75.699042],[-13.613026,75.701117],[-13.983388,75.676581],[-14.016225,75.66175],[-14.026723,75.652716],[-14.032582,75.642401],[-14.033315,75.630805],[-14.027882,75.620856],[-14.015736,75.613166],[-13.755055,75.578803],[-13.737294,75.571418],[-13.725026,75.561896],[-13.719411,75.54975],[-13.721303,75.534735],[-13.727284,75.523566],[-13.736134,75.51496],[-13.747487,75.508857],[-13.761098,75.504767],[-13.776845,75.502692],[-14.05956,75.536383],[-14.148366,75.531378],[-14.338368,75.484565],[-14.610799,75.483863],[-14.883229,75.483161],[-14.924672,75.493598],[-14.939687,75.501776],[-14.950002,75.512152],[-14.954884,75.52497],[-14.953603,75.540412],[-14.945302,75.558783],[-14.935353,75.571906],[-14.923573,75.581122],[-14.910146,75.586859],[-14.895314,75.589667],[-14.861379,75.588202],[-14.684193,75.555304],[-14.633351,75.558783],[-14.616872,75.564032],[-14.491689,75.643988],[-14.435231,75.66352],[-14.21172,75.684882],[-14.184438,75.695075],[-14.174428,75.701483],[-14.166798,75.708625],[-14.161366,75.716376],[-14.158131,75.724616],[-14.157033,75.733405],[-14.157887,75.742499],[-14.160756,75.751776],[-14.171925,75.770819],[-14.189992,75.789618],[-14.220204,75.810187],[-14.334828,75.844184],[-14.713857,75.870246],[-14.813832,75.85224],[-14.843129,75.85517],[-14.90685,75.875556],[-14.914784,75.881781],[-14.921376,75.889289],[-14.931386,75.907477],[-14.954396,75.992011],[-14.963368,76.008368],[-14.96935,76.014716],[-14.979237,76.021125],[-15.188954,76.07508],[-15.200673,76.082343],[-15.208424,76.090522],[-15.211537,76.100043],[-15.20934,76.110785],[-15.200307,76.12403],[-15.186696,76.133429],[-15.169484,76.139472],[-15.12621,76.142768],[-14.643076,76.076463],[-14.159942,76.010159],[-13.676808,75.943854],[-13.355763,76.015998],[-13.282399,76.011847],[-13.270863,76.013312],[-13.260671,76.016669],[-13.256398,76.019294],[-13.248891,76.026068],[-13.217336,76.086737],[-13.217336,76.089667],[-13.220693,76.09217],[-13.313832,76.111151],[-13.338124,76.121649],[-13.347768,76.12873],[-13.355214,76.137091],[-13.359853,76.147101],[-13.361318,76.158759],[-13.360219,76.16706],[-13.357411,76.17359],[-13.3532,76.178534],[-13.347585,76.182013],[-13.340871,76.184272],[-13.33318,76.185553],[-13.25768,76.180915],[-13.241322,76.182746],[-13.191396,76.212165],[-13.148061,76.226325],[-13.080434,76.233344],[-12.879689,76.224189],[-12.857289,76.23078],[-12.851125,76.234381],[-12.846547,76.238593],[-12.843495,76.243293],[-12.841603,76.248481],[-12.840871,76.253974],[-12.84203,76.265326],[-12.857106,76.301215],[-12.857289,76.302741],[-12.84612,76.331244],[-12.825307,76.355658],[-12.796376,76.376471],[-12.373647,76.506537],[-12.349477,76.523566],[-12.334218,76.543463],[-12.329335,76.566779],[-12.332631,76.577033],[-12.341298,76.586371],[-12.371571,76.602668],[-12.543935,76.663886],[-12.557729,76.673835],[-12.567128,76.68476],[-12.571278,76.696967],[-12.569447,76.710639],[-12.564015,76.716376],[-12.55309,76.720649],[-12.221242,76.709052],[-12.169728,76.688788],[-12.155202,76.686713],[-12.118459,76.689399],[-11.991933,76.730048],[-11.749257,76.751776],[-11.72936,76.758795],[-11.718434,76.765204],[-11.710561,76.772406],[-11.705251,76.780158],[-11.702138,76.788459],[-11.700734,76.797187],[-11.705006,76.865119],[-11.702565,76.874823],[-11.698048,76.884528],[-11.691151,76.893805],[-11.681386,76.902777],[-11.672231,76.908454],[-11.661366,76.912787],[-11.487233,76.921698],[-11.465321,76.926764],[-11.404347,76.955878],[-11.364125,76.98725],[-11.351735,77.002997],[-11.344533,77.018378],[-11.342824,77.025824],[-11.342397,77.033087],[-11.343251,77.040045],[-11.345326,77.046759],[-11.349843,77.055487],[-11.355336,77.062934],[-11.36205,77.069037],[-11.369679,77.073981],[-11.378468,77.07807],[-11.423329,77.086737],[-11.697743,77.093451],[-11.728139,77.098761],[-11.739858,77.103583],[-11.748647,77.110175],[-11.754262,77.11872],[-11.75591,77.129523],[-11.753346,77.142768],[-11.74413,77.152716],[-11.724965,77.160285],[-11.697255,77.165961],[-11.211415,77.164984],[-11.201344,77.166815],[-11.197804,77.169867],[-11.19579,77.174384],[-11.195058,77.180182],[-11.195424,77.186896],[-11.204823,77.219428],[-11.225331,77.262763],[-11.229604,77.283271],[-11.229848,77.29975],[-11.226491,77.31269],[-11.219655,77.322577],[-11.209584,77.329779],[-11.196706,77.334723],[-10.961354,77.358771],[-10.942189,77.366339],[-10.817372,77.454779],[-10.745351,77.478766],[-10.377349,77.502773],[-10.009348,77.526781],[-9.641347,77.550788],[-9.474294,77.598578],[-9.20934,77.622748],[-9.165334,77.643256],[-9.152211,77.652838],[-9.144338,77.661933],[-9.141225,77.6706],[-9.142445,77.6789],[-9.147389,77.686835],[-9.15569,77.694342],[-9.283254,77.74372],[-9.326772,77.789618],[-9.329335,77.790778],[-9.721974,77.816535],[-9.819569,77.795844],[-10.09911,77.67536],[-10.483968,77.658118],[-10.868825,77.640876],[-10.975942,77.600653],[-11.271321,77.584754],[-11.566701,77.568854],[-11.672414,77.528266],[-11.952748,77.513312],[-12.233083,77.498358],[-12.575673,77.373969],[-12.695058,77.363166],[-12.933278,77.38703],[-13.033803,77.380805],[-13.263417,77.286811],[-13.26537,77.286811],[-13.267995,77.275214],[-13.266591,77.263922],[-13.26183,77.252875],[-13.254018,77.242072],[-13.231557,77.221503],[-13.12914,77.154853],[-13.123525,77.148566],[-13.121327,77.142768],[-13.123036,77.130133],[-13.129445,77.117255],[-13.13976,77.104499],[-13.188161,77.067572],[-13.371816,76.990424],[-13.551564,76.964362],[-13.583974,76.950812],[-13.595082,76.941779],[-13.60204,76.930854],[-13.60436,76.917914],[-13.601308,76.902777],[-13.591664,76.887091],[-13.576283,76.876166],[-13.556081,76.869269],[-13.350636,76.865607],[-13.297109,76.855536],[-13.275441,76.84516],[-13.258412,76.830024],[-13.246755,76.809516],[-13.241322,76.782782],[-13.243947,76.764289],[-13.253529,76.747565],[-13.269215,76.732245],[-13.315175,76.705756],[-13.591786,76.621711],[-13.601308,76.614753],[-13.602773,76.612372],[-13.60381,76.609259],[-13.604726,76.601142],[-13.601308,76.542792],[-13.605336,76.529608],[-13.610463,76.519171],[-13.616689,76.511237],[-13.623891,76.505439],[-13.632131,76.501593],[-13.641225,76.499518],[-13.841237,76.521857],[-13.936635,76.514594],[-14.075673,76.477973],[-14.154958,76.46955],[-14.288381,76.474799],[-14.29363,76.473212],[-14.297292,76.470771],[-14.296559,76.470282],[-14.295827,76.467353],[-14.295888,76.374884],[-14.296559,76.373481],[-14.297292,76.374762],[-14.291615,76.35987],[-14.274831,76.334235],[-14.194875,76.266913],[-14.190175,76.260077],[-14.1881,76.253241],[-14.189015,76.246161],[-14.193288,76.238776],[-14.201344,76.23078],[-14.212148,76.224189],[-14.224965,76.22016],[-14.239735,76.218268],[-14.274464,76.220282],[-14.550343,76.279853],[-14.736684,76.280097],[-14.826527,76.319953],[-14.859181,76.328315],[-15.19872,76.338507],[-15.230885,76.330878],[-15.261403,76.316413],[-15.290822,76.293647],[-15.315419,76.265204],[-15.321401,76.251899],[-15.323781,76.238959],[-15.32311,76.226386],[-15.319814,76.214179],[-15.307546,76.190985],[-15.261098,76.132636],[-15.257192,76.124701],[-15.255788,76.117438],[-15.257314,76.110785],[-15.260915,76.105475],[-15.265797,76.100898],[-15.271962,76.097052],[-15.287953,76.091071],[-15.540974,76.051947],[-15.793996,76.012824],[-15.925893,75.967231],[-15.944936,75.965705],[-15.953297,75.966742],[-15.955922,75.967963],[-15.958241,75.97016],[-15.960317,75.973273],[-15.975881,76.035529],[-15.988515,76.056586],[-15.995046,76.063849],[-16.001576,76.068671],[-16.06548,76.091498],[-16.318868,76.094916],[-16.572255,76.098334],[-16.625356,76.110785],[-16.643056,76.120551],[-16.648854,76.125861],[-16.666798,76.151068],[-16.696278,76.180854],[-16.715077,76.193183],[-16.7235,76.196357],[-16.731496,76.197943],[-16.73943,76.198127],[-16.796437,76.185675],[-16.848866,76.183356],[-16.862416,76.186042],[-16.906239,76.204413],[-16.917592,76.20716],[-16.930287,76.207587],[-16.943593,76.205268],[-16.955434,76.200263],[-17.01299,76.16297],[-17.026235,76.159369],[-17.064137,76.161078],[-17.170339,76.183417],[-17.186757,76.180793],[-17.335011,76.113715],[-17.557546,76.088813],[-17.56133,76.086737],[-17.567067,76.081244],[-17.571278,76.075812],[-17.574147,76.070441],[-17.575795,76.065192],[-17.576405,76.060004],[-17.576161,76.054999],[-17.573598,76.045356],[-17.562123,76.020941],[-17.56133,76.017707],[-17.56133,76.014716],[-17.569264,75.985358],[-17.575063,75.973822],[-17.582021,75.96424],[-17.589894,75.956488],[-17.598866,75.950324],[-17.619496,75.942206],[-17.643361,75.938666],[-17.807485,75.952704],[-17.811757,75.954596],[-17.814443,75.956855],[-17.816029,75.959296],[-17.816823,75.962165],[-17.818044,75.973639],[-17.821645,75.98432],[-17.828114,75.996527],[-17.828175,76.001166],[-17.825978,76.004889],[-17.821767,76.007697],[-17.815907,76.009772],[-17.733022,76.013617],[-17.72936,76.014716],[-17.698964,76.034125],[-17.691335,76.04267],[-17.687917,76.05091],[-17.687978,76.058783],[-17.690907,76.066596],[-17.73058,76.122504],[-17.734731,76.135199],[-17.736318,76.149237],[-17.734731,76.165107],[-17.72936,76.182746],[-17.727528,76.18476],[-17.724233,76.186347],[-17.651723,76.195502],[-17.640004,76.200019],[-17.635976,76.20307],[-17.63329,76.206732],[-17.631093,76.213446],[-17.630116,76.220771],[-17.631215,76.237067],[-17.65685,76.332709],[-17.657338,76.350775],[-17.656789,76.351752],[-17.610219,76.396979],[-17.609303,76.398749],[-17.595937,76.462836],[-17.596547,76.47724],[-17.599233,76.488776],[-17.604115,76.497992],[-17.610829,76.505072],[-17.619252,76.510504],[-17.72936,76.542792],[-17.738515,76.54859],[-17.80132,76.614753],[-17.811574,76.617255],[-17.832143,76.61933],[-17.925038,76.609687],[-17.939137,76.612128],[-17.945302,76.614753],[-17.951222,76.618354],[-17.974721,76.640876],[-17.995839,76.672309],[-18.011403,76.708014],[-18.017995,76.743048],[-18.017079,76.783393],[-18.001943,76.863288],[-17.996266,76.875006],[-17.993337,76.878791],[-17.989064,76.882025],[-17.984242,76.884101],[-17.979115,76.88526],[-17.93578,76.883368],[-17.931508,76.884833],[-17.927907,76.887274],[-17.924916,76.890937],[-17.922658,76.896064],[-17.921315,76.902777],[-17.921803,76.902899],[-17.968434,76.902411],[-17.969289,76.902777],[-17.973622,76.908759],[-17.975514,76.915595],[-17.975453,76.923163],[-17.973622,76.931342],[-17.96581,76.948737],[-17.923207,77.013434],[-17.921376,77.018683],[-17.921315,77.022773],[-17.922902,77.023566],[-17.979665,77.071357],[-18.026845,77.1258],[-18.041493,77.153754],[-18.044911,77.166938],[-18.045033,77.179389],[-18.04131,77.190741],[-18.034169,77.201911],[-18.025807,77.211188],[-18.016469,77.218695],[-18.006032,77.224738],[-17.983388,77.232367],[-17.959218,77.234992],[-17.911305,77.229132],[-17.873341,77.214789],[-17.870717,77.212897],[-17.816518,77.151557],[-17.806264,77.144721],[-17.80132,77.142768],[-17.788869,77.140387],[-17.776967,77.140021],[-17.765492,77.141303],[-17.690907,77.168158],[-17.683461,77.167914],[-17.676442,77.165656],[-17.669728,77.160956],[-17.663381,77.153388],[-17.657338,77.142768],[-17.657521,77.139838],[-17.711293,77.015509],[-17.711415,77.00788],[-17.709523,77.002143],[-17.705312,76.998786],[-17.693044,76.995429],[-17.6787,76.993903],[-17.511525,77.001105],[-17.493153,77.005378],[-17.487355,77.008673],[-17.483205,77.013007],[-17.480397,77.018317],[-17.461781,77.103095],[-17.456593,77.110724],[-17.449941,77.117743],[-17.432973,77.130011],[-17.39037,77.148505],[-17.296437,77.172797],[-17.091054,77.195624],[-16.622182,77.163398],[-16.577016,77.169257],[-16.557607,77.176154],[-16.540517,77.186164],[-16.525929,77.199652],[-16.51415,77.217108],[-16.492055,77.276801],[-16.484547,77.29029],[-16.480763,77.294318],[-16.476796,77.297003],[-16.472524,77.298651],[-16.431874,77.303595],[-16.409291,77.310797],[-16.38268,77.324774],[-16.376088,77.331244],[-16.37328,77.33747],[-16.373769,77.343268],[-16.377065,77.348761],[-16.38268,77.353949],[-16.390187,77.35871],[-16.467214,77.387702],[-16.474599,77.393378],[-16.498402,77.425116],[-16.80663,77.594611],[-17.036733,77.636664],[-17.057362,77.646796],[-17.062917,77.651496],[-17.072621,77.665168],[-17.103627,77.76496],[-17.105336,77.76673],[-17.111623,77.769049],[-17.117848,77.770209],[-17.123891,77.770209],[-17.135732,77.767829],[-17.182362,77.745551],[-17.194814,77.742865],[-17.230641,77.746161],[-17.251881,77.751899],[-17.266103,77.759833],[-17.274098,77.769599],[-17.276723,77.78089],[-17.274831,77.793586],[-17.203114,77.910895],[-17.200124,77.923529],[-17.201283,77.93476],[-17.212636,77.951422],[-17.233266,77.965461],[-17.297292,77.987128],[-17.737416,78.054572],[-17.761708,78.065619],[-17.777333,78.078803],[-17.782216,78.086798],[-17.785085,78.095221],[-17.786366,78.10401],[-17.784779,78.122382],[-17.756642,78.198004],[-17.753285,78.214911],[-17.753285,78.222785],[-17.755483,78.233832],[-17.759389,78.243659],[-17.770863,78.260138],[-17.810719,78.301154],[-17.814565,78.309149],[-17.816701,78.317939],[-17.816762,78.327887],[-17.814504,78.339179],[-17.80132,78.366767],[-17.799123,78.369086],[-17.795583,78.371161],[-17.790883,78.373114],[-17.709035,78.389594],[-17.702504,78.392096],[-17.636708,78.437567],[-17.43224,78.458503],[-17.387013,78.475287],[-17.282826,78.532355],[-16.942128,78.563666],[-16.75182,78.646857],[-16.711964,78.64997],[-16.691518,78.647162],[-16.670644,78.640876],[-16.649342,78.630805],[-16.613271,78.52381],[-16.611928,78.521796],[-16.610036,78.520087],[-16.60735,78.518561],[-16.593434,78.514167],[-16.530751,78.504767],[-16.4912,78.505927],[-16.457265,78.512519],[-16.343984,78.554084],[-16.313344,78.558783],[-16.169301,78.534796],[-15.959462,78.541815],[-15.905324,78.534796],[-15.903798,78.533759],[-15.85735,78.462775],[-15.784108,78.391608],[-15.783925,78.390692],[-15.785329,78.390815],[-15.785288,78.390806],[-15.783864,78.390509],[-15.783925,78.390692],[-15.377309,78.366767],[-15.371938,78.370063],[-15.368703,78.375067],[-15.367177,78.381659],[-15.366078,78.44422],[-15.357411,78.47016],[-15.349294,78.483405],[-15.338124,78.496772],[-15.323415,78.509772],[-15.281361,78.534796],[-15.278188,78.535712],[-14.983998,78.533515],[-14.977101,78.531195],[-14.970815,78.527655],[-14.965077,78.522956],[-14.959706,78.516669],[-14.954701,78.508612],[-14.945302,78.486762],[-14.944814,78.476935],[-14.951161,78.47071],[-14.963185,78.467414],[-15.096059,78.472235],[-15.138539,78.467353],[-15.154652,78.460761],[-15.166066,78.450385],[-15.171681,78.435736],[-15.170461,78.416083],[-15.161305,78.390815],[-15.160146,78.389228],[-15.158131,78.387641],[-15.121449,78.374274],[-15.116078,78.370856],[-15.114308,78.368903],[-15.113332,78.366767],[-15.111073,78.353949],[-15.110951,78.342719],[-15.112416,78.33277],[-15.115224,78.324042],[-15.138234,78.286628],[-15.139638,78.281195],[-15.139272,78.275519],[-15.13683,78.269416],[-15.131947,78.262702],[-15.113332,78.246772],[-15.111073,78.245917],[-15.108022,78.245734],[-15.009389,78.255683],[-14.921315,78.246772],[-14.903798,78.242011],[-14.873341,78.222785],[-14.838979,78.211493],[-14.823293,78.210028],[-14.808339,78.211005],[-14.780385,78.218695],[-14.66808,78.282721],[-14.633351,78.294745],[-14.60674,78.299201],[-14.423879,78.292243],[-14.364064,78.300788],[-14.20165,78.362128],[-14.00005,78.369879],[-13.960805,78.35987],[-13.945729,78.352423],[-13.933705,78.343268],[-13.925099,78.332282],[-13.919911,78.319342],[-13.918446,78.304389],[-13.920705,78.287421],[-13.926991,78.268256],[-13.944631,78.234565],[-13.960072,78.213996],[-13.976491,78.198127],[-14.20757,78.083747],[-14.22643,78.079291],[-14.244618,78.07923],[-14.260243,78.082648],[-14.273183,78.088446],[-14.319936,78.119452],[-14.335988,78.124945],[-14.366017,78.129035],[-14.400746,78.128607],[-14.427358,78.122687],[-14.446645,78.112616],[-14.453847,78.106513],[-14.459462,78.099982],[-14.463735,78.093024],[-14.466603,78.085944],[-14.468373,78.078925],[-14.468984,78.07215],[-14.468617,78.065741],[-14.467397,78.059882],[-14.460072,78.043647],[-14.454396,78.036017],[-14.444936,78.028022],[-14.430592,78.020392],[-14.410024,78.013861],[-14.345326,78.006781],[-14.340932,78.007453],[-14.336049,78.009284],[-14.295277,78.033515],[-14.276601,78.040534],[-14.25475,78.043708],[-14.229848,78.041083],[-14.201344,78.030829],[-14.196278,78.027533],[-14.192372,78.023505],[-14.189443,78.018805],[-14.187489,78.013434],[-14.186208,78.007575],[-14.184193,77.952887],[-14.180531,77.940375],[-14.177358,77.93476],[-14.162648,77.916083],[-14.148305,77.902533],[-14.134206,77.893561],[-14.120351,77.888739],[-14.106557,77.887519],[-14.092763,77.88935],[-13.972951,77.950263],[-13.937306,77.958808],[-13.900075,77.959662],[-13.871877,77.95539],[-13.851003,77.948127],[-13.814076,77.927436],[-13.809438,77.926764],[-13.804555,77.92768],[-13.799245,77.930243],[-13.780751,77.947577],[-13.772633,77.959357],[-13.7683,77.970404],[-13.767384,77.980597],[-13.769276,77.99018],[-13.773671,77.999213],[-13.787587,78.015937],[-13.822682,78.046698],[-13.836049,78.06214],[-13.839955,78.070319],[-13.841359,78.078803],[-13.840505,78.086859],[-13.839467,78.089789],[-13.838185,78.092047],[-13.836598,78.093756],[-13.834828,78.095038],[-13.832936,78.096015],[-13.821156,78.098883],[-13.819569,78.099799],[-13.818288,78.101081],[-13.791432,78.153998],[-13.787099,78.158332],[-13.782765,78.161261],[-13.778188,78.162787],[-13.773427,78.163214],[-13.691029,78.147101],[-13.639027,78.149909],[-13.596059,78.162726],[-13.491139,78.21894],[-13.453847,78.229377],[-13.433034,78.230658],[-13.41039,78.228644],[-13.385365,78.222785],[-13.366567,78.214484],[-13.35143,78.202704],[-13.339345,78.188056],[-13.329701,78.17121],[-13.290639,78.059516],[-13.28185,78.045233],[-13.270863,78.03382],[-13.257131,78.026068],[-13.23998,78.022528],[-13.218984,78.023932],[-13.193349,78.030829],[-13.179006,78.037482],[-13.169484,78.0456],[-13.164296,78.054999],[-13.162831,78.065558],[-13.164662,78.076972],[-13.175649,78.10224],[-13.229543,78.185004],[-13.23998,78.210822],[-13.241322,78.222785],[-13.24059,78.226935],[-13.238515,78.23078],[-13.235402,78.234442],[-13.184743,78.269782],[-13.175221,78.281073],[-13.171742,78.287543],[-13.169362,78.294745],[-13.168507,78.299628],[-13.168446,78.304145],[-13.170033,78.312262],[-13.171681,78.315924],[-13.175893,78.322455],[-13.192738,78.34101],[-13.193349,78.34278],[-13.194997,78.363105],[-13.192922,78.37934],[-13.187611,78.39173],[-13.179311,78.400824],[-13.168446,78.406989],[-13.155263,78.410529],[-13.140187,78.411872],[-12.96996,78.391242],[-12.956471,78.393927],[-12.911977,78.413092],[-12.900563,78.415839],[-12.888112,78.415961],[-12.872426,78.412299],[-12.855275,78.404853],[-12.787892,78.361396],[-12.748464,78.345038],[-12.732289,78.342353],[-12.72234,78.343634],[-12.665395,78.365119],[-12.649953,78.366828],[-12.631093,78.36579],[-12.505849,78.324591],[-12.459828,78.318183],[-12.264821,78.32807],[-12.241994,78.323065],[-12.233327,78.318793],[-12.224355,78.311957],[-12.217152,78.304328],[-12.211537,78.295966],[-12.204274,78.278022],[-12.195668,78.210883],[-12.193349,78.205512],[-12.189992,78.201483],[-12.185353,78.198798],[-12.069631,78.176703],[-11.945302,78.174811],[-11.808461,78.19245],[-11.787648,78.201361],[-11.771657,78.213019],[-11.76537,78.220038],[-11.760243,78.227973],[-11.753346,78.246772],[-11.754384,78.251899],[-11.759023,78.25904],[-11.767079,78.268073],[-11.826833,78.315985],[-11.916371,78.369208],[-12.016835,78.409064],[-12.403432,78.420722],[-12.424184,78.42652],[-12.441823,78.435492],[-12.456044,78.448188],[-12.466664,78.465155],[-12.473378,78.486762],[-12.471913,78.486151],[-12.4688,78.488837],[-12.415517,78.575873],[-12.39922,78.620185],[-12.39922,78.626776],[-12.401357,78.630805],[-12.413442,78.637336],[-12.429738,78.642157],[-12.472157,78.647467],[-12.713307,78.630805],[-12.725392,78.633429],[-12.815663,78.673896],[-13.097951,78.685981],[-13.380238,78.698065],[-13.386342,78.70008],[-13.385365,78.702826],[-13.394276,78.696112],[-13.400746,78.689337],[-13.405202,78.682624],[-13.407704,78.675849],[-13.408559,78.669074],[-13.40807,78.662421],[-13.403981,78.64942],[-13.386159,78.615546],[-13.385121,78.610907],[-13.385365,78.606757],[-13.388417,78.595343],[-13.396474,78.57746],[-13.405873,78.564521],[-13.431447,78.540045],[-13.433888,78.535834],[-13.435414,78.531012],[-13.435902,78.525336],[-13.435292,78.518683],[-13.426137,78.492255],[-13.41747,78.477607],[-13.407643,78.466498],[-13.397084,78.458258],[-13.386098,78.452521],[-13.364308,78.44654],[-13.330922,78.442939],[-13.326772,78.441046],[-13.325002,78.437751],[-13.325917,78.432624],[-13.337331,78.414801],[-13.351674,78.40235],[-13.373219,78.391791],[-13.469838,78.370429],[-13.771474,78.373786],[-13.809743,78.384467],[-13.817372,78.390815],[-13.82433,78.412177],[-13.822926,78.4289],[-13.81432,78.441596],[-13.79955,78.450934],[-13.756581,78.461615],[-13.604237,78.472907],[-13.587819,78.478034],[-13.577077,78.485602],[-13.573232,78.496344],[-13.577321,78.510749],[-13.583852,78.518866],[-13.594167,78.525458],[-13.624379,78.534919],[-13.768727,78.541083],[-14.13915,78.503546],[-14.178944,78.509406],[-14.195424,78.516547],[-14.209035,78.526801],[-14.219167,78.540778],[-14.225331,78.558783],[-14.225209,78.563361],[-14.223073,78.567816],[-14.219228,78.572089],[-14.207387,78.580085],[-13.801259,78.707465],[-13.757863,78.730414],[-13.741383,78.74372],[-13.729054,78.758429],[-13.721303,78.774787],[-13.722524,78.774298],[-13.815053,78.774604],[-13.839223,78.779364],[-13.855885,78.785346],[-13.867787,78.792609],[-13.875356,78.800849],[-13.87914,78.809821],[-13.87975,78.819342],[-13.877553,78.829169],[-13.873158,78.839118],[-13.866994,78.848883],[-13.85143,78.867194],[-13.821584,78.892218],[-13.797475,78.903022],[-13.779836,78.906806],[-13.76415,78.906806],[-13.750111,78.903449],[-13.737599,78.897284],[-13.715932,78.878669],[-13.660207,78.811835],[-13.649709,78.804694],[-13.638173,78.800177],[-13.625356,78.798774],[-13.615895,78.799933],[-13.595082,78.807318],[-13.48998,78.868598],[-13.426259,78.892157],[-13.377858,78.896308],[-13.323537,78.889899],[-13.279469,78.875067],[-13.191762,78.831],[-13.181508,78.830329],[-13.171925,78.833441],[-13.162831,78.840766],[-13.154042,78.852973],[-13.145314,78.870795],[-13.140492,78.887213],[-13.14037,78.901007],[-13.144643,78.912299],[-13.152516,78.921454],[-13.163381,78.928534],[-13.176808,78.933966],[-13.208485,78.940436],[-13.313344,78.942816],[-13.517506,79.036689],[-13.741017,79.024054],[-13.953053,78.972724],[-13.961354,78.966803],[-13.966786,78.959174],[-13.97057,78.950202],[-13.974538,78.928656],[-13.97643,78.852484],[-13.981068,78.829596],[-13.985402,78.819648],[-13.991322,78.810981],[-13.999257,78.803961],[-14.009328,78.798774],[-14.014516,78.797858],[-14.02123,78.798163],[-14.177358,78.846808],[-14.224355,78.846808],[-14.369313,78.822821],[-14.379567,78.823371],[-14.387929,78.826056],[-14.417897,78.843756],[-14.428273,78.846381],[-14.77361,78.817939],[-14.80132,78.822821],[-14.812001,78.827094],[-14.832631,78.841071],[-14.912282,78.921576],[-14.933827,78.935797],[-14.94518,78.940314],[-14.957021,78.942816],[-14.96935,78.942816],[-14.973683,78.941169],[-14.978017,78.937384],[-15.051076,78.825324],[-15.075307,78.806342],[-15.094533,78.796637],[-15.252065,78.771491],[-15.320546,78.77735],[-15.347524,78.78559],[-15.370778,78.796698],[-15.408437,78.825507],[-15.500783,78.929511],[-15.542958,78.956794],[-15.593861,78.972785],[-15.701405,78.977362],[-15.98705,78.94361],[-16.134389,78.989142],[-16.350392,78.988349],[-16.378896,78.996405],[-16.410939,79.011542],[-16.563832,79.129035],[-16.582021,79.136359],[-16.698659,79.162665],[-16.949086,79.182379],[-17.092763,79.159491],[-17.124501,79.160834],[-17.137074,79.164496],[-17.146657,79.1706],[-17.152943,79.179389],[-17.155324,79.191352],[-17.15331,79.206794],[-17.14568,79.216742],[-17.128713,79.225898],[-16.673329,79.278815],[-16.655507,79.273993],[-16.533925,79.194648],[-16.494252,79.179755],[-16.265736,79.147162],[-15.958974,79.169409],[-15.652211,79.191657],[-15.593312,79.182807],[-15.590505,79.180609],[-15.587758,79.176215],[-15.543568,79.061957],[-15.529469,79.044928],[-15.521352,79.038764],[-15.51891,79.037482],[-15.438893,79.012274],[-15.385243,79.010016],[-14.959767,79.074652],[-14.91277,79.091193],[-14.895741,79.104071],[-14.820363,79.184516],[-14.768666,79.22309],[-14.730458,79.240302],[-14.639882,79.263739],[-14.151418,79.315009],[-14.133412,79.322821],[-14.129323,79.326789],[-14.12621,79.33393],[-14.124379,79.342047],[-14.124379,79.360968],[-14.128896,79.382025],[-14.137441,79.403937],[-14.149403,79.425116],[-14.164357,79.444342],[-14.181874,79.460028],[-14.201344,79.470771],[-14.21349,79.474494],[-14.239125,79.477362],[-14.385121,79.446845],[-14.559193,79.479315],[-14.579091,79.489325],[-14.585317,79.494818],[-14.589101,79.500556],[-14.590932,79.506354],[-14.591176,79.512213],[-14.589833,79.518012],[-14.587331,79.523749],[-14.579335,79.534857],[-14.568898,79.544928],[-14.528432,79.571723],[-14.513539,79.577094],[-14.502248,79.578315],[-14.486562,79.577643],[-14.48351,79.578498],[-14.480641,79.58039],[-14.477895,79.583503],[-14.475026,79.588202],[-14.46349,79.624823],[-14.464345,79.63288],[-14.46758,79.639228],[-14.472829,79.64411],[-14.479726,79.648017],[-14.535451,79.666449],[-14.543813,79.67182],[-14.550893,79.678534],[-14.556447,79.68714],[-14.560048,79.69776],[-14.561391,79.710761],[-14.560719,79.713446],[-14.558888,79.716132],[-14.55602,79.718817],[-14.481313,79.767035],[-14.447255,79.805609],[-14.439137,79.821357],[-14.43755,79.827155],[-14.437184,79.831855],[-14.437978,79.842536],[-14.437428,79.845649],[-14.435658,79.849066],[-14.432301,79.852973],[-14.385976,79.88227],[-14.290639,79.913214],[-13.991078,79.964301],[-13.523381,79.969084],[-13.055684,79.973868],[-12.587987,79.978652],[-12.12029,79.983435],[-11.652593,79.988219],[-11.184895,79.993003],[-10.717198,79.997786],[-10.249501,80.00257],[-10.09203,80.028632],[-10.027211,80.029792],[-10.001332,80.022773],[-10.013051,79.890204],[-10.009328,79.868293],[-10.005971,79.860297],[-10.001332,79.854804],[-9.992848,79.849616],[-9.981801,79.845099],[-9.915151,79.834174],[-9.823048,79.834296],[-9.624745,79.867499],[-9.3756,80.009467],[-9.259633,80.033698],[-9.148,80.039435],[-9.074941,80.032782],[-9.042043,80.024298],[-9.040334,80.023139],[-9.04131,80.022773],[-8.667653,80.023017],[-8.293996,80.023261],[-8.294179,80.023139],[-8.294253,80.02313],[-8.297353,80.022773],[-8.294423,80.023017],[-8.294179,80.023139],[-8.192494,80.034735],[-8.168019,80.042487],[-8.159291,80.051093],[-8.164174,80.06037],[-8.180409,80.070197],[-8.617177,80.17829],[-8.685475,80.212653],[-8.709706,80.234015],[-8.718434,80.245917],[-8.724843,80.258612],[-8.728566,80.272284],[-8.72936,80.286811],[-8.726796,80.294928],[-8.720143,80.303656],[-8.680714,80.332221],[-8.405629,80.476691],[-8.29894,80.502936],[-7.873525,80.518042],[-7.44811,80.533149],[-7.318227,80.584479],[-7.036,80.6388],[-7.02892,80.642646],[-7.025319,80.646796],[-7.014943,80.665717],[-7.010243,80.670966],[-7.002675,80.677008],[-7.003713,80.677558],[-7.05309,80.696967],[-7.169362,80.766791],[-7.313344,80.886786],[-7.330373,80.893012],[-7.786366,80.951758],[-8.24236,81.010504],[-8.487691,81.109229],[-8.733022,81.207953],[-8.748891,81.217963],[-8.753346,81.222785],[-8.759572,81.234015],[-8.763478,81.244757],[-8.76537,81.254889],[-8.764638,81.273871],[-8.753407,81.32453],[-8.754079,81.332709],[-8.756398,81.340949],[-8.760854,81.349311],[-8.767629,81.357978],[-8.777333,81.366767],[-8.844655,81.405646],[-8.933339,81.435309],[-9.137318,81.462775],[-9.282216,81.439582],[-9.329335,81.438788],[-9.457753,81.488532],[-9.512807,81.485175],[-9.521352,81.486762],[-9.523183,81.487738],[-9.560902,81.529608],[-9.566823,81.53382],[-9.569325,81.534735],[-9.582082,81.536872],[-9.709462,81.529975],[-9.728078,81.532294],[-9.751759,81.540107],[-9.778737,81.553412],[-9.917348,81.64997],[-9.955006,81.662116],[-10.252217,81.683783],[-10.549428,81.705451],[-10.612965,81.72309],[-10.670644,81.753607],[-10.751881,81.814215],[-10.787343,81.83039],[-11.03954,81.872199],[-11.168568,81.922614],[-11.424916,81.970038],[-11.440114,81.979438],[-11.529897,82.058722],[-11.541066,82.064154],[-11.545094,82.065131],[-11.601186,82.061408],[-11.609364,82.062751],[-11.611195,82.063727],[-11.654836,82.109565],[-11.657338,82.110785],[-11.670827,82.113471],[-11.80132,82.110785],[-12.017323,82.182746],[-12.463445,82.221381],[-12.909566,82.260016],[-13.355687,82.298651],[-13.801808,82.337287],[-14.247929,82.375922],[-14.694051,82.414557],[-15.140172,82.453192],[-15.586293,82.491828],[-15.67693,82.537665],[-15.70287,82.5633],[-15.713368,82.590766],[-15.712697,82.605353],[-15.708669,82.617987],[-15.701772,82.628974],[-15.68163,82.647773],[-15.63036,82.681281],[-15.607655,82.701361],[-15.598927,82.713446],[-15.592519,82.72724],[-15.589223,82.74317],[-15.589223,82.761603],[-15.593312,82.782782],[-15.600758,82.801581],[-15.611806,82.818],[-15.625966,82.83216],[-15.643178,82.844306],[-15.685414,82.863227],[-15.736073,82.876471],[-16.212736,82.890348],[-16.689399,82.904225],[-17.166062,82.918102],[-17.642724,82.931978],[-18.119387,82.945855],[-18.59605,82.959732],[-19.072713,82.973609],[-19.549376,82.987485],[-20.026038,83.001362],[-20.502701,83.015239],[-20.979364,83.029116],[-21.456027,83.042993],[-21.932689,83.056869],[-22.409352,83.070746],[-22.448781,83.08393],[-22.530385,83.124945],[-22.823537,83.207709],[-23.116689,83.290473],[-23.585194,83.329108],[-24.0537,83.367743],[-24.522206,83.406378],[-24.990712,83.445014],[-25.108022,83.485358],[-25.602254,83.524306],[-26.096486,83.563254],[-26.590718,83.602202],[-27.08495,83.64115],[-27.579183,83.680098],[-28.073415,83.719046],[-28.567647,83.757994],[-29.061879,83.796942],[-29.361073,83.873877],[-29.660268,83.950812],[-30.155774,83.973365],[-30.65128,83.995917],[-31.146787,84.01847],[-31.642293,84.041022],[-32.137799,84.063575],[-32.633305,84.086127],[-33.128812,84.10868],[-33.624318,84.131232],[-33.6881,84.146369],[-34.179834,84.108996],[-34.671568,84.071623],[-35.163302,84.034251],[-35.655036,83.996878],[-36.14677,83.959505],[-36.638504,83.922133],[-37.130238,83.88476],[-37.621973,83.847387],[-38.113707,83.810014],[-38.605441,83.772642],[-39.097175,83.735269],[-39.588909,83.697896],[-40.080643,83.660524],[-40.572377,83.623151],[-41.064111,83.585778],[-41.555845,83.548406],[-42.047579,83.511033],[-42.539313,83.47366],[-43.031048,83.436287],[-43.522782,83.398915],[-44.014516,83.361542],[-44.50625,83.324169],[-44.997984,83.286797],[-45.489718,83.249424],[-45.981452,83.212051],[-46.473186,83.174679],[-46.96492,83.137306],[-47.456654,83.099933],[-47.948389,83.06256],[-48.440123,83.025188],[-48.931857,82.987815],[-49.423591,82.950442],[-49.915325,82.91307],[-50.407059,82.875697],[-50.898793,82.838324],[-51.065236,82.782782],[-51.107411,82.781317],[-51.142384,82.786872],[-51.2058,82.808295],[-51.210439,82.807685],[-51.21349,82.804633],[-51.214833,82.798712],[-51.214589,82.789374],[-51.209279,82.758795],[-51.202931,82.748114],[-51.189137,82.738044],[-51.078297,82.704047],[-50.651698,82.691986],[-50.225099,82.679926],[-49.7985,82.667865],[-49.371901,82.655805],[-48.945302,82.643744],[-48.918263,82.630683],[-48.905263,82.614753],[-48.903554,82.594001],[-48.911183,82.5763],[-48.926991,82.561347],[-48.949696,82.548957],[-49.010915,82.530951],[-49.431239,82.532599],[-49.851564,82.534247],[-50.271889,82.535895],[-50.692214,82.537543],[-51.112538,82.539191],[-51.118337,82.537543],[-51.123647,82.534735],[-51.134023,82.525214],[-51.552419,82.487403],[-51.970815,82.449591],[-51.977284,82.446784],[-51.98467,82.441474],[-51.991383,82.435004],[-52.002736,82.418952],[-52.041005,82.333441],[-52.044911,82.329291],[-52.049306,82.326728],[-52.069142,82.320563],[-52.10912,82.314582],[-52.253651,82.325141],[-52.281422,82.322455],[-52.293507,82.318244],[-52.304128,82.311896],[-52.356496,82.258002],[-52.371755,82.248358],[-52.388722,82.240912],[-52.408131,82.235663],[-52.457265,82.23078],[-52.468129,82.231269],[-52.518178,82.246955],[-52.532826,82.255683],[-52.529347,82.259955],[-52.526662,82.26496],[-52.525014,82.270331],[-52.524403,82.276129],[-52.52477,82.281562],[-52.526112,82.286628],[-52.52831,82.291266],[-52.531239,82.295478],[-52.53484,82.29914],[-52.538991,82.302191],[-52.543752,82.304389],[-52.798024,82.332556],[-53.052297,82.360724],[-53.22057,82.346869],[-53.3485,82.303961],[-53.369313,82.302802],[-53.371205,82.303595],[-53.407948,82.33747],[-53.444325,82.362006],[-53.465871,82.370612],[-53.489308,82.374823],[-53.506703,82.374152],[-53.584462,82.350775],[-53.597463,82.349128],[-53.603444,82.349494],[-53.609242,82.350775],[-53.635243,82.362006],[-53.656117,82.375861],[-53.716664,82.433661],[-53.733266,82.442572],[-53.742787,82.44538],[-53.753224,82.446784],[-53.758046,82.446295],[-53.763539,82.444464],[-53.873402,82.380316],[-53.897267,82.374823],[-54.377309,82.422797],[-54.390004,82.4206],[-54.433339,82.401557],[-54.433461,82.401618],[-54.433644,82.401618],[-54.434438,82.401801],[-54.434621,82.401801],[-54.435048,82.401862],[-54.43517,82.401862],[-54.435964,82.402045],[-54.436147,82.402045],[-54.436391,82.402045],[-54.907948,82.375657],[-55.379506,82.34927],[-55.851064,82.322882],[-56.322621,82.296495],[-56.794179,82.270107],[-57.265736,82.24372],[-57.737294,82.217332],[-58.208852,82.190945],[-58.680409,82.164557],[-59.151967,82.13817],[-59.623525,82.111782],[-60.095082,82.085395],[-60.105641,82.080878],[-60.115285,82.074591],[-60.148732,82.045172],[-60.156972,82.040351],[-60.170583,82.036689],[-60.286916,82.041877],[-60.30016,82.040473],[-60.305287,82.038764],[-60.306264,82.037787],[-60.306935,82.036078],[-60.30724,82.030829],[-60.303944,81.99433],[-60.304433,81.992194],[-60.305287,81.99079],[-60.307057,81.989508],[-60.309316,81.988715],[-60.314931,81.98841],[-60.343129,81.992743],[-60.348988,81.99256],[-60.351369,81.99195],[-60.353261,81.99079],[-60.384877,81.957404],[-60.390675,81.95362],[-60.398366,81.95008],[-60.858052,81.933997],[-61.317738,81.917914],[-61.374928,81.888007],[-61.419057,81.873847],[-61.66805,81.841101],[-61.917043,81.808356],[-61.945485,81.793524],[-61.960317,81.780097],[-61.973378,81.763678],[-62.038564,81.647895],[-62.104909,81.577704],[-62.116078,81.554999],[-62.119008,81.542731],[-62.11974,81.529853],[-62.117909,81.516181],[-62.11321,81.501899],[-62.105275,81.486762],[-62.093617,81.472296],[-62.087514,81.467841],[-62.081105,81.464972],[-62.074391,81.46369],[-62.067372,81.46369],[-62.059804,81.464911],[-61.954701,81.514594],[-61.888478,81.572821],[-61.880116,81.576728],[-61.872121,81.578192],[-61.864552,81.576911],[-61.857594,81.572394],[-61.851308,81.564154],[-61.845815,81.551764],[-61.838246,81.51203],[-61.839345,81.492682],[-61.843984,81.476508],[-61.851674,81.462958],[-61.86205,81.451728],[-61.87444,81.442389],[-61.966664,81.40412],[-61.992421,81.388739],[-62.002187,81.37873],[-62.009267,81.366767],[-62.010732,81.36225],[-62.011342,81.357856],[-62.011159,81.353766],[-62.010243,81.34986],[-62.008778,81.346198],[-62.004506,81.339484],[-61.986012,81.32038],[-61.98528,81.318793],[-61.978139,81.276984],[-61.978932,81.255011],[-61.983876,81.237128],[-61.987721,81.229682],[-61.992543,81.223151],[-61.998219,81.217536],[-62.011952,81.208564],[-62.028737,81.202582],[-62.048146,81.199164],[-62.195668,81.228766],[-62.674245,81.234961],[-63.152821,81.241156],[-63.198781,81.227118],[-63.425221,81.270758],[-63.435597,81.269965],[-63.443959,81.267218],[-63.473805,81.249945],[-63.484242,81.24726],[-63.497243,81.246772],[-63.507802,81.248358],[-63.516225,81.25141],[-63.545705,81.268134],[-63.556081,81.270453],[-63.569264,81.270758],[-63.857289,81.198798],[-64.313283,81.150763],[-64.433217,81.10279],[-64.889272,81.054755],[-65.105275,80.958747],[-65.393239,80.910773],[-65.63329,80.814765],[-65.801259,80.814765],[-66.089253,80.754767],[-66.377248,80.69477],[-66.469838,80.651557],[-66.482655,80.648017],[-66.497304,80.646796],[-66.515736,80.649665],[-66.713246,80.718817],[-66.833669,80.725226],[-67.025624,80.70307],[-67.039418,80.695502],[-67.051259,80.684333],[-67.073232,80.646796],[-67.074208,80.640021],[-67.070546,80.634467],[-67.062978,80.629828],[-66.955495,80.604315],[-66.926625,80.592414],[-66.915822,80.58454],[-66.908193,80.575202],[-66.904408,80.564032],[-66.905263,80.550788],[-66.911366,80.538764],[-66.922597,80.530463],[-66.938588,80.52558],[-66.981862,80.52381],[-67.268605,80.555243],[-67.289296,80.550788],[-67.291371,80.548896],[-67.293324,80.544867],[-67.319997,80.454535],[-67.333058,80.43244],[-67.350575,80.414008],[-67.361256,80.406806],[-67.390187,80.395331],[-67.617055,80.387336],[-67.778493,80.346381],[-67.840932,80.313361],[-67.863515,80.292426],[-67.879872,80.267768],[-67.889211,80.238776],[-67.888783,80.232001],[-67.885121,80.224921],[-67.870107,80.210211],[-67.752858,80.13288],[-67.747548,80.125739],[-67.745229,80.118781],[-67.745229,80.10932],[-67.747243,80.100836],[-67.750966,80.093268],[-67.756093,80.086493],[-67.769826,80.075141],[-67.786305,80.066352],[-67.841237,80.046759],[-67.844411,80.044013],[-67.846669,80.041083],[-67.848134,80.03797],[-67.848988,80.034735],[-67.849049,80.017768],[-67.849965,80.01142],[-67.851247,80.008429],[-67.853261,80.005622],[-67.856191,80.002997],[-67.860097,80.0008],[-67.865224,79.998786],[-67.892934,79.993232],[-68.203114,80.008002],[-68.513295,80.022773],[-68.546864,80.035346],[-68.604115,80.066474],[-68.618398,80.070258],[-68.633229,80.070807],[-68.648,80.068244],[-68.68102,80.056708],[-68.867116,79.951361],[-68.87328,79.950751],[-68.884145,79.953864],[-68.893544,79.959174],[-68.901601,79.966254],[-68.947316,80.04206],[-68.954091,80.04798],[-68.961842,80.051825],[-68.970754,80.053168],[-68.981191,80.051581],[-68.993276,80.046759],[-69.019093,80.017035],[-69.053456,79.962714],[-69.06432,79.930915],[-69.066396,79.914862],[-69.065663,79.898932],[-69.061513,79.883368],[-69.053578,79.868598],[-69.041249,79.854804],[-69.02953,79.846808],[-69.017018,79.84278],[-69.003774,79.842231],[-68.990224,79.844428],[-68.892323,79.8935],[-68.884694,79.894904],[-68.878835,79.893256],[-68.874928,79.888129],[-68.87328,79.878791],[-68.873708,79.86225],[-68.876454,79.84632],[-68.88152,79.830939],[-68.888844,79.816352],[-68.910146,79.789557],[-68.93987,79.767035],[-68.977773,79.749335],[-69.023549,79.737555],[-69.137257,79.734809],[-69.140614,79.735846],[-69.144643,79.738471],[-69.236623,79.820685],[-69.257253,79.830756],[-69.309255,79.846991],[-69.352284,79.853827],[-69.386281,79.851935],[-69.399953,79.847907],[-69.411427,79.841925],[-69.420766,79.834113],[-69.427846,79.82453],[-69.43279,79.8133],[-69.435597,79.800421],[-69.434682,79.77027],[-69.425282,79.734809],[-69.384023,79.646308],[-69.375356,79.63642],[-69.367177,79.630622],[-69.359181,79.628241],[-69.35143,79.628913],[-69.343739,79.632148],[-69.281239,79.686774],[-69.160451,79.732123],[-69.160146,79.732672],[-69.089711,79.662848],[-69.089284,79.662787],[-69.091115,79.666449],[-69.091359,79.668158],[-69.090382,79.667853],[-69.088368,79.665961],[-69.08257,79.65766],[-69.076161,79.644355],[-69.071339,79.627387],[-69.070485,79.607978],[-69.072133,79.597724],[-69.075673,79.587348],[-69.081288,79.576972],[-69.089284,79.566779],[-69.091908,79.564948],[-69.095693,79.563666],[-69.100514,79.562812],[-69.181569,79.567145],[-69.413014,79.519599],[-69.585378,79.524726],[-69.589955,79.522284],[-69.591603,79.517768],[-69.590321,79.510688],[-69.512196,79.342231],[-69.508717,79.311835],[-69.510487,79.298712],[-69.514577,79.287055],[-69.521108,79.276557],[-69.530202,79.267157],[-69.541921,79.258918],[-69.556264,79.251654],[-69.641225,79.23078],[-69.904591,79.218817],[-70.167958,79.206855]],[[-67.793813,83.514472],[-68.2188,83.548072],[-68.643788,83.581671],[-68.688283,83.576178],[-68.7058,83.570258],[-68.719655,83.561835],[-68.729237,83.550788],[-68.732472,83.544196],[-68.734181,83.538398],[-68.734486,83.53321],[-68.733571,83.528632],[-68.731496,83.524604],[-68.728505,83.521125],[-68.724782,83.518134],[-68.398162,83.397142],[-68.071543,83.27615],[-67.744923,83.155158],[-67.70641,83.153693],[-67.671681,83.160651],[-67.655568,83.167792],[-67.640126,83.177802],[-67.625234,83.190741],[-67.611134,83.207526],[-67.600392,83.225653],[-67.592885,83.245002],[-67.58672,83.286078],[-67.591115,83.328559],[-67.604298,83.370246],[-67.624867,83.409003],[-67.65099,83.442694],[-67.681142,83.46894],[-67.727528,83.492743],[-67.793813,83.514472]],[[-6.705617,80.265937],[-6.644032,80.259467],[-6.552235,80.272284],[-6.516591,80.287482],[-6.50414,80.297248],[-6.496205,80.308417],[-6.493703,80.320929],[-6.497365,80.334784],[-6.504628,80.346686],[-6.513112,80.355475],[-6.522572,80.361396],[-6.532765,80.364997],[-6.543446,80.3664],[-6.55425,80.366034],[-6.57549,80.361151],[-6.60912,80.344062],[-6.617482,80.337104],[-6.618581,80.335273],[-6.61736,80.334784],[-6.720204,80.333197],[-6.727651,80.331183],[-6.733815,80.328009],[-6.738332,80.323432],[-6.741078,80.317206],[-6.741994,80.309211],[-6.740834,80.29914],[-6.737355,80.286811],[-6.731374,80.278144],[-6.72057,80.271247],[-6.705617,80.265937]],[[-7.475636,80.035407],[-7.390675,80.033026],[-7.211659,80.054877],[-7.141103,80.077582],[-7.115834,80.09162],[-7.09911,80.107123],[-7.092458,80.124274],[-7.09734,80.142768],[-7.102651,80.149298],[-7.11028,80.154731],[-7.130727,80.162543],[-7.393666,80.160346],[-7.457326,80.142768],[-7.549489,80.12519],[-7.568593,80.118109],[-7.575917,80.113288],[-7.581288,80.10755],[-7.584401,80.100531],[-7.585011,80.09217],[-7.582753,80.082282],[-7.577382,80.070807],[-7.564137,80.057929],[-7.54186,80.047736],[-7.475636,80.035407]],[[-12.761342,79.661994],[-12.761342,79.6388],[-13.217336,79.614814],[-13.259389,79.596869],[-13.286672,79.575202],[-13.340138,79.511908],[-13.363942,79.493293],[-13.409352,79.470771],[-13.428151,79.465644],[-13.557729,79.473944],[-13.577321,79.470771],[-13.601796,79.459052],[-13.769338,79.302741],[-13.761281,79.292304],[-13.744435,79.281501],[-13.653188,79.250556],[-13.314626,79.212348],[-13.258656,79.22193],[-13.241322,79.23078],[-13.235341,79.23841],[-13.231435,79.249823],[-13.22881,79.281501],[-13.24706,79.478522],[-13.245046,79.488593],[-13.241322,79.494818],[-13.225819,79.503852],[-13.20464,79.510138],[-13.148061,79.515692],[-12.713307,79.494818],[-12.676442,79.500922],[-12.676015,79.501288],[-12.67632,79.501899],[-12.676564,79.502753],[-12.676076,79.504035],[-12.674123,79.506049],[-12.670094,79.508979],[-12.575307,79.549323],[-12.481557,79.574164],[-12.476186,79.576972],[-12.472279,79.58039],[-12.469716,79.584723],[-12.468556,79.590155],[-12.468739,79.596747],[-12.473378,79.614814],[-12.478139,79.620978],[-12.487721,79.626532],[-12.518605,79.636298],[-12.761342,79.661994],[-12.761342,79.662055],[-12.761342,79.662665],[-12.761342,79.662787],[-12.765248,79.662543],[-12.765309,79.662421],[-12.765187,79.66236],[-12.761342,79.661994]],[[-9.06078,79.51496],[-9.133717,79.494025],[-9.189687,79.464911],[-9.207387,79.447699],[-9.212941,79.438605],[-9.216176,79.429084],[-9.216725,79.419318],[-9.214589,79.409247],[-9.20934,79.398749],[-9.187611,79.381232],[-9.149831,79.368659],[-9.035085,79.356147],[-8.606221,79.389472],[-8.177358,79.422797],[-7.800771,79.435858],[-7.424184,79.44892],[-7.411855,79.453742],[-7.401601,79.460517],[-7.393666,79.469428],[-7.388173,79.48078],[-7.385365,79.494818],[-7.386403,79.498969],[-7.390065,79.50318],[-7.396108,79.507331],[-7.436513,79.523139],[-7.524403,79.542304],[-7.58611,79.541083],[-7.667714,79.515753],[-7.691884,79.51319],[-7.754994,79.521064],[-7.773549,79.528083],[-7.860463,79.588202],[-7.882741,79.597846],[-7.948598,79.614814],[-8.166005,79.60517],[-8.231923,79.576972],[-8.304921,79.56153],[-8.682851,79.538245],[-9.06078,79.51496]],[[-10.129262,78.831061],[-10.12621,78.826545],[-10.121327,78.822821],[-10.102651,78.814582],[-10.080251,78.808783],[-10.027333,78.803778],[-9.968251,78.806464],[-9.855275,78.830451],[-9.812978,78.849311],[-9.797841,78.859931],[-9.787648,78.871161],[-9.783315,78.882819],[-9.785329,78.894782],[-9.79131,78.902533],[-9.800893,78.908942],[-9.829335,78.918219],[-9.866811,78.923468],[-10.073659,78.913825],[-10.078725,78.911444],[-10.09734,78.894782],[-10.097768,78.894416],[-10.124135,78.859931],[-10.129384,78.847663],[-10.130605,78.841742],[-10.130666,78.836188],[-10.129262,78.831061]],[[-11.369313,78.654731],[-11.399709,78.630439],[-11.40569,78.622748],[-11.406667,78.617194],[-11.403615,78.613105],[-11.35674,78.593207],[-11.347096,78.584906],[-11.339467,78.573676],[-11.334584,78.558905],[-11.333363,78.539862],[-11.336659,78.516059],[-11.345326,78.486762],[-11.347096,78.48432],[-11.350514,78.481574],[-11.441335,78.438788],[-11.465321,78.414679],[-11.479726,78.394538],[-11.48351,78.38581],[-11.485036,78.377936],[-11.484425,78.370917],[-11.48174,78.364814],[-11.477101,78.359442],[-11.470448,78.354926],[-11.461903,78.351142],[-11.439443,78.345771],[-11.118428,78.355384],[-10.797414,78.364997],[-10.793324,78.366767],[-10.792287,78.368415],[-10.791493,78.371039],[-10.793324,78.438788],[-10.790028,78.454535],[-10.78423,78.46717],[-10.776173,78.476874],[-10.766042,78.484076],[-10.753835,78.489081],[-10.739797,78.492133],[-10.338735,78.522244],[-9.937672,78.552354],[-9.53661,78.582465],[-9.526601,78.586005],[-9.517934,78.591071],[-9.51061,78.597907],[-9.504628,78.606696],[-9.500234,78.617499],[-9.497365,78.630805],[-9.496755,78.641303],[-9.497975,78.64997],[-9.500966,78.65705],[-9.50536,78.662604],[-9.51122,78.666877],[-9.518239,78.669989],[-9.526296,78.672187],[-9.709462,78.690192],[-10.087514,78.624823],[-10.38622,78.63642],[-10.474477,78.676825],[-10.572438,78.695075],[-10.964742,78.678015],[-11.357045,78.660956],[-11.369313,78.654731]],[[-5.513478,78.415107],[-5.513295,78.414801],[-5.50005,78.409369],[-5.420033,78.390692],[-5.32665,78.385077],[-5.287221,78.390509],[-5.271474,78.395819],[-5.259267,78.403144],[-5.251027,78.412665],[-5.247487,78.424445],[-5.249318,78.438788],[-5.255116,78.448737],[-5.26537,78.456732],[-5.27953,78.462714],[-5.296986,78.466986],[-5.338673,78.470954],[-5.431386,78.464911],[-5.500661,78.448065],[-5.509389,78.443366],[-5.513295,78.438788],[-5.513478,78.415107]],[[-8.869985,78.355353],[-9.125478,78.38523],[-9.380971,78.415107],[-9.384267,78.414801],[-9.387135,78.413886],[-9.389638,78.412543],[-9.391896,78.410773],[-9.395314,78.406501],[-9.399464,78.397101],[-9.401112,78.39112],[-9.401357,78.390815],[-9.405141,78.390326],[-9.412892,78.38819],[-9.448476,78.367072],[-9.44933,78.366767],[-9.647633,78.371405],[-9.683278,78.362677],[-9.696828,78.355353],[-9.706776,78.345832],[-9.712453,78.333686],[-9.713368,78.318793],[-9.708608,78.307196],[-9.697255,78.297553],[-9.680104,78.289618],[-9.630605,78.278693],[-9.287495,78.268347],[-8.944386,78.258002],[-8.888417,78.267218],[-8.867055,78.27558],[-8.851369,78.286933],[-8.842519,78.301703],[-8.841542,78.320258],[-8.849355,78.34278],[-8.853627,78.347968],[-8.860585,78.352118],[-8.869985,78.355353]],[[-12.507069,78.225165],[-12.502431,78.22663],[-12.501332,78.227423],[-12.50237,78.227545],[-12.521352,78.222785],[-12.507069,78.225165],[-12.542714,78.213813],[-12.641347,78.198798],[-12.656178,78.200507],[-12.761342,78.246772],[-12.833669,78.250373],[-12.977345,78.222785],[-12.975209,78.223151],[-12.975881,78.219733],[-13.033559,78.094855],[-13.038808,78.063849],[-13.037587,78.050605],[-13.033315,78.039435],[-13.025319,78.030829],[-13.018788,78.026801],[-13.013051,78.024726],[-13.007924,78.024298],[-13.003407,78.025397],[-12.99944,78.027777],[-12.995961,78.031195],[-12.990346,78.040534],[-12.977345,78.078803],[-12.957509,78.106879],[-12.946217,78.116889],[-12.929311,78.126776],[-12.919484,78.130194],[-12.885426,78.135932],[-12.779652,78.138373],[-12.662221,78.12049],[-12.613576,78.100959],[-12.594228,78.087958],[-12.579335,78.072577],[-12.569325,78.054755],[-12.568349,78.050605],[-12.56841,78.046332],[-12.570729,78.037055],[-12.591542,77.989386],[-12.594106,77.974677],[-12.593312,77.958808],[-12.592641,77.959723],[-12.59026,77.959906],[-12.568959,77.954901],[-12.522145,77.936591],[-12.520802,77.93537],[-12.521352,77.93476],[-12.504628,77.939399],[-12.492421,77.946112],[-12.484303,77.954474],[-12.479726,77.964423],[-12.478139,77.975531],[-12.479115,77.987616],[-12.519948,78.08692],[-12.52184,78.09571],[-12.521352,78.10279],[-12.51946,78.107306],[-12.516652,78.111457],[-12.513051,78.115119],[-12.504018,78.121711],[-12.460317,78.142035],[-12.45226,78.14765],[-12.4381,78.166327],[-12.424672,78.191596],[-12.421864,78.201545],[-12.421498,78.209906],[-12.423207,78.21662],[-12.426869,78.222052],[-12.431996,78.226203],[-12.438588,78.229132],[-12.446278,78.231024],[-12.464101,78.232245],[-12.507069,78.225165]],[[-11.295216,78.027045],[-11.230336,78.023017],[-11.092702,78.034735],[-11.039052,78.050605],[-11.020131,78.061103],[-11.008046,78.07331],[-11.004079,78.087226],[-11.009328,78.10279],[-11.019643,78.11463],[-11.033315,78.123481],[-11.049855,78.129584],[-11.089223,78.135016],[-11.177846,78.126776],[-11.283254,78.100348],[-11.36089,78.100165],[-11.367299,78.0987],[-11.372365,78.095954],[-11.375783,78.091742],[-11.37737,78.085761],[-11.376943,78.077765],[-11.369313,78.054755],[-11.360707,78.045417],[-11.344716,78.037604],[-11.295216,78.027045]],[[-16.049001,77.337104],[-15.997304,77.335028],[-15.937978,77.341193],[-15.823903,77.372138],[-15.78307,77.394049],[-15.769704,77.405951],[-15.762135,77.41828],[-15.761342,77.430793],[-15.767568,77.447211],[-15.77776,77.460639],[-15.791493,77.471381],[-15.808156,77.479438],[-15.82726,77.485236],[-15.870778,77.490546],[-15.963979,77.482489],[-16.037831,77.4607],[-16.069203,77.442572],[-16.094106,77.423102],[-16.103139,77.411628],[-16.106313,77.40528],[-16.108388,77.398627],[-16.109242,77.391547],[-16.108754,77.38404],[-16.106679,77.376166],[-16.102895,77.367743],[-16.097279,77.358771],[-16.086293,77.348822],[-16.069875,77.34162],[-16.049001,77.337104]],[[-16.042714,76.221503],[-16.049306,76.206732],[-16.049428,76.183051],[-16.049306,76.182746],[-15.766591,76.132758],[-15.761342,76.134772],[-15.756581,76.144416],[-15.759389,76.155219],[-15.768788,76.166815],[-15.783925,76.178839],[-15.827077,76.20246],[-15.9381,76.236579],[-15.990346,76.240668],[-16.012257,76.238044],[-16.030019,76.231757],[-16.042714,76.221503]],[[-7.016652,77.354315],[-6.907338,77.341498],[-6.635426,77.353766],[-6.531422,77.38172],[-6.500111,77.40174],[-6.487538,77.426032],[-6.497365,77.454779],[-6.52953,77.491217],[-6.538319,77.496527],[-6.546864,77.499091],[-6.555531,77.499213],[-6.632741,77.47193],[-6.737355,77.454779],[-6.941518,77.438788],[-7.035512,77.411139],[-7.064931,77.3935],[-7.069081,77.377997],[-7.051808,77.364936],[-7.016652,77.354315]],[[-7.004506,76.960089],[-6.964589,76.953864],[-6.771352,76.963141],[-6.690907,76.987189],[-6.663686,77.003791],[-6.648732,77.023261],[-6.648366,77.0456],[-6.665334,77.070746],[-6.675771,77.077765],[-6.690846,77.083014],[-7.009755,77.069464],[-7.014821,77.067328],[-7.016469,77.066046],[-7.017506,77.064643],[-7.018178,77.063117],[-7.019704,77.054206],[-7.020436,77.052314],[-7.021474,77.050482],[-7.023122,77.04859],[-7.025319,77.046759],[-7.053639,77.021796],[-7.063161,77.000739],[-7.056386,76.983466],[-7.036,76.969916],[-7.004506,76.960089]],[[-7.794545,76.750067],[-7.665517,76.74079],[-7.362416,76.76557],[-7.345448,76.773566],[-7.337331,76.782782],[-7.332692,76.804877],[-7.333974,76.822333],[-7.34026,76.835761],[-7.350942,76.845404],[-7.365102,76.851813],[-7.382069,76.855353],[-7.40099,76.856513],[-7.480397,76.845832],[-7.528188,76.83161],[-7.529347,76.830756],[-7.771108,76.803107],[-7.803822,76.788642],[-7.813771,76.779853],[-7.818532,76.769965],[-7.817311,76.758795],[-7.810536,76.754096],[-7.794545,76.750067]],[[-8.819814,76.492133],[-8.752309,76.486457],[-8.617665,76.500556],[-8.567494,76.520453],[-8.550404,76.533637],[-8.539967,76.549018],[-8.537343,76.566596],[-8.538381,76.57154],[-8.540517,76.5763],[-8.543813,76.580878],[-8.548085,76.585273],[-8.55956,76.593451],[-8.574452,76.600775],[-8.659535,76.621466],[-8.778249,76.625312],[-8.863149,76.610968],[-8.894887,76.597357],[-8.90685,76.588874],[-8.915822,76.57923],[-8.921498,76.568305],[-8.923451,76.556159],[-8.921315,76.542731],[-8.912953,76.528449],[-8.897572,76.516242],[-8.876149,76.50611],[-8.819814,76.492133]],[[-9.623647,76.286444],[-9.15508,76.241278],[-9.07842,76.25373],[-9.052113,76.265265],[-9.036183,76.281012],[-9.031972,76.301337],[-9.04131,76.326728],[-9.048268,76.335395],[-9.057301,76.341742],[-9.068288,76.346137],[-9.095326,76.349677],[-9.31664,76.327704],[-9.558827,76.359015],[-9.602528,76.353705],[-9.619679,76.347602],[-9.632802,76.33869],[-9.641347,76.326728],[-9.643788,76.320197],[-9.645009,76.314276],[-9.645131,76.309027],[-9.644215,76.304389],[-9.642445,76.300238],[-9.639821,76.296698],[-9.636586,76.293524],[-9.63268,76.290778],[-9.623647,76.286444]],[[-12.089223,76.271674],[-12.114369,76.271796],[-12.161427,76.263007],[-12.185353,76.254767],[-12.206044,76.239203],[-12.217641,76.223944],[-12.221242,76.209357],[-12.218007,76.195807],[-12.208974,76.183539],[-12.19518,76.172919],[-12.177785,76.164313],[-12.157948,76.157965],[-12.115224,76.153632],[-12.094472,76.156317],[-12.075612,76.162543],[-12.059804,76.172797],[-12.048085,76.187384],[-12.041554,76.20661],[-12.041371,76.23078],[-12.044362,76.24317],[-12.049916,76.253058],[-12.057485,76.260627],[-12.066823,76.266059],[-12.077504,76.269721],[-12.089223,76.271674]],[[-9.489674,76.157355],[-9.504872,76.152899],[-9.576833,76.115241],[-9.593373,76.110785],[-9.905324,76.110785],[-10.073354,76.086737],[-10.355031,76.136847],[-10.417531,76.130194],[-10.442677,76.121039],[-10.462392,76.107123],[-10.475697,76.087836],[-10.481313,76.062812],[-10.478505,76.053656],[-10.469533,76.044135],[-10.435964,76.024298],[-10.326283,75.985663],[-10.09734,75.942755],[-10.036,75.945746],[-9.702931,76.023566],[-9.369862,76.101386],[-9.360829,76.106879],[-9.354054,76.113593],[-9.349721,76.121894],[-9.348073,76.132025],[-9.349233,76.144232],[-9.357961,76.169379],[-9.363026,76.177314],[-9.368459,76.182746],[-9.374257,76.185858],[-9.380483,76.187201],[-9.387135,76.186896],[-9.453359,76.161017],[-9.489674,76.157355]],[[-12.26537,76.131842],[-12.257069,76.148749],[-12.255605,76.161933],[-12.260121,76.171698],[-12.269887,76.178473],[-12.283986,76.182563],[-12.321523,76.184272],[-12.586415,76.130011],[-12.68932,76.038764],[-12.711842,76.025946],[-12.80248,75.990424],[-12.809316,75.984931],[-12.814198,75.978766],[-12.817006,75.971625],[-12.81725,75.963324],[-12.814809,75.953742],[-12.809316,75.942755],[-12.804311,75.937812],[-12.795888,75.933295],[-12.770436,75.925421],[-12.621083,75.912787],[-12.569325,75.918769],[-12.564443,75.921271],[-12.560536,75.92475],[-12.557607,75.929145],[-12.55547,75.934272],[-12.554067,75.94007],[-12.551076,75.996588],[-12.547963,76.009223],[-12.545339,76.014716],[-12.534779,76.02912],[-12.521962,76.040473],[-12.507436,76.049262],[-12.491322,76.055793],[-12.341298,76.077948],[-12.308156,76.08985],[-12.293813,76.099005],[-12.2813,76.110785],[-12.26537,76.131842]],[[-13.241322,75.534735],[-13.242177,75.527655],[-13.240102,75.518683],[-13.228261,75.496039],[-13.179189,75.441352],[-13.107289,75.391303],[-13.066701,75.374579],[-13.025319,75.366706],[-12.982045,75.367133],[-12.902211,75.383857],[-12.868459,75.39881],[-12.84081,75.417304],[-12.82079,75.438605],[-12.814076,75.450019],[-12.809804,75.461982],[-12.808217,75.474189],[-12.809316,75.486823],[-13.025319,75.558783],[-13.071278,75.58515],[-13.07726,75.586554],[-13.079762,75.586554],[-13.188344,75.565497],[-13.222951,75.552558],[-13.234609,75.544379],[-13.238637,75.539801],[-13.241322,75.534735]],[[-12.58849,75.368781],[-12.584767,75.362067],[-12.583608,75.358527],[-12.582997,75.354804],[-12.582875,75.347113],[-12.585927,75.330451],[-12.592763,75.313544],[-12.602589,75.298163],[-12.614735,75.286139],[-12.62151,75.281867],[-12.628529,75.279059],[-12.635732,75.277899],[-12.643117,75.278632],[-12.650441,75.28144],[-12.657826,75.286628],[-12.664967,75.294318],[-12.662221,75.290107],[-12.658681,75.28089],[-12.65453,75.241034],[-12.651357,75.232489],[-12.648793,75.228827],[-12.645497,75.225531],[-12.641347,75.222724],[-12.612172,75.212226],[-12.577504,75.207404],[-12.500417,75.211371],[-12.427724,75.227057],[-12.377309,75.246772],[-12.371327,75.251166],[-12.368398,75.255683],[-12.368092,75.260138],[-12.369985,75.264838],[-12.373769,75.269599],[-12.419118,75.310492],[-12.423573,75.317816],[-12.42632,75.325629],[-12.427052,75.33393],[-12.425343,75.34278],[-12.423879,75.345465],[-12.421437,75.347968],[-12.414357,75.351996],[-12.353322,75.366706],[-12.318288,75.385443],[-12.308949,75.393866],[-12.304189,75.401679],[-12.303639,75.408881],[-12.306813,75.415595],[-12.3131,75.421881],[-12.332997,75.433112],[-12.54778,75.502326],[-12.567738,75.503241],[-12.587087,75.500067],[-12.606923,75.492499],[-12.646779,75.465644],[-12.65746,75.453437],[-12.660451,75.447821],[-12.662038,75.44245],[-12.662343,75.437445],[-12.661488,75.432624],[-12.659596,75.428046],[-12.653188,75.419379],[-12.633046,75.403388],[-12.600514,75.38111],[-12.58849,75.368781]],[[-15.013356,74.595526],[-15.000722,74.592841],[-14.904103,74.599982],[-14.893422,74.597113],[-14.884694,74.591376],[-14.878163,74.582099],[-14.874257,74.568854],[-14.873341,74.550727],[-14.874257,74.543097],[-14.876515,74.537177],[-14.879933,74.532904],[-14.884328,74.529853],[-14.889638,74.528083],[-14.902333,74.527045],[-14.948354,74.530829],[-14.962819,74.52912],[-14.96935,74.526801],[-14.970509,74.525824],[-14.971852,74.524115],[-14.993337,74.478766],[-14.995595,74.476935],[-14.998158,74.475287],[-15.032765,74.463019],[-15.037953,74.459418],[-15.039906,74.457282],[-15.04131,74.454779],[-15.045339,74.442328],[-15.046254,74.431281],[-15.044667,74.421515],[-15.041005,74.412787],[-15.008168,74.374091],[-15.00591,74.368476],[-15.006093,74.362677],[-15.009145,74.356635],[-15.015614,74.350043],[-15.04131,74.334784],[-15.079945,74.32276],[-15.127065,74.317328],[-15.377309,74.334784],[-15.398183,74.329535],[-15.491567,74.28797],[-15.81194,74.278693],[-15.856923,74.269599],[-15.874501,74.261237],[-15.888356,74.24964],[-15.898305,74.23432],[-15.904042,74.214911],[-15.905324,74.190741],[-15.902943,74.180915],[-15.896901,74.171332],[-15.887624,74.162177],[-15.8756,74.153388],[-15.809621,74.123236],[-15.68932,74.094733],[-15.624501,74.09809],[-15.567006,74.111945],[-15.516042,74.133124],[-15.360463,74.228217],[-15.329335,74.238776],[-15.316151,74.239386],[-15.20934,74.214728],[-15.065053,74.216132],[-14.96935,74.238776],[-14.968617,74.239814],[-14.968068,74.242133],[-14.96935,74.310736],[-14.959828,74.333564],[-14.944142,74.35102],[-14.922963,74.363776],[-14.897084,74.372626],[-14.572682,74.385932],[-14.552235,74.394416],[-14.537343,74.406806],[-14.529225,74.419806],[-14.527089,74.431159],[-14.530202,74.440985],[-14.53777,74.44953],[-14.549123,74.456977],[-14.683949,74.502509],[-14.695058,74.509528],[-14.702504,74.517524],[-14.705312,74.526801],[-14.70403,74.535346],[-14.699818,74.542548],[-14.693105,74.548651],[-14.611195,74.582221],[-14.604848,74.587836],[-14.601003,74.594428],[-14.600148,74.602362],[-14.602773,74.611762],[-14.609364,74.622748],[-14.615529,74.630255],[-14.628407,74.640937],[-14.642262,74.647162],[-14.715443,74.658271],[-14.755727,74.672065],[-14.758168,74.674018],[-14.794179,74.714179],[-14.80132,74.718756],[-14.825185,74.728522],[-14.847646,74.733893],[-14.887624,74.734687],[-14.993947,74.700385],[-15.028554,74.68122],[-15.03954,74.669867],[-15.043202,74.663581],[-15.045644,74.656745],[-15.046742,74.649237],[-15.046376,74.641181],[-15.04131,74.622748],[-15.034047,74.609809],[-15.024587,74.600959],[-15.013356,74.595526]],[[-16.355336,74.127387],[-16.398427,74.127997],[-16.417043,74.124518],[-16.4334,74.118109],[-16.446889,74.108283],[-16.457326,74.094733],[-16.464589,74.078559],[-16.466786,74.065192],[-16.464589,74.054328],[-16.458485,74.045722],[-16.449086,74.03913],[-16.43694,74.034186],[-16.422658,74.030768],[-16.29778,74.024848],[-16.289357,74.022773],[-16.269154,74.011786],[-16.261281,74.005011],[-16.249501,73.989386],[-16.242177,73.972052],[-16.238515,73.954169],[-16.243092,73.876227],[-16.236134,73.856269],[-16.221608,73.842108],[-16.200673,73.833197],[-16.174672,73.828803],[-16.111562,73.831366],[-15.974904,73.863654],[-15.88683,73.898444],[-15.881337,73.902777],[-15.878346,73.911811],[-15.87682,73.921881],[-15.877675,73.944281],[-15.883107,73.968695],[-15.904958,74.017768],[-15.936086,74.057746],[-15.953297,74.070746],[-15.956838,74.072089],[-15.961476,74.072821],[-16.089467,74.067145],[-16.355336,74.127387]],[[-17.141469,73.967597],[-17.292226,73.988105],[-17.357716,73.983222],[-17.383901,73.975959],[-17.404164,73.965277],[-17.417287,73.950751],[-17.424184,73.929633],[-17.419911,73.911933],[-17.405873,73.897406],[-17.383778,73.88581],[-17.354848,73.876899],[-17.282643,73.865912],[-17.016042,73.875861],[-17.009328,73.87873],[-17.006337,73.89289],[-17.012502,73.90705],[-17.026845,73.920844],[-17.075063,73.946418],[-17.141469,73.967597]],[[-16.571645,74.508185],[-16.612965,74.516425],[-16.707326,74.513129],[-16.787648,74.494635],[-16.811391,74.483832],[-16.817311,74.478766],[-16.818532,74.475898],[-16.818959,74.47193],[-16.817372,74.461066],[-16.812611,74.447577],[-16.794057,74.417304],[-16.780507,74.403022],[-16.76415,74.391181],[-16.74529,74.382758],[-16.705006,74.376044],[-16.664052,74.378791],[-16.624623,74.388861],[-16.588918,74.404303],[-16.559377,74.423102],[-16.538014,74.443061],[-16.531178,74.452887],[-16.527272,74.462287],[-16.526479,74.471015],[-16.529347,74.478766],[-16.540089,74.491156],[-16.554372,74.500861],[-16.571645,74.508185]],[[-16.81255,73.548407],[-16.988637,73.513922],[-17.037038,73.519904],[-17.043019,73.518988],[-17.048207,73.516547],[-17.052358,73.512274],[-17.05547,73.505988],[-17.057423,73.497138],[-17.057362,73.470771],[-17.049672,73.447882],[-17.032338,73.430243],[-17.006825,73.417548],[-16.974538,73.409369],[-16.85204,73.407904],[-16.684499,73.445136],[-16.625539,73.473334],[-16.60735,73.488471],[-16.598805,73.50373],[-16.601308,73.518744],[-16.611623,73.530463],[-16.626943,73.539618],[-16.646413,73.546332],[-16.695302,73.55329],[-16.81255,73.548407]],[[-19.274159,73.397956],[-19.358571,73.409491],[-19.367177,73.408149],[-19.374623,73.404975],[-19.380605,73.399726],[-19.384877,73.391974],[-19.387257,73.381476],[-19.387502,73.367865],[-19.385304,73.350775],[-19.379994,73.339118],[-19.369069,73.329169],[-19.353383,73.320868],[-19.33373,73.314215],[-19.285512,73.305243],[-19.175893,73.302436],[-19.09081,73.315741],[-19.079335,73.320929],[-19.073354,73.326789],[-19.066762,73.343878],[-19.06487,73.358527],[-19.06725,73.370917],[-19.073354,73.381171],[-19.082753,73.389472],[-19.095021,73.395941],[-19.109547,73.400824],[-19.143666,73.406378],[-19.274159,73.397956]],[[-18.785329,72.822821],[-18.801137,72.803168],[-18.807546,72.786566],[-18.805714,72.77265],[-18.796803,72.76142],[-18.782216,72.752936],[-18.76299,72.747077],[-18.715993,72.743048],[-18.665639,72.748969],[-18.621877,72.764533],[-18.605458,72.775763],[-18.594472,72.789252],[-18.590016,72.804938],[-18.593312,72.822821],[-18.599477,72.833808],[-18.6079,72.842597],[-18.618153,72.849433],[-18.630055,72.854438],[-18.65746,72.859381],[-18.687611,72.858649],[-18.717885,72.853461],[-18.769276,72.834296],[-18.785329,72.822821]],[[-17.915944,72.750739],[-17.963612,72.731208],[-17.969289,72.726752],[-17.981313,72.710456],[-17.983876,72.695746],[-17.978383,72.682746],[-17.965993,72.671576],[-17.94811,72.662421],[-17.90099,72.650397],[-17.847035,72.647773],[-17.79662,72.655524],[-17.775929,72.663581],[-17.759938,72.674628],[-17.749989,72.688727],[-17.747426,72.706122],[-17.753285,72.726752],[-17.760976,72.738471],[-17.771169,72.747687],[-17.78362,72.754584],[-17.813588,72.762213],[-17.847646,72.763007],[-17.915944,72.750739]],[[-18.648061,72.464301],[-18.641347,72.438788],[-18.633656,72.4289],[-18.619252,72.421332],[-18.57433,72.41297],[-18.515187,72.41297],[-18.388356,72.434821],[-18.337819,72.455146],[-18.319508,72.467292],[-18.30724,72.480658],[-18.302235,72.495185],[-18.305348,72.510749],[-18.313222,72.522345],[-18.323903,72.530829],[-18.337026,72.536566],[-18.351979,72.539923],[-18.368276,72.541205],[-18.403127,72.538764],[-18.467519,72.523261],[-18.498525,72.510871],[-18.497304,72.510749],[-18.631459,72.494269],[-18.638417,72.491156],[-18.643605,72.486823],[-18.646962,72.481086],[-18.648488,72.473639],[-18.648061,72.464301]],[[-21.163014,72.207099],[-21.152333,72.204718],[-20.763539,72.22248],[-20.734853,72.230719],[-20.723683,72.237433],[-20.714955,72.246161],[-20.708791,72.257209],[-20.705312,72.270758],[-20.704213,72.291571],[-20.7058,72.297309],[-20.708913,72.300299],[-20.713551,72.301215],[-20.790822,72.284125],[-20.82842,72.28498],[-20.873341,72.294745],[-20.905019,72.308295],[-20.927846,72.32453],[-20.980214,72.384833],[-20.987416,72.388678],[-20.995778,72.391059],[-21.005727,72.391852],[-21.017323,72.390753],[-21.026845,72.388312],[-21.051991,72.377448],[-21.114613,72.337653],[-21.169911,72.285224],[-21.185902,72.258612],[-21.189443,72.245795],[-21.189381,72.233832],[-21.185353,72.222785],[-21.179677,72.215827],[-21.172109,72.2107],[-21.163014,72.207099]],[[-19.267812,72.303168],[-19.313344,72.294745],[-19.370534,72.275153],[-19.416493,72.2508],[-19.433888,72.235846],[-19.446889,72.218451],[-19.454823,72.19831],[-19.457326,72.17475],[-19.455373,72.161261],[-19.450307,72.149298],[-19.442738,72.138739],[-19.422231,72.121039],[-19.356435,72.079047],[-19.350514,72.071295],[-19.347524,72.062934],[-19.347951,72.053473],[-19.352406,72.042853],[-19.361318,72.030829],[-19.374379,72.019232],[-19.38915,72.011603],[-19.405446,72.007514],[-19.422963,72.006537],[-19.460927,72.01203],[-19.649281,72.078742],[-20.057301,72.054755],[-20.080861,72.061225],[-20.100819,72.072638],[-20.173146,72.134101],[-20.196645,72.145026],[-20.225331,72.150763],[-20.24175,72.151313],[-20.268971,72.147956],[-20.386098,72.094062],[-20.40099,72.08161],[-20.405995,72.071479],[-20.402333,72.0633],[-20.391286,72.056952],[-20.15331,72.030829],[-20.151906,72.029975],[-20.11089,71.986884],[-20.033559,71.943976],[-20.024159,71.935309],[-20.016103,71.924506],[-19.987599,71.870246],[-19.976003,71.858466],[-19.963857,71.851386],[-19.950917,71.848578],[-19.937123,71.849494],[-19.922231,71.853583],[-19.75121,71.928656],[-19.70226,71.937201],[-19.329823,71.935858],[-19.314748,71.940131],[-19.224355,71.98133],[-18.744191,72.003669],[-18.59435,71.929755],[-18.557118,71.919257],[-18.539052,71.918524],[-18.521596,71.921515],[-18.504689,71.928778],[-18.488637,71.941046],[-18.473317,71.958747],[-18.470387,71.964179],[-18.468312,71.971015],[-18.466542,71.988288],[-18.467885,72.009284],[-18.47997,72.057685],[-18.504506,72.105902],[-18.521352,72.126776],[-18.537587,72.140448],[-18.556569,72.150824],[-18.601796,72.163275],[-18.977284,72.17475],[-19.001149,72.18299],[-19.020985,72.194342],[-19.037526,72.20777],[-19.085927,72.262152],[-19.09734,72.270758],[-19.153676,72.293647],[-19.212514,72.303656],[-19.267812,72.303168]],[[-21.245351,72.119452],[-21.302663,72.130622],[-21.426625,72.129828],[-21.4735,72.119208],[-21.488881,72.111701],[-21.497304,72.10279],[-21.497426,72.102301],[-21.497426,72.079047],[-21.497304,72.078742],[-21.253835,72.023017],[-21.225819,72.02381],[-21.215932,72.026435],[-21.209279,72.030829],[-21.193959,72.051825],[-21.188832,72.070258],[-21.192616,72.086127],[-21.204091,72.099555],[-21.222035,72.110663],[-21.245351,72.119452]],[[-20.602528,71.012519],[-20.30248,70.983649],[-20.274526,70.990912],[-20.249135,71.003669],[-20.225331,71.022773],[-20.221791,71.028144],[-20.220326,71.034919],[-20.220815,71.042914],[-20.226308,71.061774],[-20.268788,71.145819],[-20.273427,71.161139],[-20.273305,71.166754],[-20.269887,71.17475],[-20.263661,71.18183],[-20.176564,71.22663],[-20.168813,71.233649],[-20.163564,71.241645],[-20.161244,71.250739],[-20.162404,71.261115],[-20.167592,71.273078],[-20.177358,71.28675],[-20.187001,71.296149],[-20.197987,71.303046],[-20.210072,71.307624],[-20.237538,71.311347],[-20.420644,71.305854],[-20.458608,71.316596],[-20.490041,71.331488],[-20.517262,71.349372],[-20.558461,71.387946],[-20.581166,71.419379],[-20.585194,71.428534],[-20.585317,71.430793],[-20.584279,71.431586],[-20.582021,71.432135],[-20.513295,71.430793],[-20.482594,71.445807],[-20.476857,71.451117],[-20.476491,71.455207],[-20.480519,71.458258],[-20.488271,71.460273],[-20.498891,71.461432],[-20.586415,71.455512],[-20.585317,71.454779],[-20.595082,71.456427],[-20.627675,71.468207],[-20.681264,71.497443],[-20.696767,71.501654],[-20.740468,71.503241],[-20.796376,71.489386],[-20.933888,71.432868],[-20.949452,71.417731],[-20.960927,71.398322],[-20.967763,71.373542],[-20.969106,71.34455],[-20.966786,71.332465],[-20.962575,71.322089],[-20.956471,71.313178],[-20.948842,71.305365],[-20.847463,71.239753],[-20.816701,71.209723],[-20.795644,71.182318],[-20.746083,71.064337],[-20.735463,71.051459],[-20.72936,71.046759],[-20.713979,71.039618],[-20.602528,71.012519]],[[-8.460561,71.096625],[-8.761067,71.014441],[-9.061574,70.932257],[-9.107289,70.907111],[-9.129872,70.901984],[-9.135793,70.898322],[-9.140736,70.893378],[-9.14446,70.887336],[-9.146779,70.880683],[-9.147328,70.873725],[-9.14623,70.866828],[-9.139577,70.853095],[-9.138905,70.846869],[-9.135365,70.834784],[-9.112416,70.789618],[-9.109975,70.777777],[-9.110036,70.771674],[-9.111073,70.765326],[-9.113332,70.758734],[-9.117421,70.752143],[-9.123647,70.745978],[-9.223744,70.690741],[-9.229726,70.684394],[-9.233571,70.677741],[-9.234914,70.670539],[-9.233388,70.662787],[-9.224904,70.64588],[-9.213857,70.631842],[-9.200429,70.62049],[-9.184804,70.611518],[-9.147389,70.599066],[-8.848134,70.559394],[-8.728444,70.499701],[-8.705373,70.494757],[-8.619801,70.490729],[-8.590932,70.495856],[-8.567311,70.504828],[-8.438283,70.578864],[-8.329579,70.608588],[-8.325063,70.611335],[-8.321339,70.614753],[-8.317067,70.621222],[-8.313832,70.629523],[-8.30602,70.776374],[-8.301137,70.798224],[-8.297353,70.806769],[-8.295705,70.808844],[-8.293019,70.810797],[-8.208913,70.849128],[-8.183278,70.871161],[-8.149892,70.910163],[-8.133901,70.924079],[-8.097401,70.942328],[-7.943471,70.988898],[-7.93456,70.994513],[-7.927419,71.002265],[-7.921986,71.012702],[-7.915334,71.04444],[-7.913319,71.094794],[-7.915517,71.119696],[-7.911488,71.12696],[-7.910207,71.130866],[-7.909413,71.16236],[-7.91161,71.169074],[-7.915334,71.175116],[-7.944508,71.198432],[-7.955434,71.203803],[-7.98351,71.209906],[-8.151357,71.204413],[-8.16039,71.201789],[-8.187795,71.185065],[-8.192372,71.183722],[-8.32726,71.177314],[-8.337026,71.175055],[-8.413258,71.139228],[-8.460561,71.096625]],[[-7.391042,70.861212],[-7.210317,70.844123],[-7.099721,70.855902],[-7.058339,70.86933],[-7.042714,70.877997],[-7.031117,70.888129],[-7.024037,70.899482],[-7.021962,70.912421],[-7.025319,70.926764],[-7.030141,70.933051],[-7.038625,70.938178],[-7.064687,70.94538],[-7.289357,70.950751],[-7.312306,70.955268],[-7.369191,70.98133],[-7.387807,70.985663],[-7.397572,70.985663],[-7.408009,70.983771],[-7.418996,70.979682],[-7.430776,70.972968],[-7.457326,70.950751],[-7.466481,70.940009],[-7.471913,70.929938],[-7.47411,70.920539],[-7.473256,70.911811],[-7.469777,70.903693],[-7.464101,70.896308],[-7.456532,70.889472],[-7.437123,70.877631],[-7.391042,70.861212]],[[-19.745351,70.662787],[-19.754628,70.664252],[-19.866872,70.648017],[-19.893849,70.64942],[-19.922414,70.656562],[-19.958485,70.67414],[-19.989735,70.697943],[-20.056874,70.798041],[-20.084218,70.821967],[-20.125722,70.844306],[-20.15807,70.855963],[-20.162587,70.856391],[-20.166676,70.856024],[-20.170644,70.855048],[-20.174306,70.853522],[-20.180898,70.849311],[-20.199635,70.831488],[-20.215627,70.826422],[-20.244374,70.810797],[-20.426625,70.632575],[-20.486562,70.609198],[-20.490773,70.606391],[-20.493825,70.602851],[-20.495656,70.598334],[-20.496205,70.592719],[-20.495473,70.585639],[-20.489308,70.566779],[-20.485402,70.56153],[-20.478261,70.556586],[-20.45641,70.547553],[-20.057301,70.494757],[-20.040028,70.486823],[-20.028188,70.477057],[-20.005483,70.444403],[-19.995778,70.434943],[-19.989369,70.430915],[-19.981679,70.427497],[-19.767445,70.418586],[-19.658986,70.441046],[-19.61852,70.460761],[-19.602773,70.472907],[-19.590443,70.48664],[-19.581838,70.501899],[-19.577321,70.518805],[-19.577504,70.530219],[-19.580983,70.541877],[-19.58727,70.553717],[-19.596059,70.565619],[-19.64745,70.610724],[-19.745351,70.662787]],[[-20.485341,70.448676],[-20.534413,70.450385],[-20.62621,70.436469],[-20.649098,70.428473],[-20.657338,70.422797],[-20.678334,70.399787],[-20.689504,70.379828],[-20.691884,70.362799],[-20.686696,70.348639],[-20.674977,70.337287],[-20.657948,70.32862],[-20.636586,70.322577],[-20.585866,70.318183],[-20.531789,70.323371],[-20.483388,70.337653],[-20.464223,70.348029],[-20.449757,70.36048],[-20.441335,70.374762],[-20.437978,70.387519],[-20.436696,70.398993],[-20.437367,70.409125],[-20.43987,70.418036],[-20.444081,70.425788],[-20.449757,70.43244],[-20.456899,70.438056],[-20.46526,70.442511],[-20.485341,70.448676]],[[-20.81432,70.447211],[-20.818105,70.458747],[-20.825368,70.470771],[-20.833913,70.479682],[-20.84435,70.486457],[-20.856313,70.491278],[-20.883717,70.495795],[-20.944081,70.490668],[-21.027821,70.468329],[-21.047231,70.468329],[-21.091298,70.478827],[-21.096425,70.477973],[-21.100942,70.475409],[-21.104787,70.470771],[-21.107961,70.463507],[-21.110463,70.453315],[-21.113393,70.422797],[-21.112416,70.416999],[-21.109486,70.410834],[-21.097951,70.397956],[-21.080251,70.385016],[-21.031361,70.362494],[-20.973927,70.350592],[-20.945302,70.350775],[-20.897084,70.362616],[-20.846974,70.388373],[-20.827809,70.405646],[-20.820851,70.415229],[-20.816029,70.42536],[-20.813832,70.435981],[-20.81432,70.447211]],[[-23.62267,68.925971],[-23.723805,68.908087],[-23.846608,68.848029],[-23.952992,68.822455],[-24.02599,68.81977],[-24.401357,68.910773],[-24.594289,68.923285],[-24.761281,68.910773],[-24.778859,68.904792],[-24.905324,68.814765],[-24.929494,68.807318],[-25.027821,68.793341],[-25.036305,68.78913],[-25.043141,68.783637],[-25.048085,68.776557],[-25.050954,68.767462],[-25.051442,68.756293],[-25.049306,68.742743],[-25.043324,68.730231],[-25.032399,68.720526],[-25.017262,68.713263],[-24.99828,68.708197],[-24.68932,68.718817],[-24.616567,68.720465],[-24.602956,68.718573],[-24.597096,68.716254],[-24.591664,68.712775],[-24.586659,68.707831],[-24.577626,68.693244],[-24.569325,68.670783],[-24.571034,68.666205],[-24.577992,68.660712],[-24.700429,68.597724],[-24.7329,68.573249],[-24.744252,68.560126],[-24.751271,68.546454],[-24.753041,68.532294],[-24.748708,68.517768],[-24.737294,68.502814],[-24.353322,68.550788],[-24.344533,68.554389],[-24.329396,68.56391],[-24.263905,68.642096],[-24.232777,68.659857],[-24.120595,68.693732],[-24.053639,68.694525],[-23.8579,68.646613],[-23.849294,68.646796],[-23.776296,68.674262],[-23.57195,68.802619],[-23.543996,68.83515],[-23.537648,68.849738],[-23.537343,68.862738],[-23.543202,68.880439],[-23.550954,68.894721],[-23.560414,68.905829],[-23.571278,68.914191],[-23.583241,68.92005],[-23.595937,68.923774],[-23.62267,68.925971]],[[-24.186818,64.900946],[-24.185292,64.902777],[-24.186879,64.900946],[-24.186818,64.900946],[-24.289784,64.771979],[-24.327321,64.737799],[-24.334279,64.725531],[-24.341298,64.707709],[-24.351125,64.620612],[-24.359364,64.603217],[-24.374562,64.583136],[-24.3933,64.56684],[-24.414845,64.553717],[-24.462392,64.534674],[-24.571339,64.509955],[-24.747426,64.499213],[-24.835683,64.459784],[-24.871022,64.434394],[-24.893727,64.410041],[-24.900014,64.398993],[-24.90276,64.388983],[-24.901723,64.380439],[-24.896779,64.373603],[-24.887868,64.36872],[-24.874745,64.366156],[-24.857411,64.366034],[-24.725697,64.393073],[-24.719472,64.392157],[-24.714101,64.38996],[-24.606252,64.304389],[-24.579152,64.293036],[-24.567738,64.290839],[-24.55724,64.290473],[-24.547292,64.291693],[-24.47997,64.316474],[-24.31725,64.344794],[-24.203359,64.385565],[-24.002797,64.425971],[-23.889882,64.420905],[-23.843984,64.40644],[-23.824635,64.395697],[-23.807973,64.382575],[-23.794362,64.366767],[-23.784047,64.348212],[-23.777333,64.326789],[-23.776051,64.314154],[-23.777516,64.302314],[-23.781422,64.291266],[-23.787465,64.280951],[-23.804372,64.262641],[-23.897328,64.206794],[-23.89861,64.205024],[-23.899342,64.202765],[-23.89977,64.19715],[-23.895619,64.169257],[-23.895741,64.163336],[-23.896352,64.160834],[-23.897328,64.15882],[-23.898488,64.157538],[-23.90038,64.156195],[-23.941396,64.137763],[-23.945302,64.134772],[-23.972707,64.106208],[-23.989735,64.067267],[-23.993337,64.062812],[-23.995168,64.06153],[-23.997426,64.060736],[-24.003041,64.060309],[-24.030873,64.064582],[-24.036855,64.064399],[-24.039235,64.063849],[-24.041371,64.062812],[-24.042958,64.061347],[-24.045888,64.05683],[-24.059865,64.022101],[-24.063344,64.016791],[-24.395924,63.756049],[-24.40862,63.742194],[-24.419179,63.724311],[-24.425588,63.705756],[-24.437795,63.63172],[-24.444447,63.614753],[-24.455312,63.599005],[-24.468007,63.587165],[-24.481191,63.579413],[-24.531117,63.56623],[-24.541005,63.561835],[-24.559071,63.545722],[-24.577748,63.520514],[-24.582997,63.50849],[-24.585927,63.496894],[-24.58672,63.485785],[-24.585561,63.475226],[-24.58257,63.465277],[-24.578114,63.456],[-24.565358,63.439704],[-24.54894,63.426764],[-24.530629,63.417731],[-24.517201,63.414069],[-24.513478,63.41413],[-24.51006,63.414862],[-24.506886,63.416083],[-24.501027,63.419806],[-24.485341,63.434272],[-24.479665,63.437506],[-24.476613,63.438422],[-24.473317,63.438788],[-24.458241,63.437384],[-24.44518,63.433356],[-24.433766,63.426947],[-24.42394,63.418524],[-24.415395,63.408393],[-24.401662,63.384162],[-24.36028,63.27967],[-24.353322,63.270819],[-24.351003,63.268805],[-24.339406,63.263617],[-24.281361,63.246833],[-24.276357,63.242987],[-24.268666,63.235175],[-24.252248,63.212409],[-24.244679,63.206488],[-24.234059,63.201972],[-24.218922,63.199286],[-24.198659,63.199469],[-24.188832,63.201972],[-24.179799,63.206],[-24.171376,63.211493],[-24.088857,63.302436],[-24.065297,63.318793],[-24.061879,63.32038],[-24.058034,63.321357],[-24.049428,63.322089],[-24.00121,63.317511],[-23.993337,63.318793],[-23.80132,63.414801],[-23.444325,63.446357],[-23.428944,63.453681],[-23.417348,63.462775],[-23.415212,63.465949],[-23.413808,63.470038],[-23.412526,63.48078],[-23.418324,63.54975],[-23.417348,63.558783],[-23.411183,63.575812],[-23.403554,63.588324],[-23.394643,63.596747],[-23.384328,63.601508],[-23.372914,63.602973],[-23.360463,63.601752],[-23.347035,63.598212],[-23.218495,63.539252],[-23.191579,63.533332],[-23.173512,63.533515],[-23.156972,63.536994],[-23.100942,63.558295],[-23.08788,63.559577],[-23.07433,63.557013],[-23.060964,63.551459],[-23.048818,63.544013],[-23.037892,63.534796],[-23.020558,63.513617],[-23.010487,63.491889],[-23.008107,63.477912],[-23.008778,63.463324],[-23.010426,63.457343],[-23.012807,63.452216],[-23.015859,63.447699],[-23.019399,63.443732],[-23.053883,63.418708],[-23.077138,63.385627],[-23.089467,63.360114],[-23.095082,63.338141],[-23.094533,63.319586],[-23.088612,63.304267],[-23.078053,63.292182],[-23.063466,63.283149],[-23.045522,63.277045],[-23.024953,63.273749],[-22.978749,63.27497],[-22.930226,63.286078],[-22.884938,63.305915],[-22.864247,63.319342],[-22.863149,63.319648],[-22.861745,63.31977],[-22.844716,63.317511],[-22.843434,63.317816],[-22.842275,63.318183],[-22.841298,63.318793],[-22.839528,63.322211],[-22.774037,63.529425],[-22.769338,63.534796],[-22.759877,63.540473],[-22.715566,63.553595],[-22.481313,63.58277],[-22.437123,63.599066],[-22.38915,63.628485],[-22.37682,63.631293],[-22.361318,63.630805],[-22.345021,63.626593],[-22.331044,63.618964],[-22.241322,63.534796],[-22.230214,63.528937],[-22.156361,63.516425],[-22.145314,63.51081],[-22.129628,63.497077],[-22.097524,63.453559],[-22.052113,63.357367],[-22.049306,63.34278],[-22.097524,63.200995],[-22.097279,63.198798],[-22.088368,63.192145],[-22.077992,63.187995],[-22.066701,63.185858],[-22.042104,63.186713],[-22.016713,63.192633],[-21.972707,63.210761],[-21.952504,63.222846],[-21.953297,63.222846],[-21.829091,63.284064],[-21.785268,63.294806],[-21.473317,63.246833],[-21.343861,63.270209],[-21.305287,63.270819],[-21.217214,63.246649],[-21.054067,63.172553],[-20.96935,63.150824],[-20.537343,63.174811],[-20.408864,63.150946],[-20.369313,63.150824],[-20.356984,63.154242],[-20.246755,63.214728],[-20.185658,63.233161],[-20.043752,63.242377],[-20.038197,63.244147],[-20.033315,63.246833],[-20.025868,63.253241],[-20.020009,63.260627],[-20.012441,63.277411],[-20.002736,63.347846],[-20.000172,63.354315],[-19.996571,63.359809],[-19.991689,63.363959],[-19.985341,63.366767],[-19.955922,63.373481],[-19.821523,63.375128],[-19.475209,63.319098],[-19.464284,63.321357],[-19.42394,63.339362],[-19.410756,63.342353],[-19.394643,63.343329],[-19.133534,63.294013],[-18.969838,63.29328],[-18.882558,63.254706],[-18.807973,63.237494],[-18.339609,63.239346],[-17.871246,63.241197],[-17.402882,63.243048],[-17.270497,63.285834],[-17.206288,63.296271],[-17.000539,63.282111],[-16.973683,63.288886],[-16.961293,63.294806],[-16.953847,63.300544],[-16.948232,63.307746],[-16.944325,63.316352],[-16.940419,63.336615],[-16.944508,63.433417],[-16.941029,63.454047],[-16.937367,63.462775],[-16.930898,63.473151],[-16.914418,63.492499],[-16.87267,63.525458],[-16.82964,63.548285],[-16.797963,63.558539],[-16.793324,63.558783],[-16.783376,63.556525],[-16.773793,63.551215],[-16.764577,63.543219],[-16.747304,63.521064],[-16.690663,63.410895],[-16.678883,63.394843],[-16.673329,63.390815],[-16.663747,63.387519],[-16.652577,63.385565],[-16.326955,63.400183],[-16.001332,63.414801],[-15.825246,63.483893],[-15.643056,63.486274],[-15.641347,63.486762],[-15.637868,63.495124],[-15.637807,63.504706],[-15.640614,63.515387],[-15.646108,63.526862],[-15.761342,63.654792],[-15.784596,63.725531],[-15.785329,63.726813],[-15.791066,63.730658],[-15.92217,63.78266],[-15.930714,63.789801],[-15.936269,63.797309],[-15.938222,63.805365],[-15.936086,63.813788],[-15.929311,63.822821],[-15.924184,63.826606],[-15.918385,63.828437],[-15.911855,63.828315],[-15.90453,63.826728],[-15.896352,63.823493],[-15.729665,63.723334],[-15.637013,63.710395],[-15.623586,63.706],[-15.603017,63.693183],[-15.581776,63.673224],[-15.568837,63.652594],[-15.562428,63.632086],[-15.560964,63.61225],[-15.569569,63.543891],[-15.567372,63.531256],[-15.563039,63.520819],[-15.556874,63.512336],[-15.549062,63.505805],[-15.539784,63.500861],[-15.518178,63.495551],[-15.493886,63.495124],[-15.469045,63.498358],[-15.425343,63.51081],[-15.329335,63.558783],[-14.901296,63.587226],[-14.854237,63.603888],[-14.837209,63.615912],[-14.825307,63.630805],[-14.819692,63.648688],[-14.821401,63.667426],[-14.829213,63.686835],[-14.842214,63.70661],[-14.988393,63.861457],[-14.994557,63.877814],[-14.994252,63.892951],[-14.986195,63.906623],[-14.96935,63.918769],[-14.966481,63.919379],[-14.962453,63.918891],[-14.944997,63.912421],[-14.886952,63.879462],[-14.638661,63.673407],[-14.602956,63.658149],[-14.585317,63.654792],[-14.585317,63.655402],[-14.537343,63.702765],[-14.516713,63.711554],[-14.144276,63.802802],[-14.1256,63.815619],[-14.112355,63.830207],[-14.105336,63.846747],[-14.103688,63.858466],[-14.103993,63.868659],[-14.105885,63.877692],[-14.109486,63.885688],[-14.114552,63.892829],[-14.128407,63.905341],[-14.213612,63.95716],[-14.305165,64.053107],[-14.320912,64.080085],[-14.324452,64.091864],[-14.324513,64.101874],[-14.320302,64.109748],[-14.311269,64.114936],[-14.296864,64.117194],[-14.249318,64.110785],[-14.204152,64.094001],[-13.97936,63.933539],[-13.925343,63.909064],[-13.865346,63.894843],[-13.858266,63.894599],[-13.842336,63.897284],[-13.710317,63.941657],[-13.684621,63.942939],[-13.637807,63.937079],[-13.568959,63.918341],[-13.557851,63.917792],[-13.553334,63.918769],[-13.550649,63.920478],[-13.548024,63.923346],[-13.51415,64.003485],[-13.505299,64.014838],[-13.496022,64.022589],[-13.445058,64.049201],[-13.371938,64.072455],[-13.150136,64.059943],[-13.121327,64.062812],[-13.045033,64.088568],[-12.881337,64.206794],[-12.761342,64.254828],[-12.665334,64.326789],[-12.462209,64.391669],[-12.439198,64.405707],[-12.43102,64.413764],[-12.425343,64.422797],[-12.419423,64.439826],[-12.417775,64.455207],[-12.419545,64.469001],[-12.424245,64.481513],[-12.43932,64.503119],[-12.472951,64.537848],[-12.478017,64.545844],[-12.480458,64.5539],[-12.479482,64.562262],[-12.474416,64.571112],[-12.46465,64.580512],[-12.44933,64.590766],[-12.430531,64.599799],[-12.411855,64.604987],[-12.393239,64.606879],[-12.374806,64.605841],[-12.338857,64.596991],[-12.211293,64.542243],[-12.197987,64.541083],[-12.185353,64.542792],[-12.045277,64.686469],[-12.041737,64.688544],[-12.041371,64.686835],[-12.03307,64.721381],[-12.045766,64.889228],[-12.044301,64.896796],[-12.041371,64.902777],[-12.032948,64.911566],[-12.022084,64.91828],[-12.009389,64.923407],[-11.892262,64.946357],[-11.882436,64.952399],[-11.875234,64.960273],[-11.870961,64.970404],[-11.870229,64.9831],[-11.873341,64.998786],[-11.877187,65.00196],[-12.193532,65.095282],[-12.364308,65.069709],[-12.406972,65.077704],[-12.45641,65.097602],[-12.500722,65.1258],[-12.515248,65.141791],[-12.519643,65.150031],[-12.521779,65.158393],[-12.521352,65.166815],[-12.513539,65.18537],[-12.500172,65.198432],[-12.481862,65.206549],[-12.459218,65.210456],[-12.11266,65.162421],[-12.089345,65.166815],[-12.082265,65.169257],[-12.045216,65.188849],[-12.007619,65.219916],[-11.994008,65.238227],[-11.989552,65.247748],[-11.986989,65.257453],[-11.986562,65.267279],[-11.988576,65.277045],[-11.993276,65.28675],[-12.002492,65.294623],[-12.018117,65.300727],[-12.497304,65.310797],[-12.587636,65.331549],[-12.641347,65.334784],[-12.878835,65.30268],[-12.928151,65.308417],[-12.947865,65.315558],[-12.963246,65.326056],[-12.973256,65.340277],[-12.977345,65.358771],[-12.976674,65.361701],[-12.974721,65.364997],[-12.967397,65.372199],[-12.905385,65.406806],[-12.853993,65.415534],[-12.550343,65.409247],[-12.463979,65.431098],[-12.44933,65.430793],[-12.423818,65.426276],[-12.404103,65.419501],[-12.346974,65.387824],[-12.328847,65.383673],[-12.305348,65.382758],[-12.301869,65.383368],[-12.20519,65.426642],[-11.932362,65.456977],[-11.8933,65.472663],[-11.879994,65.4831],[-11.871693,65.495429],[-11.869252,65.509894],[-11.873341,65.526801],[-11.879018,65.529975],[-12.241139,65.561815],[-12.603261,65.593655],[-12.965382,65.625495],[-13.072743,65.666388],[-13.115834,65.671698],[-13.245534,65.665534],[-13.26537,65.670844],[-13.270558,65.673346],[-13.282521,65.681952],[-13.338246,65.743598],[-13.337331,65.742804],[-13.374562,65.778205],[-13.379811,65.781134],[-13.384145,65.782233],[-13.38799,65.781684],[-13.391591,65.779731],[-13.419606,65.757514],[-13.442128,65.74726],[-13.487294,65.737189],[-13.541921,65.736335],[-13.590138,65.746466],[-13.757497,65.836798],[-13.769338,65.838813],[-13.783315,65.837531],[-13.961842,65.753485],[-13.976064,65.752082],[-13.988271,65.754401],[-13.998097,65.761176],[-14.005238,65.773139],[-14.009328,65.790778],[-14.009267,65.797065],[-14.007619,65.804206],[-13.999867,65.820807],[-13.967397,65.859687],[-13.91393,65.900153],[-13.841359,65.93476],[-13.786733,65.948065],[-13.381439,65.980943],[-12.976145,66.013821],[-12.570851,66.046698],[-12.545339,66.054816],[-12.493214,66.083319],[-12.458852,66.114569],[-12.447743,66.130744],[-12.440358,66.146979],[-12.436452,66.163092],[-12.435902,66.178961],[-12.438344,66.194281],[-12.443593,66.20893],[-12.451466,66.222663],[-12.461659,66.235297],[-12.48821,66.256415],[-12.521352,66.270819],[-12.641347,66.30329],[-12.648366,66.307929],[-12.65453,66.313605],[-12.660085,66.320868],[-12.701039,66.417426],[-12.71526,66.438971],[-12.73174,66.455878],[-12.750234,66.468512],[-12.770314,66.477301],[-12.791921,66.482611],[-12.838246,66.484626],[-13.096181,66.426398],[-13.12267,66.427436],[-13.241322,66.462775],[-13.270802,66.464972],[-13.33196,66.46015],[-13.361318,66.462775],[-13.391042,66.471686],[-13.398915,66.476325],[-13.401723,66.479071],[-13.404164,66.482245],[-13.433339,66.534796],[-13.434621,66.538275],[-13.433949,66.541815],[-13.431752,66.545356],[-13.423329,66.552436],[-13.363393,66.581122],[-13.361318,66.58277],[-13.348805,66.599982],[-13.340871,66.615607],[-13.337148,66.629767],[-13.337087,66.642585],[-13.340321,66.654181],[-13.346242,66.664496],[-13.354604,66.673896],[-13.555043,66.789618],[-13.590077,66.802558],[-13.693715,66.820502],[-13.796376,66.819281],[-14.084645,66.749335],[-14.372914,66.679389],[-14.474782,66.683844],[-14.513966,66.697089],[-14.543385,66.719062],[-14.561391,66.7508],[-14.562489,66.757148],[-14.562306,66.763983],[-14.5584,66.778754],[-14.54186,66.809149],[-14.513295,66.846808],[-14.498158,66.894232],[-14.494679,66.920661],[-14.496816,66.943],[-14.500111,66.952643],[-14.504994,66.961127],[-14.511403,66.968573],[-14.51946,66.975043],[-14.529164,66.980353],[-14.540578,66.984565],[-14.568532,66.989814],[-14.836415,66.987189],[-14.86205,66.996039],[-14.883901,67.010688],[-14.902333,67.029486],[-14.964162,67.113837],[-14.982716,67.129096],[-14.993337,67.134833],[-15.005971,67.138556],[-15.020436,67.13996],[-15.113332,67.134833],[-15.124745,67.137702],[-15.165517,67.157965],[-15.177785,67.161017],[-15.192128,67.161566],[-15.20934,67.158759],[-15.224172,67.153388],[-15.236806,67.145514],[-15.247792,67.135627],[-15.302113,67.049811],[-15.310658,67.040839],[-15.320363,67.034125],[-15.331532,67.030097],[-15.344533,67.02912],[-15.359731,67.031867],[-15.377309,67.038764],[-15.399159,67.051459],[-15.412526,67.064215],[-15.418507,67.076972],[-15.418324,67.089911],[-15.413197,67.102851],[-15.340993,67.183112],[-15.332753,67.197089],[-15.328786,67.211188],[-15.330129,67.225531],[-15.337941,67.240058],[-15.353383,67.254767],[-15.359364,67.258307],[-15.366078,67.260382],[-15.373219,67.261115],[-15.380788,67.260749],[-15.396413,67.25727],[-15.44933,67.23078],[-15.51769,67.228827],[-15.6079,67.209601],[-15.688466,67.178534],[-15.749989,67.143378],[-15.794301,67.104865],[-15.814809,67.078803],[-15.824208,67.05622],[-15.82372,67.036811],[-15.814748,67.020331],[-15.798451,67.006415],[-15.749379,66.985236],[-15.521352,66.942816],[-15.423695,66.893622],[-15.42217,66.891791],[-15.408376,66.855902],[-15.40508,66.850165],[-15.403249,66.848151],[-15.401357,66.846808],[-15.383473,66.839179],[-15.240529,66.816352],[-15.231557,66.812079],[-15.223866,66.806159],[-15.21758,66.798163],[-15.212697,66.787787],[-15.20934,66.774787],[-15.209584,66.770697],[-15.211232,66.764777],[-15.230153,66.727607],[-15.26415,66.681342],[-15.306752,66.642401],[-15.329335,66.630805],[-15.418019,66.61872],[-15.569325,66.62403],[-15.593312,66.630805],[-15.60381,66.636481],[-15.613088,66.643927],[-15.62859,66.662665],[-15.668324,66.751776],[-15.677846,66.766852],[-15.683339,66.771857],[-15.68932,66.774787],[-15.717641,66.780341],[-15.743398,66.780341],[-15.91686,66.751532],[-16.022939,66.75373],[-16.374287,66.855384],[-16.725636,66.957038],[-16.766225,66.961859],[-16.798207,66.958686],[-16.824635,66.948737],[-16.966176,66.857245],[-17.041921,66.840399],[-17.046986,66.837409],[-17.051015,66.833319],[-17.054006,66.827704],[-17.056142,66.820258],[-17.057362,66.798774],[-16.865346,66.678778],[-16.857228,66.66706],[-16.838979,66.630561],[-16.750905,66.367316],[-16.748525,66.333014],[-16.750539,66.31861],[-16.754811,66.305915],[-16.761708,66.295233],[-16.771291,66.286322],[-16.783925,66.279486],[-16.799611,66.274543],[-16.818715,66.271674],[-16.854176,66.271613],[-16.863759,66.273749],[-16.870595,66.277106],[-16.875234,66.281745],[-16.877919,66.287543],[-16.882497,66.357001],[-16.892568,66.384528],[-16.913319,66.414801],[-16.914357,66.414923],[-17.033315,66.462775],[-17.206532,66.652777],[-17.240224,66.672614],[-17.256947,66.677619],[-17.273305,66.678778],[-17.283437,66.677558],[-17.290822,66.675238],[-17.295949,66.671942],[-17.299184,66.66767],[-17.300893,66.662482],[-17.302846,66.624457],[-17.308156,66.60456],[-17.313588,66.593817],[-17.331654,66.570807],[-17.359975,66.548224],[-17.384877,66.536383],[-17.395253,66.534186],[-17.404408,66.533759],[-17.412587,66.534674],[-17.437184,66.541938],[-17.442006,66.542304],[-17.446645,66.541083],[-17.451161,66.537787],[-17.455678,66.531928],[-17.465321,66.51081],[-17.463368,66.514106],[-17.460805,66.515021],[-17.457875,66.513861],[-17.454518,66.510871],[-17.450856,66.506415],[-17.408376,66.412055],[-17.40154,66.365851],[-17.403188,66.346015],[-17.407643,66.32807],[-17.414784,66.311835],[-17.424184,66.297065],[-17.448598,66.271369],[-17.574513,66.189032],[-17.594228,66.169257],[-17.624501,66.120246],[-17.628835,66.115607],[-17.633901,66.112555],[-17.639943,66.111212],[-17.64745,66.111762],[-17.656545,66.114447],[-17.681325,66.126837],[-17.692983,66.135688],[-17.701405,66.146125],[-17.706899,66.158149],[-17.709889,66.171332],[-17.710744,66.185614],[-17.680165,66.332709],[-17.681325,66.34278],[-17.683217,66.3487],[-17.690297,66.36225],[-17.782582,66.478278],[-17.869862,66.651129],[-17.873341,66.654792],[-17.887318,66.663031],[-17.918019,66.674689],[-18.2282,66.685248],[-18.312917,66.711249],[-18.335683,66.711982],[-18.362172,66.707465],[-18.387196,66.698249],[-18.438466,66.656623],[-18.494435,66.58985],[-18.535695,66.514655],[-18.544789,66.479132],[-18.545339,66.462775],[-18.54247,66.440009],[-18.537282,66.424506],[-18.533925,66.418769],[-18.530019,66.414069],[-18.486379,66.382514],[-18.473317,66.366767],[-18.450795,66.33039],[-18.436147,66.297065],[-18.430043,66.267462],[-18.430226,66.254218],[-18.432851,66.242194],[-18.437795,66.231452],[-18.445241,66.222113],[-18.45519,66.214118],[-18.467763,66.207648],[-18.4829,66.202826],[-18.521657,66.19831],[-18.560597,66.200629],[-18.586415,66.209174],[-18.607777,66.222785],[-18.689748,66.297065],[-18.719594,66.312567],[-18.756825,66.323676],[-18.834096,66.329901],[-18.978017,66.316718],[-19.031239,66.320075],[-19.040578,66.324042],[-19.044179,66.326667],[-19.049855,66.332831],[-19.066579,66.361029],[-19.073354,66.366767],[-19.100697,66.378546],[-19.231496,66.397162],[-19.385304,66.390815],[-19.415944,66.378119],[-19.439381,66.360358],[-19.514272,66.274176],[-19.541432,66.257758],[-19.577321,66.246772],[-19.637563,66.241156],[-19.696339,66.245429],[-19.802113,66.27558],[-19.879506,66.321295],[-19.902821,66.345038],[-19.909779,66.35633],[-19.913258,66.366767],[-19.649526,66.686835],[-19.647939,66.690863],[-19.647328,66.694831],[-19.647756,66.698798],[-19.649281,66.702826],[-19.659596,66.715094],[-19.675893,66.725409],[-19.697499,66.73371],[-19.753651,66.745063],[-19.897511,66.750678],[-20.155019,66.71955],[-20.205129,66.696601],[-20.253468,66.664374],[-20.550221,66.331855],[-20.596669,66.3039],[-20.664784,66.283149],[-20.676381,66.275824],[-20.681325,66.270819],[-20.686635,66.263434],[-20.690419,66.255988],[-20.69286,66.248481],[-20.694692,66.233588],[-20.693227,66.219245],[-20.680959,66.177314],[-20.681325,66.17475],[-20.692006,66.155341],[-20.705495,66.13935],[-20.720448,66.126715],[-20.750478,66.110053],[-20.772389,66.103217],[-20.777333,66.10279],[-20.791371,66.106574],[-20.802235,66.111762],[-20.81017,66.118232],[-20.815663,66.125678],[-20.818837,66.13404],[-20.820119,66.142951],[-20.819875,66.152289],[-20.800893,66.218573],[-20.80132,66.222785],[-20.81432,66.251288],[-20.866567,66.318305],[-20.868947,66.324897],[-20.869557,66.331855],[-20.868153,66.33924],[-20.864491,66.347419],[-20.831288,66.390082],[-20.806996,66.435004],[-20.79186,66.484565],[-20.790822,66.507392],[-20.792592,66.517585],[-20.79601,66.526862],[-20.80132,66.534796],[-20.815114,66.546454],[-20.83196,66.553351],[-20.851369,66.556098],[-20.895741,66.550971],[-20.993642,66.512519],[-21.116506,66.436164],[-21.131703,66.419135],[-21.136708,66.41651],[-21.140065,66.415595],[-21.161305,66.414801],[-21.184438,66.418952],[-21.213246,66.428839],[-21.275624,66.464057],[-21.302724,66.48841],[-21.322865,66.516669],[-21.329274,66.53205],[-21.332753,66.548224],[-21.332875,66.565131],[-21.329335,66.58277],[-21.322438,66.596991],[-21.311696,66.608893],[-21.297658,66.618842],[-21.261647,66.633612],[-21.052907,66.672187],[-21.04131,66.678778],[-21.024098,66.695136],[-21.0183,66.703498],[-21.014089,66.712043],[-21.009267,66.729438],[-21.006093,66.784369],[-21.002065,66.803412],[-20.993276,66.822821],[-20.809926,67.007025],[-20.785878,67.045966],[-20.780629,67.064215],[-20.780934,67.081244],[-20.787526,67.096869],[-20.80132,67.110785],[-21.257314,67.086737],[-21.497304,66.99079],[-21.665761,66.976386],[-22.097279,67.014777],[-22.241322,66.99079],[-22.529347,67.038764],[-22.552113,67.033515],[-22.696339,66.952826],[-22.769032,66.929633],[-23.127004,66.89057],[-23.252187,66.849189],[-23.34435,66.849433],[-23.426076,66.865485],[-23.454945,66.877753],[-23.523549,66.936713],[-23.537343,66.942816],[-23.860341,66.980536],[-23.9287,66.965277],[-24.112538,66.893622],[-24.210744,66.872016],[-24.263539,66.872931],[-24.428822,66.918891],[-24.44933,66.91883],[-24.68932,66.798774],[-24.731862,66.756598],[-24.797902,66.665534],[-24.833363,66.630805],[-24.857777,66.61756],[-24.953359,66.58277],[-25.217336,66.438788],[-25.221059,66.437995],[-25.352162,66.440802],[-25.369801,66.436042],[-25.535756,66.340155],[-25.61028,66.323615],[-25.642323,66.311225],[-25.874135,66.169928],[-25.891347,66.164069],[-25.960683,66.156684],[-25.97936,66.149359],[-25.999013,66.136176],[-26.032094,66.099616],[-26.041249,66.083197],[-26.046376,66.067816],[-26.047841,66.053351],[-26.046315,66.039496],[-26.042409,66.02619],[-26.027211,65.997565],[-26.020192,65.990485],[-26.012318,65.985175],[-26.003651,65.981513],[-25.99413,65.979132],[-25.858327,65.965216],[-25.825917,65.951422],[-25.799672,65.934516],[-25.761952,65.896918],[-25.724416,65.840888],[-25.721303,65.838813],[-25.683339,65.827948],[-25.556142,65.829047],[-25.546071,65.826056],[-25.538075,65.820807],[-25.532155,65.81269],[-25.528676,65.801337],[-25.527577,65.7862],[-25.529286,65.766791],[-25.534963,65.747992],[-25.545155,65.734565],[-25.559316,65.725775],[-25.576894,65.721259],[-25.597096,65.720404],[-25.667714,65.733954],[-25.817311,65.790778],[-25.823781,65.791205],[-25.836781,65.790107],[-25.927968,65.766913],[-26.320302,65.810248],[-26.370351,65.800055],[-26.424062,65.775946],[-26.425343,65.774665],[-26.443654,65.737616],[-26.443959,65.733344],[-26.442616,65.729865],[-26.439565,65.727118],[-26.435414,65.725043],[-26.430165,65.723517],[-26.377309,65.720404],[-26.369313,65.718817],[-26.35143,65.708991],[-26.338124,65.69776],[-26.328908,65.685309],[-26.323537,65.671942],[-26.321645,65.657965],[-26.323048,65.643622],[-26.32726,65.629401],[-26.334096,65.615424],[-26.353993,65.589667],[-26.380238,65.568671],[-26.410207,65.554877],[-26.425771,65.55152],[-26.441335,65.550788],[-26.456044,65.552985],[-26.468678,65.557807],[-26.479604,65.564765],[-26.489064,65.573432],[-26.534352,65.640631],[-26.552663,65.659064],[-26.563832,65.665778],[-26.576772,65.670233],[-26.591847,65.672003],[-26.618031,65.669013],[-26.634755,65.663031],[-26.650502,65.653815],[-26.664906,65.641486],[-26.677663,65.626166],[-26.688588,65.608039],[-26.697133,65.587104],[-26.705678,65.54328],[-26.704762,65.536933],[-26.702748,65.531623],[-26.699696,65.527289],[-26.695851,65.52381],[-26.691274,65.520941],[-26.643422,65.508002],[-26.63329,65.502753],[-26.602651,65.477851],[-26.583119,65.455268],[-26.573354,65.434638],[-26.572194,65.415595],[-26.578297,65.397895],[-26.590321,65.381171],[-26.732594,65.261847],[-26.745595,65.240485],[-26.75298,65.216864],[-26.753285,65.190802],[-26.749501,65.172187],[-26.743337,65.156745],[-26.735219,65.143927],[-26.725148,65.133307],[-26.700307,65.117072],[-26.603566,65.07685],[-26.569508,65.054877],[-26.537343,65.022773],[-26.535207,65.019538],[-26.53423,65.016608],[-26.53423,65.013922],[-26.535024,65.011542],[-26.536549,65.009345],[-26.538686,65.00727],[-26.543996,65.004035],[-26.561269,64.998786],[-26.562001,64.991339],[-26.561147,64.984565],[-26.558766,64.978522],[-26.555226,64.97309],[-26.550649,64.968207],[-26.500844,64.938422],[-26.492055,64.930915],[-26.489308,64.926764],[-26.484181,64.914618],[-26.47881,64.891547],[-26.478993,64.832038],[-26.47643,64.815741],[-26.473256,64.808173],[-26.468495,64.801154],[-26.461781,64.794562],[-26.452809,64.788459],[-26.441335,64.782782],[-26.399648,64.771918],[-26.352284,64.769965],[-25.985341,64.854804],[-25.982289,64.857856],[-25.979665,64.862799],[-25.977406,64.869269],[-25.962453,64.972235],[-25.961293,64.974799],[-25.959157,64.976813],[-25.794484,65.048041],[-25.765736,65.050544],[-25.752004,65.048651],[-25.737538,65.043647],[-25.721669,65.033881],[-25.706288,65.020209],[-25.680776,64.986029],[-25.672597,64.967658],[-25.668691,64.949897],[-25.668752,64.941596],[-25.670216,64.933844],[-25.673268,64.926764],[-25.682607,64.915656],[-25.695485,64.907538],[-25.711293,64.901923],[-25.729543,64.898505],[-25.905446,64.899726],[-25.939381,64.893744],[-25.952077,64.88758],[-25.961293,64.878791],[-25.966054,64.87049],[-25.968129,64.86286],[-25.967885,64.855841],[-25.965627,64.849433],[-25.961598,64.843573],[-25.956166,64.838202],[-25.942128,64.828986],[-25.889272,64.80683],[-25.843861,64.769721],[-25.832753,64.756964],[-25.829823,64.751349],[-25.828481,64.745917],[-25.828725,64.740485],[-25.830312,64.734931],[-25.833241,64.72901],[-25.874318,64.674201],[-25.884999,64.65351],[-25.887013,64.645331],[-25.886952,64.638373],[-25.884999,64.632514],[-25.881337,64.627753],[-25.876027,64.623908],[-25.869313,64.620917],[-25.861195,64.61872],[-25.818715,64.614936],[-25.743581,64.61933],[-25.729482,64.624518],[-25.721303,64.631476],[-25.718007,64.639838],[-25.718617,64.64942],[-25.745473,64.706977],[-25.748708,64.718756],[-25.748891,64.730109],[-25.745046,64.740668],[-25.736195,64.750373],[-25.721303,64.758795],[-25.708302,64.763373],[-25.682607,64.767279],[-25.65685,64.765448],[-25.520436,64.734565],[-25.491383,64.736884],[-25.361195,64.791815],[-25.332509,64.798285],[-25.320119,64.797736],[-25.309377,64.794013],[-25.300526,64.786566],[-25.293752,64.775031],[-25.289296,64.758795],[-25.289662,64.747992],[-25.293752,64.737372],[-25.301137,64.726874],[-25.391103,64.655463],[-25.410634,64.634589],[-25.416249,64.623969],[-25.418324,64.613105],[-25.416249,64.602057],[-25.409291,64.590766],[-25.40215,64.583869],[-25.3933,64.577948],[-25.371755,64.569098],[-25.320119,64.560981],[-25.271108,64.561774],[-25.241322,64.566779],[-25.23821,64.568549],[-25.235585,64.571112],[-25.233388,64.57453],[-25.230153,64.583136],[-25.21935,64.63526],[-25.217336,64.6388],[-25.207631,64.65058],[-25.196889,64.659857],[-25.185231,64.666999],[-25.172841,64.672248],[-25.146047,64.677985],[-25.028737,64.680304],[-25.001332,64.686835],[-24.99828,64.688422],[-24.995229,64.69123],[-24.962453,64.74903],[-24.95641,64.756415],[-24.953359,64.758795],[-24.942799,64.763739],[-24.597615,64.855384],[-24.252431,64.947028],[-24.074391,65.028205],[-24.058949,65.029975],[-24.045644,65.028083],[-24.034596,65.022223],[-24.026112,65.011664],[-24.020253,64.9961],[-24.017323,64.974799],[-24.019154,64.969123],[-24.024892,64.962958],[-24.075246,64.935736],[-24.184071,64.90058],[-24.186818,64.900946]],[[-36.055531,65.054328],[-36.083119,65.056403],[-36.110585,65.052436],[-36.136952,65.041571],[-36.161305,65.022773],[-36.169057,65.012824],[-36.173024,65.002631],[-36.173451,64.992438],[-36.170888,64.982184],[-36.165578,64.972113],[-36.148549,64.952826],[-36.099233,64.920966],[-36.050526,64.903876],[-36.000111,64.903693],[-35.969594,64.909857],[-35.948964,64.920356],[-35.937245,64.934149],[-35.933583,64.950507],[-35.93694,64.968329],[-35.946523,64.986762],[-35.961415,65.004767],[-35.98058,65.02143],[-36.003346,65.035956],[-36.028615,65.047187],[-36.055531,65.054328]],[[-38.487721,65.048102],[-38.403737,65.127143],[-38.351003,65.194709],[-38.346059,65.206305],[-38.345326,65.214789],[-38.356374,65.249152],[-38.36382,65.262336],[-38.372548,65.273139],[-38.382436,65.281684],[-38.393727,65.288275],[-38.406361,65.292975],[-38.4204,65.296088],[-38.452626,65.298285],[-38.598988,65.284247],[-38.610585,65.279975],[-38.665273,65.245368],[-38.701955,65.233039],[-38.812856,65.219794],[-38.825307,65.214789],[-38.919484,65.13581],[-38.959828,65.085334],[-38.969594,65.063666],[-38.970937,65.054511],[-38.96935,65.04682],[-38.963857,65.041938],[-38.609303,64.974799],[-38.574086,64.988166],[-38.487721,65.048102]],[[-35.537343,65.358771],[-35.512807,65.379401],[-35.490346,65.392279],[-35.469045,65.398749],[-35.447865,65.400153],[-35.345326,65.382758],[-35.252492,65.374457],[-35.17516,65.37934],[-35.145253,65.388739],[-35.133046,65.395636],[-35.122792,65.403998],[-35.114797,65.414008],[-35.10912,65.425727],[-35.105885,65.439276],[-35.105336,65.454779],[-35.107533,65.460395],[-35.11321,65.464911],[-35.121999,65.468451],[-35.292104,65.477362],[-35.297292,65.478827],[-35.298329,65.479804],[-35.299001,65.481574],[-35.299367,65.486884],[-35.295949,65.523261],[-35.296437,65.525336],[-35.297292,65.526801],[-35.299123,65.528022],[-35.30132,65.528754],[-35.307057,65.528998],[-35.335561,65.524543],[-35.341298,65.524848],[-35.343556,65.52558],[-35.345326,65.526801],[-35.346547,65.52851],[-35.347279,65.530829],[-35.347585,65.536505],[-35.343068,65.565009],[-35.343373,65.570746],[-35.344106,65.573004],[-35.345326,65.574774],[-35.350697,65.578803],[-35.356801,65.581244],[-35.363637,65.582221],[-35.371022,65.582099],[-35.386647,65.578742],[-35.402333,65.572699],[-35.441274,65.550788],[-35.531606,65.531501],[-35.535085,65.529242],[-35.537343,65.526801],[-35.538564,65.52381],[-35.539296,65.520087],[-35.53362,65.468695],[-35.534291,65.460456],[-35.535512,65.457221],[-35.537343,65.454779],[-35.543446,65.450141],[-35.634633,65.408087],[-35.653615,65.392401],[-35.660146,65.383124],[-35.664296,65.37287],[-35.665456,65.361457],[-35.663197,65.348761],[-35.657338,65.334784],[-35.655995,65.33393],[-35.563588,65.310492],[-35.56133,65.310797],[-35.56017,65.311713],[-35.557485,65.315741],[-35.538442,65.357367],[-35.537343,65.358771]],[[-33.61797,66.084479],[-33.665456,66.090644],[-33.993276,66.058722],[-34.321095,66.026801],[-34.377309,66.006537],[-34.396047,65.99317],[-34.407094,65.977301],[-34.409291,65.958808],[-34.404164,65.951667],[-34.391103,65.944098],[-33.977345,65.862738],[-33.907826,65.86756],[-33.75652,65.900824],[-33.626393,65.956],[-33.583302,65.988227],[-33.569692,66.004889],[-33.562367,66.021674],[-33.562001,66.038336],[-33.569325,66.054816],[-33.581776,66.067816],[-33.598195,66.077643],[-33.61797,66.084479]],[[-33.273061,66.413642],[-33.300343,66.418524],[-33.331105,66.417365],[-33.36498,66.408637],[-33.402943,66.390143],[-33.405141,66.389838],[-33.446523,66.392401],[-33.448293,66.391791],[-33.44933,66.390815],[-33.455251,66.376044],[-33.456105,66.363288],[-33.452687,66.352484],[-33.445607,66.34339],[-33.435658,66.335883],[-33.423512,66.32984],[-33.39507,66.32154],[-33.327565,66.317084],[-33.326161,66.317939],[-33.329335,66.318793],[-33.291615,66.315863],[-33.246083,66.319037],[-33.226491,66.324774],[-33.218556,66.328925],[-33.212148,66.334113],[-33.207753,66.340399],[-33.205678,66.347846],[-33.206044,66.356635],[-33.20934,66.366767],[-33.217458,66.379401],[-33.23113,66.392524],[-33.249867,66.404486],[-33.273061,66.413642]],[[-18.759999,67.025397],[-18.748402,67.023627],[-18.721852,67.023932],[-18.69286,67.028815],[-18.635671,67.050971],[-18.611562,67.067389],[-18.593312,67.086737],[-18.591359,67.090522],[-18.590321,67.094367],[-18.590321,67.098273],[-18.591176,67.102179],[-18.592641,67.106086],[-18.597218,67.113593],[-18.616811,67.134101],[-18.617299,67.134833],[-18.617604,67.139472],[-18.616322,67.149787],[-18.59319,67.20539],[-18.593312,67.206794],[-18.608266,67.228217],[-18.616322,67.235297],[-18.624623,67.240302],[-18.632924,67.243476],[-18.641164,67.245063],[-18.64922,67.245429],[-18.664052,67.243109],[-18.676503,67.238593],[-18.689381,67.230902],[-18.68932,67.23078],[-18.698293,67.224921],[-18.716176,67.204962],[-18.74944,67.144599],[-18.78539,67.041449],[-18.785329,67.038764],[-18.778737,67.032904],[-18.770192,67.028449],[-18.759999,67.025397]],[[-18.578664,67.025519],[-18.545339,66.99079],[-18.529591,66.97901],[-18.512135,66.970404],[-18.493459,66.964911],[-18.454335,66.962287],[-18.416005,66.969611],[-18.382069,66.985541],[-18.368092,66.996161],[-18.356557,67.008429],[-18.348012,67.02204],[-18.342946,67.036872],[-18.341847,67.052741],[-18.345143,67.069464],[-18.353322,67.086737],[-18.359364,67.094184],[-18.367055,67.099677],[-18.37621,67.103461],[-18.386464,67.105841],[-18.40923,67.106879],[-18.574574,67.05799],[-18.580068,67.053412],[-18.583608,67.048651],[-18.585133,67.043586],[-18.584828,67.038153],[-18.582631,67.032172],[-18.578664,67.025519]],[[-12.373647,65.882636],[-12.400441,65.863105],[-12.401357,65.862738],[-12.568105,65.875067],[-12.649403,65.868293],[-12.680287,65.857245],[-12.692494,65.849433],[-12.702199,65.839789],[-12.709218,65.828315],[-12.713307,65.814765],[-12.710378,65.809638],[-12.700551,65.80268],[-12.463979,65.726264],[-12.317189,65.710883],[-12.257375,65.718817],[-12.236256,65.726142],[-12.190419,65.750678],[-12.15154,65.783881],[-12.13915,65.80213],[-12.135487,65.811347],[-12.133839,65.820624],[-12.134389,65.829779],[-12.137318,65.838813],[-12.141591,65.843146],[-12.161244,65.851813],[-12.357533,65.88703],[-12.365834,65.88581],[-12.373647,65.882636]],[[-25.99297,63.844428],[-25.97997,63.857428],[-25.973439,63.874091],[-25.974721,63.894477],[-25.985341,63.918769],[-25.993092,63.929938],[-26.00182,63.939215],[-26.011403,63.946479],[-26.021657,63.951972],[-26.043752,63.958075],[-26.067128,63.958441],[-26.09081,63.953803],[-26.113759,63.945014],[-26.134877,63.933051],[-26.15331,63.918769],[-26.170033,63.899482],[-26.176625,63.882209],[-26.17455,63.866889],[-26.165212,63.853766],[-26.149892,63.842963],[-26.130116,63.834601],[-26.082387,63.825873],[-26.032948,63.828803],[-26.011098,63.834906],[-25.99297,63.844428]],[[-25.710256,63.85224],[-25.673268,63.846747],[-25.656361,63.847602],[-25.640797,63.85163],[-25.553334,63.894843],[-25.433705,63.907111],[-25.410634,63.912909],[-25.401296,63.917548],[-25.393666,63.92359],[-25.388051,63.93122],[-25.384694,63.940924],[-25.383656,63.952643],[-25.385304,63.966803],[-25.390187,63.98548],[-25.396596,64.00019],[-25.404286,64.011298],[-25.413197,64.01911],[-25.423329,64.023993],[-25.434438,64.026374],[-25.45934,64.02497],[-25.671437,63.976935],[-25.697316,63.966803],[-25.711171,63.959052],[-25.733815,63.941657],[-25.749196,63.922858],[-25.753957,63.913275],[-25.756703,63.903754],[-25.757253,63.894477],[-25.755544,63.885627],[-25.751515,63.877265],[-25.744985,63.869574],[-25.736073,63.862738],[-25.724477,63.856879],[-25.710256,63.85224]],[[-24.788442,64.260993],[-24.804189,64.263617],[-24.824635,64.263129],[-24.899037,64.250128],[-24.929311,64.23078],[-24.994618,64.211371],[-25.001332,64.206794],[-25.036794,64.170661],[-25.057485,64.141852],[-25.064931,64.119818],[-25.061025,64.10401],[-25.047597,64.09394],[-25.026112,64.088996],[-24.966542,64.092597],[-24.896291,64.110358],[-24.829396,64.13819],[-24.779714,64.171759],[-24.765736,64.189399],[-24.761281,64.206794],[-24.763783,64.228034],[-24.768727,64.243781],[-24.772328,64.249762],[-24.776784,64.254584],[-24.782155,64.258307],[-24.788442,64.260993]],[[-36.066884,64.251899],[-35.972768,64.269477],[-35.936147,64.284003],[-35.909779,64.302314],[-35.895985,64.32453],[-35.897328,64.350775],[-35.904714,64.360846],[-35.919057,64.369757],[-35.939443,64.377509],[-36.062489,64.397528],[-36.207509,64.399115],[-36.315236,64.382025],[-36.329335,64.374762],[-36.35851,64.347663],[-36.369008,64.323615],[-36.363149,64.302863],[-36.343312,64.285285],[-36.312001,64.271064],[-36.271474,64.260199],[-36.172963,64.248908],[-36.066884,64.251899]],[[-26.204213,64.3805],[-26.176747,64.37519],[-26.117421,64.37873],[-26.06664,64.39411],[-26.03185,64.415229],[-26.013112,64.431708],[-26.000661,64.448004],[-25.993947,64.463752],[-25.992421,64.478705],[-25.995717,64.492682],[-26.003102,64.505439],[-26.014333,64.516547],[-26.028737,64.525946],[-26.045888,64.53321],[-26.065175,64.538153],[-26.108449,64.539984],[-26.15453,64.529425],[-26.235341,64.489875],[-26.245839,64.481086],[-26.249745,64.475836],[-26.252553,64.469855],[-26.254323,64.462897],[-26.255055,64.45484],[-26.254445,64.445563],[-26.249318,64.422797],[-26.244069,64.410468],[-26.236684,64.400214],[-26.227406,64.391852],[-26.216481,64.385321],[-26.204213,64.3805]],[[-40.887441,62.591681],[-40.866322,62.566169],[-40.841176,62.543647],[-40.782704,62.508246],[-40.719533,62.487128],[-40.659169,62.482001],[-40.632497,62.48609],[-40.609303,62.494757],[-40.590566,62.508246],[-40.57726,62.526801],[-40.579213,62.524482],[-40.581838,62.523322],[-40.585194,62.5232],[-40.589101,62.523993],[-40.59789,62.527594],[-40.622121,62.54505],[-40.625722,62.549201],[-40.626088,62.55036],[-40.625295,62.550788],[-40.628407,62.550605],[-40.631581,62.549872],[-40.638295,62.54682],[-40.664296,62.528876],[-40.669301,62.526618],[-40.671437,62.526374],[-40.673329,62.526801],[-40.672963,62.527045],[-40.736195,62.615607],[-40.74352,62.636603],[-40.746266,62.662787],[-40.744069,62.688056],[-40.738088,62.706061],[-40.716237,62.736945],[-40.714467,62.741461],[-40.713796,62.746405],[-40.71465,62.752082],[-40.71703,62.758857],[-40.721303,62.766791],[-40.727712,62.775214],[-40.735097,62.781562],[-40.743337,62.786078],[-40.752187,62.788886],[-40.761464,62.790229],[-40.780751,62.789313],[-40.79955,62.784857],[-40.890309,62.74726],[-40.899037,62.741706],[-40.906239,62.734442],[-40.909108,62.729926],[-40.913319,62.718817],[-40.917531,62.683661],[-40.913991,62.650641],[-40.903676,62.619879],[-40.887441,62.591681]],[[-6.767323,62.742682],[-6.778554,62.740851],[-6.788808,62.737555],[-6.82256,62.720832],[-6.829823,62.71894],[-7.082143,62.74195],[-7.189443,62.70185],[-7.235951,62.692511],[-7.535146,62.693549],[-7.545827,62.689215],[-7.55547,62.682868],[-7.588796,62.653205],[-7.597096,62.648322],[-7.608266,62.64527],[-7.700551,62.651068],[-7.714711,62.648932],[-7.75536,62.629584],[-7.833547,62.574469],[-7.95818,62.527167],[-7.970021,62.526557],[-7.986806,62.528388],[-8.061086,62.551642],[-8.074696,62.552008],[-8.087148,62.549079],[-8.097463,62.544501],[-8.148305,62.505561],[-8.555898,62.285041],[-8.604115,62.232001],[-8.620351,62.203559],[-8.630299,62.173896],[-8.633351,62.142768],[-8.631337,62.124518],[-8.626149,62.107306],[-8.618459,62.090949],[-8.596791,62.060736],[-8.486928,61.960883],[-8.46996,61.938178],[-8.465321,61.926825],[-8.463368,61.915595],[-8.463918,61.906256],[-8.466359,61.898505],[-8.47057,61.892096],[-8.475881,61.886603],[-8.500356,61.868781],[-8.505116,61.863837],[-8.508473,61.8581],[-8.51006,61.851203],[-8.509328,61.842963],[-8.50591,61.833014],[-8.489369,61.80683],[-8.298024,61.687567],[-8.297353,61.686774],[-7.985341,61.662787],[-7.977651,61.665717],[-7.969594,61.670356],[-7.952565,61.683905],[-7.865346,61.782782],[-7.793813,61.806586],[-7.793385,61.80683],[-7.780751,61.804084],[-7.746022,61.786017],[-7.508656,61.573188],[-7.50536,61.566779],[-7.504689,61.557929],[-7.508168,61.538764],[-7.554616,61.441901],[-7.555898,61.434638],[-7.555592,61.428229],[-7.553334,61.422797],[-7.548329,61.417243],[-7.540883,61.411505],[-7.179799,61.247199],[-6.985341,61.117011],[-6.952382,61.07923],[-6.929372,61.038764],[-6.918202,61.002082],[-6.910146,60.786872],[-6.908193,60.779303],[-6.905385,60.774787],[-6.894399,60.766791],[-6.883717,60.761176],[-6.87328,60.757941],[-6.863271,60.756598],[-6.853444,60.757025],[-6.843922,60.758918],[-6.825673,60.765998],[-6.776357,60.794257],[-6.761342,60.798835],[-6.545339,60.798835],[-6.525685,60.793219],[-6.403676,60.711127],[-6.37737,60.702826],[-6.365346,60.70185],[-6.353139,60.703559],[-6.295583,60.721747],[-6.257375,60.726813],[-6.136281,60.714301],[-6.129628,60.715644],[-6.124928,60.718878],[-6.122121,60.724433],[-6.121327,60.732489],[-6.156911,60.909552],[-6.161366,60.91883],[-6.170155,60.930121],[-6.189504,60.948798],[-6.210317,60.96308],[-6.287892,60.999274],[-6.300649,61.00904],[-6.305348,61.014838],[-6.307607,61.018866],[-6.310414,61.028022],[-6.314748,61.081549],[-6.324818,61.122626],[-6.346425,61.167914],[-6.402638,61.247382],[-6.422536,61.290778],[-6.431752,61.358771],[-6.429311,61.409491],[-6.419118,61.455329],[-6.401906,61.496711],[-6.378774,61.534186],[-6.350575,61.568061],[-6.123982,61.723426],[-5.897389,61.878791],[-5.889943,61.88935],[-5.879079,61.910529],[-5.857289,61.988837],[-5.848378,62.004401],[-5.842214,62.011237],[-5.834645,62.017401],[-5.825368,62.022773],[-5.463368,62.035102],[-5.425404,62.028388],[-5.417348,62.022773],[-5.415089,62.015815],[-5.416066,62.008307],[-5.420033,62.000434],[-5.426381,61.992072],[-5.44518,61.974799],[-5.683217,61.829291],[-5.697377,61.815131],[-5.702016,61.807685],[-5.705068,61.799811],[-5.706288,61.791571],[-5.705373,61.782782],[-5.697377,61.759894],[-5.694081,61.755255],[-5.690419,61.751776],[-5.68633,61.749396],[-5.334645,61.669318],[-5.275136,61.673529],[-5.249257,61.680732],[-5.226552,61.69184],[-5.207631,61.707221],[-5.192738,61.72724],[-5.182485,61.752326],[-5.177358,61.782782],[-5.177358,61.805793],[-5.180531,61.826972],[-5.18633,61.846442],[-5.203725,61.88111],[-5.261464,61.961982],[-5.265981,61.973822],[-5.26769,61.985663],[-5.265797,61.997626],[-5.259877,62.010016],[-5.249318,62.022773],[-5.232045,62.036139],[-5.213368,62.043463],[-5.193471,62.045478],[-5.172597,62.042792],[-5.150746,62.036261],[-4.931081,61.906867],[-4.833119,61.896735],[-4.773,61.901679],[-4.746571,61.909491],[-4.723561,61.922003],[-4.704823,61.939704],[-4.697377,61.950812],[-4.688954,61.969794],[-4.685109,61.988715],[-4.685414,62.007636],[-4.689259,62.02619],[-4.7058,62.062201],[-4.731068,62.096015],[-4.913381,62.262763],[-4.920949,62.266242],[-4.93932,62.271552],[-5.054067,62.285102],[-5.057362,62.286811],[-5.068471,62.29682],[-5.086903,62.320075],[-5.14977,62.451606],[-5.166921,62.471076],[-5.189565,62.485663],[-5.246449,62.504523],[-5.689198,62.553412],[-5.815663,62.620551],[-5.830922,62.623297],[-5.836232,62.62287],[-5.841298,62.621588],[-5.882741,62.600348],[-5.896291,62.597235],[-5.912282,62.597235],[-5.930409,62.601264],[-6.056081,62.668036],[-6.074452,62.672675],[-6.223134,62.669196],[-6.241078,62.672919],[-6.333424,62.735236],[-6.346974,62.7414],[-6.353322,62.742804],[-6.3709,62.742499],[-6.387807,62.737921],[-6.476186,62.697028],[-6.497365,62.69477],[-6.500295,62.695197],[-6.585439,62.740546],[-6.637441,62.750067],[-6.760854,62.743048],[-6.761342,62.742804],[-6.767323,62.742682]],[[-6.221791,61.368293],[-6.215016,61.367194],[-6.207692,61.367377],[-6.19225,61.370612],[-6.176625,61.376654],[-6.13738,61.398749],[-6.017323,61.422797],[-5.949513,61.465399],[-5.879933,61.491095],[-5.841054,61.496894],[-5.713063,61.474616],[-5.705373,61.470771],[-5.694203,61.460822],[-5.67571,61.435675],[-5.631459,61.346198],[-5.612965,61.321906],[-5.601735,61.312567],[-5.588857,61.305609],[-5.573964,61.301459],[-5.556935,61.30036],[-5.537343,61.302802],[-5.526235,61.306464],[-5.516347,61.312506],[-5.507741,61.320502],[-5.500295,61.330085],[-5.494069,61.341254],[-5.484731,61.3664],[-5.478078,61.420478],[-5.480275,61.444709],[-5.485646,61.463935],[-5.489369,61.470771],[-5.51653,61.501654],[-5.546498,61.521735],[-5.579579,61.533637],[-5.801381,61.566779],[-5.815541,61.572638],[-5.888661,61.633734],[-5.897389,61.6388],[-5.961903,61.655951],[-6.016225,61.657294],[-6.146657,61.625922],[-6.154286,61.621527],[-6.161366,61.614814],[-6.174306,61.594123],[-6.202443,61.526252],[-6.236195,61.38819],[-6.235585,61.379706],[-6.233327,61.374823],[-6.228017,61.370795],[-6.221791,61.368293]],[[-5.450551,61.301581],[-5.452016,61.282294],[-5.446889,61.268683],[-5.43633,61.260138],[-5.421254,61.256293],[-5.402821,61.25672],[-5.382069,61.260993],[-5.338246,61.27912],[-5.29839,61.307379],[-5.282643,61.324103],[-5.27123,61.342047],[-5.265187,61.360785],[-5.265492,61.379889],[-5.273305,61.398749],[-5.279164,61.405585],[-5.286244,61.410651],[-5.294484,61.41413],[-5.303639,61.416205],[-5.323537,61.416693],[-5.344106,61.413886],[-5.3933,61.398749],[-5.39446,61.397406],[-5.395192,61.395575],[-5.395619,61.393134],[-5.392079,61.357733],[-5.392506,61.352607],[-5.3933,61.350775],[-5.394948,61.348883],[-5.397145,61.347174],[-5.402943,61.344245],[-5.432179,61.33454],[-5.437795,61.331122],[-5.439809,61.329108],[-5.441335,61.326789],[-5.450551,61.301581]],[[-8.609364,60.7508],[-8.535024,60.787299],[-8.321339,60.822821],[-8.225331,60.870795],[-8.105336,60.894782],[-8.035878,60.943915],[-7.992848,60.991034],[-7.966725,61.035773],[-7.961598,61.054694],[-7.961354,61.062812],[-7.965993,61.084967],[-7.976125,61.105536],[-7.9912,61.124518],[-8.033559,61.158026],[-8.087758,61.185858],[-8.324086,61.250922],[-8.486562,61.267401],[-8.940724,61.160834],[-8.99767,61.127143],[-9.111562,61.03144],[-9.169423,60.996527],[-9.195058,60.988715],[-9.205251,60.988166],[-9.351918,61.018012],[-9.37737,61.014838],[-9.412099,61.000922],[-9.442006,60.979499],[-9.46703,60.952948],[-9.502675,60.893378],[-9.519704,60.840705],[-9.521352,60.822821],[-9.516347,60.798102],[-9.503957,60.773383],[-9.460683,60.72425],[-9.398427,60.676764],[-8.980702,60.489936],[-8.956654,60.486151],[-8.945363,60.486762],[-8.934865,60.489508],[-8.924306,60.49433],[-8.902943,60.509467],[-8.72936,60.678778],[-8.721364,60.683417],[-8.657338,60.702826],[-8.609364,60.7508]],[[-10.356313,60.443732],[-10.217336,60.51081],[-10.196889,60.514716],[-10.011769,60.507025],[-10.004933,60.508368],[-10.001332,60.51081],[-9.994069,60.529853],[-9.994435,60.550605],[-10.001332,60.572699],[-10.013966,60.595771],[-10.052419,60.64289],[-10.102345,60.688971],[-10.26537,60.798835],[-10.273122,60.800177],[-10.288625,60.800238],[-10.317922,60.793097],[-10.358815,60.775153],[-10.373158,60.773078],[-10.384206,60.768378],[-10.442494,60.730902],[-10.457387,60.726813],[-10.465688,60.726386],[-10.59496,60.761115],[-10.620046,60.762458],[-10.631154,60.760627],[-10.640981,60.756781],[-10.649342,60.7508],[-10.657582,60.741095],[-10.662892,60.731024],[-10.665517,60.72071],[-10.665639,60.710028],[-10.663686,60.699286],[-10.659779,60.6883],[-10.64745,60.666205],[-10.499318,60.489875],[-10.45696,60.456427],[-10.433949,60.445319],[-10.409352,60.438788],[-10.383534,60.438422],[-10.356313,60.443732]],[[-12.485585,60.428473],[-12.671986,60.449408],[-12.754872,60.44007],[-12.787892,60.429145],[-12.8131,60.413581],[-12.828786,60.392829],[-12.833363,60.366828],[-12.827748,60.355048],[-12.813039,60.34455],[-12.761342,60.327521],[-12.5183,60.308966],[-12.383046,60.325385],[-12.364003,60.333319],[-12.353322,60.34278],[-12.350636,60.358832],[-12.360097,60.374579],[-12.379933,60.389838],[-12.408559,60.40412],[-12.485585,60.428473]],[[-42.038136,60.438727],[-42.017323,60.462775],[-41.980336,60.529608],[-41.975819,60.546149],[-41.975148,60.560004],[-41.978017,60.571357],[-41.984486,60.580512],[-41.994374,60.587409],[-42.007558,60.592353],[-42.043691,60.596686],[-42.151479,60.587775],[-42.304433,60.548896],[-42.369618,60.514838],[-42.391347,60.495002],[-42.398061,60.484565],[-42.401479,60.473822],[-42.401296,60.462775],[-42.40038,60.463813],[-42.397206,60.46369],[-42.14745,60.411811],[-42.090016,60.415168],[-42.068959,60.420905],[-42.05193,60.4289],[-42.038136,60.438727]],[[-41.819692,60.751044],[-41.813527,60.769294],[-41.806874,60.853461],[-41.801259,60.870795],[-41.786061,60.893683],[-41.719167,60.947455],[-41.715077,60.953009],[-41.71288,60.959052],[-41.71288,60.965644],[-41.715443,60.972968],[-41.720815,60.981269],[-41.729298,60.99079],[-41.734364,60.994452],[-41.740468,60.996711],[-41.747365,60.997626],[-41.762868,60.995978],[-41.779347,60.991156],[-41.825002,60.967414],[-41.825307,60.966803],[-41.993276,60.966803],[-42.053944,60.947699],[-42.071401,60.936408],[-42.081288,60.924201],[-42.084584,60.911261],[-42.082021,60.897711],[-42.074452,60.883857],[-42.062856,60.869818],[-41.867909,60.730597],[-41.858083,60.726752],[-41.853444,60.726203],[-41.849294,60.726813],[-41.839223,60.730902],[-41.831044,60.736457],[-41.824635,60.74317],[-41.819692,60.751044]],[[-41.594411,61.215888],[-41.56133,61.278815],[-41.530995,61.311286],[-41.441335,61.374823],[-41.306569,61.514106],[-41.294057,61.539313],[-41.291798,61.550116],[-41.292714,61.559333],[-41.297292,61.566779],[-41.300343,61.569037],[-41.303761,61.570075],[-41.307423,61.570075],[-41.311391,61.569281],[-41.315419,61.567816],[-41.323659,61.563178],[-41.338063,61.551337],[-41.345265,61.543219],[-41.345265,61.542792],[-41.394276,61.535163],[-41.469167,61.507209],[-41.492604,61.491767],[-41.495351,61.488349],[-41.497426,61.484442],[-41.500478,61.475653],[-41.507008,61.435553],[-41.510671,61.426703],[-41.513295,61.422797],[-41.514699,61.421576],[-41.516713,61.420722],[-41.522206,61.420356],[-41.557118,61.424201],[-41.559438,61.423712],[-41.56133,61.422797],[-41.564259,61.420295],[-41.566457,61.417609],[-41.567983,61.414618],[-41.569631,61.408454],[-41.571828,61.388739],[-41.57311,61.385627],[-41.575002,61.382636],[-41.577504,61.379828],[-41.580922,61.377204],[-41.585317,61.374823],[-41.589467,61.373664],[-41.595143,61.372992],[-41.698415,61.378669],[-41.702748,61.377143],[-41.705312,61.374823],[-41.712575,61.359015],[-41.715993,61.343329],[-41.716115,61.327948],[-41.713368,61.312934],[-41.708058,61.298407],[-41.691762,61.27143],[-41.648305,61.228705],[-41.613454,61.207709],[-41.609303,61.206794],[-41.605336,61.207465],[-41.601491,61.209235],[-41.59789,61.212104],[-41.594411,61.215888]],[[-40.86974,62.114569],[-40.87328,62.115607],[-40.877431,62.115424],[-40.882008,62.114325],[-40.901112,62.104254],[-40.912831,62.095343],[-40.913319,62.094794],[-40.94518,62.093695],[-41.026601,62.075385],[-41.105946,62.041205],[-41.135182,62.020331],[-41.145497,62.009223],[-41.152211,61.99787],[-41.155019,61.986335],[-41.15331,61.974799],[-41.150624,61.969428],[-41.146718,61.964362],[-41.14153,61.959845],[-41.128285,61.952216],[-41.111195,61.946662],[-41.091359,61.943244],[-41.045766,61.94361],[-41.003102,61.953131],[-40.99706,61.956549],[-40.985463,61.965766],[-40.913319,62.046759],[-40.901662,62.054023],[-40.892568,62.057318],[-40.879811,62.059394],[-40.877492,62.060187],[-40.875356,62.061652],[-40.873525,62.063849],[-40.871755,62.067084],[-40.865346,62.094794],[-40.864613,62.102484],[-40.865224,62.108283],[-40.866994,62.11225],[-40.86974,62.114569]],[[-62.080312,64.173957],[-62.129262,64.182807],[-62.151967,64.182379],[-62.256459,64.155951],[-62.276784,64.155097],[-62.297292,64.15882],[-62.299123,64.16059],[-62.30071,64.164496],[-62.315358,64.270941],[-62.318044,64.275824],[-62.321278,64.278754],[-62.32726,64.281317],[-62.333241,64.282599],[-62.339345,64.282782],[-62.352284,64.280402],[-62.401845,64.262885],[-62.45049,64.254889],[-62.498097,64.259101],[-62.60674,64.288764],[-63.023915,64.319342],[-63.101979,64.308051],[-63.113271,64.302802],[-63.138051,64.285102],[-63.15508,64.26734],[-63.165089,64.249701],[-63.168874,64.232123],[-63.167104,64.214484],[-63.160573,64.196845],[-63.135915,64.161444],[-62.901967,63.912421],[-62.87328,63.894843],[-62.841664,63.886298],[-62.678883,63.886176],[-62.653493,63.881476],[-62.642629,63.87696],[-62.633229,63.870795],[-62.625783,63.863166],[-62.619923,63.854193],[-62.612477,63.833441],[-62.609547,63.810431],[-62.612355,63.7331],[-62.611318,63.728949],[-62.609242,63.726813],[-62.602773,63.724921],[-62.59612,63.724799],[-62.589223,63.726081],[-62.582021,63.728522],[-62.512196,63.766181],[-62.48998,63.772773],[-62.46526,63.774787],[-62.447621,63.771796],[-62.345448,63.718451],[-62.297292,63.702765],[-61.913258,63.726813],[-61.905019,63.740851],[-61.900502,63.753974],[-61.899281,63.766425],[-61.900868,63.778266],[-61.904775,63.789984],[-61.971974,63.901313],[-61.983022,63.942755],[-61.984853,63.980048],[-61.982594,63.991523],[-61.979054,64.00141],[-61.974416,64.010016],[-61.943471,64.049567],[-61.94109,64.056708],[-61.940358,64.064704],[-61.94164,64.073859],[-61.945302,64.084418],[-61.961293,64.110785],[-61.972401,64.122504],[-61.988332,64.134345],[-62.030751,64.156562],[-62.080312,64.173957]],[[-57.788747,68.157538],[-57.837514,68.163336],[-57.885854,68.161322],[-57.931752,68.151068],[-57.964955,68.137152],[-57.984731,68.12519],[-58.000356,68.112311],[-58.012746,68.098456],[-58.057118,68.008002],[-58.095693,67.95484],[-58.117116,67.864264],[-58.11913,67.812751],[-58.112782,67.766669],[-58.098988,67.726447],[-58.078359,67.692633],[-58.051503,67.665595],[-58.019215,67.645819],[-57.980458,67.633857],[-57.959218,67.632209],[-57.915761,67.637397],[-57.830983,67.67182],[-57.713307,67.758795],[-57.690724,67.775458],[-57.529775,67.844672],[-57.524159,67.849677],[-57.52123,67.854804],[-57.521047,67.860724],[-57.629201,68.065253],[-57.659901,68.097846],[-57.698048,68.124457],[-57.741628,68.144477],[-57.788747,68.157538]],[[-58.679128,68.363593],[-58.649281,68.382819],[-58.621144,68.410773],[-58.600087,68.441413],[-58.585256,68.474066],[-58.571278,68.543097],[-58.572743,68.613044],[-58.589345,68.689765],[-58.608815,68.725287],[-58.634206,68.75495],[-58.811513,68.877753],[-58.850087,68.918341],[-58.859425,68.924872],[-58.871877,68.930243],[-58.910146,68.937567],[-58.946462,68.934455],[-59.123708,68.893378],[-59.228017,68.852423],[-59.311513,68.790351],[-59.344167,68.751532],[-59.356313,68.728278],[-59.364735,68.701606],[-59.369313,68.670783],[-59.297292,68.478827],[-59.28008,68.462104],[-59.255299,68.444953],[-59.186635,68.410712],[-59.000295,68.354315],[-58.800526,68.336066],[-58.714955,68.349616],[-58.679128,68.363593]],[[-61.662831,73.077216],[-61.664662,73.088874],[-61.668568,73.099982],[-61.68102,73.12049],[-61.742299,73.17829],[-61.74529,73.182746],[-61.752919,73.205024],[-61.755238,73.227362],[-61.753041,73.249762],[-61.737904,73.294623],[-61.660878,73.429755],[-61.644521,73.474982],[-61.641408,73.497565],[-61.642751,73.520209],[-61.649281,73.542792],[-61.66161,73.566474],[-61.677419,73.586371],[-61.696584,73.602729],[-61.718861,73.61579],[-61.772206,73.633185],[-61.836415,73.640815],[-62.09084,73.627814],[-62.345265,73.614814],[-62.359303,73.610846],[-62.487904,73.550727],[-62.541127,73.537177],[-62.706105,73.525092],[-62.77123,73.501899],[-62.860402,73.454108],[-62.936025,73.391364],[-62.960805,73.35578],[-62.968739,73.337165],[-62.973012,73.318061],[-62.973317,73.29859],[-62.969289,73.278754],[-62.964345,73.267218],[-62.957509,73.25727],[-62.948964,73.248664],[-62.928029,73.235236],[-62.903493,73.225836],[-62.808644,73.208686],[-62.461964,73.091376],[-62.214711,73.065924],[-62.005177,72.984381],[-61.930592,72.967353],[-61.899831,72.967719],[-61.676381,73.036078],[-61.673268,73.038764],[-61.666798,73.052191],[-61.663442,73.065009],[-61.662831,73.077216]],[[-58.959584,73.47071],[-58.960133,73.47071],[-58.960256,73.470771],[-58.961232,73.470771],[-58.95934,73.470649],[-58.958974,73.470526],[-58.958363,73.470526],[-58.95873,73.470649],[-58.959218,73.470649],[-58.959584,73.47071],[-58.704945,73.490729],[-58.697316,73.494757],[-58.686696,73.506293],[-58.681081,73.52027],[-58.679433,73.5362],[-58.707509,73.668769],[-58.706532,73.685614],[-58.701589,73.70069],[-58.691884,73.713568],[-58.676503,73.723822],[-58.654652,73.731024],[-58.625295,73.734809],[-58.610097,73.734137],[-58.59612,73.73078],[-58.58318,73.725104],[-58.571278,73.717536],[-58.495229,73.641486],[-58.486318,73.636603],[-58.47704,73.634284],[-58.467458,73.634833],[-58.457265,73.638739],[-58.444692,73.646613],[-58.436818,73.653693],[-58.432973,73.660407],[-58.432362,73.666938],[-58.43456,73.673529],[-58.457814,73.706549],[-58.46935,73.73078],[-58.47289,73.745673],[-58.474049,73.762885],[-58.472279,73.78266],[-58.466908,73.805182],[-58.450978,73.842475],[-58.443288,73.852545],[-58.424672,73.868598],[-58.338673,73.904608],[-58.323048,73.91413],[-58.317311,73.919928],[-58.313283,73.926764],[-58.3084,73.940436],[-58.306264,73.952094],[-58.306386,73.962104],[-58.308522,73.970649],[-58.312306,73.978095],[-58.317311,73.984687],[-58.343251,74.008734],[-58.354787,74.023627],[-58.359059,74.032721],[-58.361806,74.043524],[-58.362599,74.056037],[-58.361318,74.070746],[-58.361073,74.068976],[-58.35967,74.068305],[-58.357411,74.068549],[-58.313405,74.094794],[-58.313283,74.094733],[-58.309865,74.099372],[-58.269093,74.203192],[-58.267995,74.225531],[-58.271901,74.243109],[-58.280263,74.256598],[-58.292226,74.266364],[-58.307118,74.272834],[-58.324208,74.276557],[-58.342885,74.277961],[-58.469472,74.260443],[-58.479909,74.256659],[-58.48882,74.251654],[-58.496388,74.245551],[-58.502797,74.238593],[-58.536305,74.178107],[-58.541127,74.17298],[-58.546681,74.169135],[-58.553273,74.166754],[-58.563771,74.16529],[-58.573659,74.165717],[-58.582936,74.16767],[-58.591725,74.171088],[-58.675893,74.232306],[-58.697316,74.238776],[-58.936086,74.214179],[-58.937306,74.214728],[-58.944447,74.209418],[-58.9511,74.202948],[-58.962575,74.186713],[-58.978871,74.146552],[-58.98644,74.104438],[-58.985341,74.070746],[-58.981801,74.060248],[-58.979726,74.056952],[-58.977345,74.054694],[-58.974721,74.05329],[-58.971913,74.05268],[-58.951894,74.0539],[-58.948232,74.05329],[-58.944569,74.052069],[-58.940968,74.049872],[-58.937306,74.046759],[-58.935292,74.044196],[-58.931569,74.036933],[-58.914662,73.977423],[-58.908925,73.968512],[-58.879018,73.937384],[-58.87206,73.927314],[-58.869985,73.921942],[-58.869069,73.916205],[-58.869618,73.90998],[-58.871693,73.903266],[-58.8756,73.895819],[-58.889272,73.87873],[-58.894704,73.874518],[-58.900868,73.872016],[-58.907948,73.871039],[-58.9157,73.871283],[-59.001698,73.896186],[-59.057301,73.902777],[-59.062062,73.902167],[-59.072499,73.898078],[-59.134633,73.859198],[-59.147206,73.855292],[-59.15331,73.854804],[-59.157887,73.85517],[-59.162282,73.856391],[-59.170644,73.860541],[-59.195302,73.877448],[-59.204274,73.881049],[-59.209096,73.881903],[-59.214223,73.881903],[-59.219533,73.880927],[-59.22527,73.87873],[-59.29363,73.835456],[-59.344655,73.78205],[-59.362843,73.750678],[-59.373219,73.716864],[-59.374806,73.699164],[-59.373586,73.681159],[-59.369313,73.662726],[-59.365468,73.65351],[-59.360646,73.646613],[-59.354787,73.641791],[-59.34789,73.638495],[-59.340016,73.636603],[-59.269399,73.630316],[-59.23644,73.621161],[-59.198293,73.603705],[-59.170461,73.5857],[-59.158681,73.573676],[-59.118398,73.506476],[-59.109975,73.497809],[-59.105275,73.494757],[-58.959584,73.47071]],[[-58.466176,73.474189],[-58.456654,73.465155],[-58.444569,73.457221],[-58.413991,73.44599],[-58.37737,73.441962],[-58.33727,73.446784],[-58.31371,73.454169],[-58.296071,73.463263],[-58.283864,73.473761],[-58.276601,73.485114],[-58.273854,73.497199],[-58.275197,73.509467],[-58.28008,73.521735],[-58.288136,73.533454],[-58.298818,73.544379],[-58.311696,73.554084],[-58.342275,73.568427],[-58.358998,73.572333],[-58.375966,73.573615],[-58.392934,73.571906],[-58.409291,73.566718],[-58.45049,73.543097],[-58.46349,73.530951],[-58.471913,73.518744],[-58.476064,73.506842],[-58.476247,73.495246],[-58.472829,73.48432],[-58.466176,73.474189]],[[-62.958058,74.754645],[-62.935475,74.784308],[-62.921254,74.814765],[-62.921803,74.81623],[-62.981801,74.877997],[-62.990102,74.894232],[-62.992421,74.902533],[-62.993276,74.910773],[-62.919667,75.013983],[-62.849233,75.054755],[-62.847157,75.056952],[-62.843129,75.065192],[-62.818471,75.201422],[-62.819203,75.211249],[-62.821706,75.218268],[-62.826039,75.222968],[-62.832265,75.225836],[-62.939015,75.234076],[-63.04363,75.263922],[-63.157338,75.328925],[-63.233266,75.34278],[-63.250234,75.342353],[-63.256764,75.340644],[-63.262441,75.338263],[-63.291188,75.314154],[-63.305287,75.305732],[-63.325307,75.298957],[-63.353261,75.294745],[-63.368153,75.2956],[-63.456593,75.321723],[-63.476613,75.322455],[-63.497243,75.318793],[-63.514699,75.310614],[-63.60613,75.226447],[-63.611867,75.223761],[-63.617299,75.222724],[-63.631459,75.223273],[-63.642751,75.225531],[-63.651662,75.229132],[-63.658498,75.234015],[-63.663747,75.239936],[-63.667531,75.246649],[-63.683217,75.294379],[-63.687978,75.301703],[-63.694325,75.308356],[-63.702626,75.314093],[-63.713246,75.318793],[-63.716054,75.319037],[-63.833302,75.294745],[-64.121266,75.34278],[-64.127858,75.351874],[-64.132069,75.361945],[-64.134389,75.372748],[-64.13506,75.384162],[-64.124379,75.478583],[-64.126332,75.488227],[-64.130299,75.496955],[-64.136464,75.504523],[-64.145253,75.510749],[-64.155141,75.514777],[-64.164967,75.516425],[-64.174794,75.515937],[-64.184621,75.513678],[-64.266896,75.469428],[-64.289479,75.462714],[-64.301198,75.461737],[-64.313283,75.462714],[-64.322743,75.465644],[-64.332509,75.47071],[-64.352101,75.486274],[-64.443349,75.595526],[-64.457265,75.606757],[-64.486928,75.620063],[-64.513905,75.626227],[-64.539113,75.627021],[-64.673268,75.606757],[-64.889272,75.630805],[-64.998769,75.608527],[-65.033254,75.606757],[-65.235585,75.629767],[-65.489247,75.606757],[-65.681264,75.534735],[-65.856984,75.551337],[-65.871022,75.548407],[-65.882802,75.542914],[-65.891713,75.53443],[-65.897389,75.522528],[-65.899403,75.506781],[-65.897267,75.486823],[-65.892201,75.475287],[-65.881947,75.464667],[-65.867116,75.454962],[-65.826283,75.4383],[-65.716847,75.416083],[-65.602651,75.409369],[-65.531361,75.416327],[-65.522145,75.420417],[-65.515431,75.425971],[-65.498769,75.453498],[-65.49297,75.459906],[-65.469899,75.473944],[-65.452931,75.479743],[-65.438283,75.480536],[-65.425404,75.477057],[-65.414113,75.469916],[-65.403981,75.459662],[-65.350209,75.366706],[-65.327138,75.33808],[-65.313222,75.327033],[-65.297231,75.318793],[-65.275929,75.3133],[-65.253835,75.312323],[-64.87206,75.369696],[-64.81725,75.366706],[-64.793935,75.358161],[-64.773122,75.345404],[-64.705373,75.28498],[-64.689565,75.275214],[-64.681508,75.272284],[-64.673268,75.270819],[-64.659535,75.271186],[-64.629933,75.279364],[-64.53893,75.32392],[-64.514089,75.331488],[-64.503651,75.33161],[-64.494985,75.328498],[-64.488149,75.321662],[-64.483571,75.310553],[-64.481068,75.285468],[-64.482655,75.27204],[-64.484364,75.267524],[-64.486562,75.264228],[-64.489247,75.261786],[-64.49236,75.260199],[-64.516286,75.255439],[-64.520619,75.253485],[-64.525014,75.250678],[-64.529286,75.246772],[-64.548818,75.222357],[-64.558095,75.202338],[-64.558522,75.186286],[-64.551015,75.173712],[-64.536855,75.164252],[-64.51714,75.157538],[-64.265248,75.150763],[-64.243825,75.140937],[-64.11974,75.020392],[-64.097279,75.00672],[-64.074208,74.999152],[-63.84789,74.968817],[-63.791371,74.951483],[-63.70287,74.890998],[-63.689259,74.886725],[-63.552052,74.87757],[-63.449269,74.886725],[-63.436147,74.893866],[-63.42516,74.902961],[-63.416188,74.913642],[-63.408681,74.925727],[-63.375478,75.007819],[-63.360036,75.030951],[-63.349904,75.040229],[-63.337636,75.047431],[-63.322865,75.052436],[-63.305287,75.054755],[-63.299672,75.054633],[-63.294789,75.053656],[-63.290517,75.052069],[-63.286794,75.04975],[-63.280629,75.043708],[-63.262868,75.01258],[-63.257253,75.00672],[-63.133107,74.916449],[-63.099233,74.881049],[-63.089284,74.862738],[-63.088246,74.85871],[-63.088307,74.854377],[-63.090688,74.845038],[-63.111745,74.797431],[-63.114186,74.78266],[-63.113271,74.766791],[-63.107411,74.744086],[-63.099049,74.726752],[-63.088612,74.714179],[-63.076405,74.706],[-63.062856,74.701972],[-63.048268,74.701483],[-63.032948,74.704352],[-63.017262,74.71015],[-62.986256,74.728949],[-62.958058,74.754645]],[[-67.175404,75.250678],[-67.554921,75.327063],[-67.934438,75.403449],[-67.990834,75.392585],[-68.014027,75.38172],[-68.033254,75.366706],[-68.040822,75.357489],[-68.045522,75.348273],[-68.047597,75.339057],[-68.047231,75.32984],[-68.04485,75.320746],[-68.040639,75.311835],[-68.027943,75.294928],[-67.993337,75.265876],[-67.961232,75.246772],[-67.893544,75.220099],[-67.62621,75.187934],[-67.544423,75.158637],[-67.505299,75.150763],[-67.229665,75.150763],[-67.189748,75.162421],[-67.174123,75.170783],[-67.16161,75.180793],[-67.152455,75.192694],[-67.146962,75.206671],[-67.145253,75.222724],[-67.147389,75.230414],[-67.15331,75.237616],[-67.162709,75.24433],[-67.175404,75.250678]],[[-67.052663,75.629035],[-67.04601,75.65119],[-67.049245,75.678717],[-67.054555,75.69123],[-67.062489,75.701606],[-67.072743,75.710089],[-67.08495,75.716803],[-67.113942,75.725348],[-67.146962,75.728217],[-67.181203,75.726508],[-67.24297,75.712714],[-67.265248,75.702765],[-67.292165,75.683417],[-67.30602,75.664923],[-67.308522,75.64765],[-67.301259,75.631964],[-67.285939,75.618048],[-67.26415,75.60633],[-67.237477,75.597113],[-67.176259,75.587409],[-67.115224,75.591376],[-67.088796,75.599433],[-67.067433,75.611884],[-67.052663,75.629035]],[[-72.977223,75.726752],[-72.985219,75.743537],[-73.002309,75.757392],[-73.027211,75.768744],[-73.179555,75.792243],[-73.471059,75.778205],[-73.481252,75.774787],[-73.526662,75.741461],[-73.547963,75.71247],[-73.548329,75.687628],[-73.530507,75.666999],[-73.497548,75.650458],[-73.397817,75.629584],[-73.146352,75.635199],[-73.041615,75.660834],[-73.004872,75.679206],[-72.982411,75.701178],[-72.977223,75.726752]],[[-61.553273,75.630805],[-61.553517,75.6305],[-61.553639,75.629706],[-61.552968,75.607184],[-61.553273,75.606757],[-61.601247,75.606757],[-61.589894,75.5763],[-61.580556,75.563422],[-61.575185,75.558783],[-61.562795,75.551886],[-61.481313,75.534735],[-61.372975,75.514228],[-61.364125,75.515692],[-61.356252,75.5185],[-61.34966,75.522834],[-61.344289,75.528815],[-61.340443,75.53675],[-61.338002,75.546698],[-61.33727,75.558783],[-61.339833,75.567694],[-61.346852,75.575995],[-61.357777,75.583686],[-61.371877,75.590827],[-61.553273,75.630805]],[[-60.242482,75.540717],[-60.246938,75.516791],[-60.2459,75.489081],[-60.23882,75.459784],[-60.225026,75.430793],[-60.203969,75.404242],[-60.174977,75.382209],[-60.137257,75.366706],[-60.089284,75.462714],[-60.080495,75.465216],[-60.069997,75.465399],[-59.960866,75.439276],[-59.949208,75.439704],[-59.939137,75.44245],[-59.930959,75.448065],[-59.925038,75.456977],[-59.921742,75.469794],[-59.921254,75.486823],[-59.923512,75.497748],[-59.928395,75.506232],[-59.935658,75.512519],[-59.944936,75.516913],[-59.9558,75.519599],[-59.981313,75.520941],[-60.082387,75.509772],[-60.089284,75.510749],[-60.090077,75.511542],[-60.090566,75.513129],[-60.088063,75.555976],[-60.08849,75.557746],[-60.089284,75.558783],[-60.095265,75.561469],[-60.101796,75.563178],[-60.1162,75.564215],[-60.195912,75.555732],[-60.209279,75.558783],[-60.212026,75.560126],[-60.214101,75.561835],[-60.215688,75.563727],[-60.216786,75.565619],[-60.218984,75.572089],[-60.219472,75.572943],[-60.220082,75.573188],[-60.220998,75.572943],[-60.222279,75.571906],[-60.238454,75.550605],[-60.242482,75.540717]],[[-59.778737,75.523688],[-59.799916,75.511542],[-59.800099,75.511237],[-59.846242,75.483222],[-59.848622,75.483161],[-59.849721,75.484259],[-59.849294,75.486823],[-59.850453,75.480719],[-59.849965,75.459479],[-59.823842,75.322516],[-59.805531,75.275275],[-59.801259,75.270819],[-59.793507,75.266547],[-59.785268,75.263678],[-59.776723,75.262152],[-59.767934,75.261908],[-59.759023,75.262885],[-59.7412,75.268256],[-59.72411,75.278205],[-59.708424,75.292182],[-59.695119,75.309943],[-59.684926,75.331061],[-59.679982,75.349494],[-59.679738,75.355902],[-59.680409,75.362006],[-59.684132,75.373664],[-59.734853,75.450629],[-59.752736,75.521613],[-59.755544,75.525397],[-59.759206,75.527655],[-59.76415,75.528266],[-59.770558,75.526984],[-59.778737,75.523688]],[[-60.547536,75.350714],[-60.540822,75.422126],[-60.541676,75.432746],[-60.54308,75.436408],[-60.545277,75.438788],[-60.557973,75.445929],[-60.579762,75.453559],[-60.589345,75.454657],[-60.607167,75.452704],[-60.668813,75.435797],[-60.698903,75.434272],[-60.737294,75.438788],[-60.748097,75.442023],[-60.755971,75.446723],[-60.761769,75.452582],[-60.778615,75.480414],[-60.785268,75.486823],[-60.805776,75.498786],[-60.828053,75.505805],[-60.851735,75.508979],[-60.952504,75.508307],[-61.007436,75.516791],[-61.076222,75.538459],[-61.088979,75.540107],[-61.103505,75.53913],[-61.135487,75.532172],[-61.206105,75.530829],[-61.221425,75.527655],[-61.227956,75.52497],[-61.23351,75.521308],[-61.238026,75.516547],[-61.241322,75.510749],[-61.245534,75.490485],[-61.242543,75.470771],[-61.233083,75.451789],[-61.218007,75.433539],[-61.174306,75.399482],[-61.118214,75.369147],[-60.795735,75.259955],[-60.473256,75.150763],[-60.384084,75.144416],[-60.356923,75.148627],[-60.347157,75.15235],[-60.339955,75.157111],[-60.335011,75.162787],[-60.332204,75.169318],[-60.331349,75.176581],[-60.332509,75.184638],[-60.339894,75.202643],[-60.353261,75.222724],[-60.375478,75.245856],[-60.399403,75.261542],[-60.500295,75.300849],[-60.523732,75.317816],[-60.545277,75.34278],[-60.546742,75.346198],[-60.547536,75.350714]],[[-63.309682,75.481635],[-63.372975,75.527777],[-63.449269,75.558783],[-63.881276,75.534735],[-63.889943,75.521491],[-63.899648,75.500067],[-63.901723,75.488654],[-63.901479,75.483222],[-63.900136,75.478034],[-63.897694,75.473273],[-63.893788,75.469062],[-63.888356,75.465583],[-63.881276,75.462714],[-63.508962,75.448065],[-63.410695,75.427497],[-63.381276,75.413275],[-63.327626,75.375434],[-63.320973,75.372626],[-63.314198,75.371649],[-63.307118,75.372687],[-63.299428,75.376044],[-63.2813,75.390753],[-63.274709,75.399604],[-63.271474,75.409674],[-63.271413,75.420478],[-63.27422,75.432074],[-63.279652,75.444159],[-63.287587,75.456549],[-63.309682,75.481635]],[[-59.417287,74.862738],[-59.412282,74.862677],[-59.402211,74.86402],[-59.344594,74.88349],[-59.301198,74.887091],[-59.237721,74.878363],[-59.195729,74.866095],[-59.180714,74.863898],[-59.174245,74.864691],[-59.168446,74.867133],[-59.163014,74.871466],[-59.15807,74.877875],[-59.15331,74.886725],[-59.151967,74.89112],[-59.151479,74.896674],[-59.152943,74.910407],[-59.165456,74.944586],[-59.18987,74.979865],[-59.206288,74.99494],[-59.22527,75.00672],[-59.264272,75.01911],[-59.585317,75.00672],[-59.586781,75.007148],[-59.588124,75.008246],[-59.594716,75.020392],[-59.595937,75.021918],[-59.597218,75.022711],[-59.598683,75.022895],[-59.600331,75.022101],[-59.602162,75.02027],[-59.606618,75.012763],[-59.615956,74.986151],[-59.618276,74.967597],[-59.616628,74.950995],[-59.611501,74.936225],[-59.6032,74.923285],[-59.592152,74.911933],[-59.563405,74.893744],[-59.490224,74.871711],[-59.417287,74.862738]],[[-59.07372,74.867865],[-59.081288,74.862738],[-59.083669,74.861762],[-59.11675,74.856024],[-59.124135,74.853278],[-59.126881,74.851264],[-59.128957,74.848944],[-59.130116,74.846137],[-59.130238,74.842719],[-59.129262,74.838813],[-59.129384,74.841132],[-59.127492,74.84162],[-59.12383,74.840461],[-59.056386,74.791632],[-59.055714,74.790351],[-59.057301,74.790717],[-59.013783,74.776801],[-58.970204,74.773505],[-58.929555,74.779731],[-58.89446,74.794257],[-58.879811,74.804206],[-58.867665,74.815802],[-58.858266,74.828864],[-58.85204,74.843207],[-58.849294,74.85871],[-58.850331,74.875251],[-58.85558,74.892646],[-58.865285,74.910773],[-58.870046,74.917121],[-58.87505,74.921881],[-58.880299,74.925299],[-58.885793,74.927375],[-58.891835,74.928412],[-58.898305,74.928534],[-59.009267,74.910773],[-59.0631,74.905158],[-59.068044,74.903083],[-59.070729,74.900824],[-59.071462,74.898261],[-59.070912,74.895453],[-59.066579,74.88526],[-59.065907,74.881293],[-59.066579,74.877143],[-59.06902,74.872626],[-59.07372,74.867865]],[[-72.809682,76.96308],[-72.857228,76.974738],[-72.898061,76.974433],[-73.025258,76.950812],[-73.217214,76.950812],[-73.361195,76.902777],[-73.364308,76.902838],[-73.431447,76.922736],[-73.470815,76.927191],[-73.506764,76.923651],[-73.547597,76.912177],[-73.5631,76.904059],[-73.575246,76.894599],[-73.584218,76.884101],[-73.590016,76.872626],[-73.592641,76.860419],[-73.592152,76.847602],[-73.588673,76.83454],[-73.582021,76.821234],[-73.559987,76.794867],[-73.526357,76.770087],[-73.480824,76.748481],[-73.426137,76.732978],[-73.089833,76.692939],[-72.914662,76.621161],[-72.86266,76.61341],[-72.426564,76.642707],[-72.386281,76.655524],[-72.377248,76.662787],[-72.369862,76.67768],[-72.367238,76.69184],[-72.368764,76.705146],[-72.373891,76.717658],[-72.382192,76.729315],[-72.392934,76.740241],[-72.420033,76.75965],[-72.52123,76.806769],[-72.528676,76.812201],[-72.563344,76.85047],[-72.569203,76.854804],[-72.607228,76.872016],[-72.713246,76.902777],[-72.809682,76.96308]],[[-83.47527,82.838202],[-83.420705,82.836737],[-83.399587,82.840949],[-83.383534,82.849066],[-83.373219,82.861518],[-83.369252,82.878791],[-83.374379,82.88703],[-83.38915,82.897223],[-83.442494,82.921393],[-83.779347,82.999762],[-83.841298,82.995795],[-83.861745,82.987616],[-83.87328,82.974738],[-83.875722,82.968024],[-83.87682,82.962104],[-83.877004,82.956855],[-83.876088,82.952155],[-83.874257,82.948127],[-83.871693,82.944525],[-83.868398,82.941474],[-83.864491,82.938788],[-83.845326,82.931342],[-83.825246,82.926764],[-83.47527,82.838202]],[[-13.774037,59.025641],[-13.835927,59.024359],[-13.841359,59.022773],[-13.862538,59.007025],[-13.874562,58.991156],[-13.878407,58.97547],[-13.875234,58.96015],[-13.865956,58.945624],[-13.851552,58.931891],[-13.833058,58.919562],[-13.787831,58.899176],[-13.738454,58.886664],[-13.69286,58.883979],[-13.674001,58.886969],[-13.659169,58.893134],[-13.649281,58.902777],[-13.637929,58.926093],[-13.633717,58.946479],[-13.635671,58.963935],[-13.643056,58.978827],[-13.654958,58.991217],[-13.670644,59.001471],[-13.689076,59.009589],[-13.774037,59.025641]],[[-14.439198,59.022162],[-14.473256,59.025336],[-14.513295,59.022773],[-14.513539,59.022528],[-14.513112,58.999152],[-14.513295,58.998847],[-14.54424,58.990912],[-14.593373,58.968268],[-14.611623,58.954352],[-14.625722,58.939276],[-14.635732,58.923285],[-14.641591,58.906928],[-14.643361,58.89057],[-14.641103,58.874579],[-14.634755,58.859442],[-14.624379,58.845343],[-14.610097,58.832892],[-14.591786,58.822455],[-14.569508,58.814337],[-14.513295,58.80683],[-14.479176,58.809149],[-14.448781,58.816535],[-14.422231,58.828315],[-14.399892,58.843695],[-14.381825,58.861762],[-14.368153,58.882025],[-14.35912,58.903388],[-14.354848,58.925177],[-14.355519,58.946723],[-14.361318,58.967108],[-14.372426,58.985663],[-14.389027,59.001532],[-14.411244,59.013922],[-14.439198,59.022162]],[[-15.263356,58.286078],[-15.275319,58.279792],[-15.278249,58.278876],[-15.344594,58.283881],[-15.415089,58.277289],[-15.441945,58.266913],[-15.452748,58.259589],[-15.461781,58.250922],[-15.468739,58.240668],[-15.473439,58.228766],[-15.475942,58.215216],[-15.475942,58.199958],[-15.473317,58.182807],[-15.466237,58.167426],[-15.452687,58.153022],[-15.433705,58.139899],[-15.384145,58.11872],[-15.326527,58.106574],[-15.269826,58.105902],[-15.244679,58.110663],[-15.223195,58.119269],[-15.20641,58.132025],[-15.195485,58.149237],[-15.19164,58.17121],[-15.195851,58.19831],[-15.217641,58.245917],[-15.231862,58.268012],[-15.243214,58.28089],[-15.248097,58.284491],[-15.252492,58.286566],[-15.256459,58.287299],[-15.26006,58.287055],[-15.263356,58.286078]],[[-13.865346,58.110785],[-13.878285,58.105597],[-13.888417,58.099677],[-13.895863,58.09339],[-13.901112,58.086737],[-13.904286,58.079718],[-13.90569,58.072577],[-13.905751,58.065375],[-13.904652,58.058173],[-13.88915,58.01789],[-13.889333,58.014838],[-13.913381,57.963446],[-13.946156,57.917243],[-13.9912,57.873603],[-14.037038,57.845343],[-14.150746,57.824164],[-14.15331,57.822821],[-14.155385,57.820258],[-14.157338,57.816474],[-14.189931,57.719123],[-14.201344,57.702826],[-14.222707,57.681037],[-14.242909,57.665595],[-14.261708,57.655219],[-14.315236,57.636603],[-14.318715,57.63404],[-14.321339,57.630805],[-14.330434,57.613776],[-14.340199,57.58454],[-14.341664,57.560309],[-14.333852,57.500067],[-14.335683,57.48963],[-14.339711,57.478461],[-14.356007,57.453253],[-14.384694,57.421515],[-14.39214,57.408271],[-14.392629,57.398749],[-14.387135,57.392157],[-14.376576,57.388129],[-14.242177,57.380683],[-14.225697,57.3758],[-14.212758,57.368232],[-14.204335,57.357367],[-14.201344,57.342841],[-14.202443,57.324408],[-14.205556,57.31092],[-14.210561,57.301764],[-14.217397,57.296271],[-14.226064,57.293891],[-14.23644,57.293952],[-14.330068,57.311652],[-14.371571,57.309333],[-14.417348,57.294806],[-14.421254,57.292243],[-14.489247,57.199286],[-14.489308,57.198798],[-14.498769,57.188178],[-14.556752,57.097419],[-14.593129,57.056037],[-14.618337,57.03852],[-14.640309,57.028266],[-14.676137,57.02442],[-14.756337,57.030646],[-14.969899,56.995368],[-14.988454,56.987128],[-14.993337,56.982856],[-14.999257,56.971991],[-15.002431,56.959052],[-15.00182,56.92829],[-14.947377,56.745978],[-14.945302,56.718817],[-14.947682,56.710883],[-15.011525,56.593085],[-15.022328,56.558356],[-15.022817,56.543891],[-15.018971,56.532355],[-15.009999,56.524176],[-14.99529,56.520148],[-14.915578,56.530707],[-14.786244,56.52497],[-14.764333,56.530951],[-14.740773,56.542304],[-14.655507,56.61402],[-14.640859,56.621283],[-14.633351,56.622809],[-14.621693,56.623114],[-14.611195,56.621711],[-14.601552,56.618964],[-14.592702,56.614936],[-14.547231,56.581732],[-14.530995,56.573615],[-14.522023,56.571357],[-14.512135,56.570624],[-14.501332,56.571723],[-14.489308,56.574774],[-14.471486,56.583686],[-14.347646,56.699897],[-14.281484,56.740119],[-14.166127,56.777899],[-14.158681,56.783393],[-14.153188,56.790168],[-14.149831,56.798774],[-14.14861,56.809516],[-14.14977,56.822699],[-14.155873,56.846137],[-14.159047,56.851874],[-14.162831,56.85633],[-14.167287,56.859565],[-14.172414,56.861701],[-14.359181,56.872565],[-14.36974,56.878302],[-14.374562,56.882392],[-14.383778,56.893927],[-14.3933,56.910834],[-14.397511,56.924872],[-14.396657,56.939582],[-14.391469,56.954657],[-14.370229,56.985236],[-14.301747,57.043158],[-14.194508,57.105536],[-14.187978,57.106818],[-14.181752,57.106757],[-14.175832,57.105536],[-14.131032,57.080634],[-14.118764,57.07746],[-14.112233,57.07746],[-14.105336,57.078803],[-14.102712,57.080146],[-14.099965,57.082587],[-14.097035,57.086066],[-14.059987,57.148444],[-14.057362,57.150824],[-14.043141,57.159919],[-14.016042,57.170844],[-14.003285,57.173041],[-13.990956,57.173285],[-13.979176,57.171881],[-13.967885,57.168891],[-13.946828,57.15882],[-13.910878,57.128607],[-13.88506,57.095343],[-13.880238,57.07569],[-13.878651,56.953742],[-13.8756,56.945563],[-13.871266,56.939154],[-13.865346,56.93476],[-13.842946,56.925605],[-13.800649,56.917182],[-13.761647,56.919867],[-13.725819,56.930609],[-13.585683,57.013251],[-13.53307,57.028693],[-13.503163,57.049201],[-13.488088,57.064582],[-13.482777,57.077216],[-13.485951,57.087409],[-13.496205,57.095282],[-13.512196,57.101142],[-13.532704,57.10517],[-13.696767,57.103583],[-13.697377,57.102851],[-13.703786,57.104804],[-13.710317,57.10871],[-13.716847,57.114447],[-13.741689,57.149176],[-13.760854,57.190009],[-13.769399,57.219306],[-13.769338,57.222846],[-13.767934,57.226508],[-13.765614,57.229804],[-13.762318,57.232672],[-13.758168,57.235236],[-13.570424,57.298285],[-13.543813,57.30213],[-13.521352,57.300971],[-13.409352,57.270819],[-13.169362,57.246833],[-13.163319,57.249274],[-13.094533,57.300727],[-13.045888,57.353339],[-13.029958,57.379828],[-13.025441,57.392401],[-13.023793,57.40412],[-13.025319,57.414801],[-13.033681,57.431952],[-13.046132,57.445868],[-13.062001,57.457221],[-13.0808,57.46601],[-13.124745,57.477851],[-13.295766,57.498481],[-13.306752,57.50373],[-13.313344,57.51081],[-13.316457,57.518195],[-13.31786,57.525092],[-13.317738,57.53144],[-13.316213,57.537421],[-13.31371,57.542853],[-13.305898,57.55268],[-13.26769,57.580268],[-13.26537,57.58277],[-13.259511,57.591559],[-13.189931,57.755866],[-13.182546,57.763678],[-13.159718,57.779914],[-13.153493,57.78736],[-13.148671,57.798041],[-13.145863,57.813178],[-13.146352,57.852362],[-13.157338,57.908271],[-13.178212,57.95893],[-13.206593,58.003119],[-13.240102,58.039557],[-13.276051,58.06684],[-13.312245,58.083747],[-13.329579,58.087897],[-13.346059,58.088935],[-13.361318,58.086798],[-13.371449,58.082709],[-13.378774,58.076728],[-13.383656,58.069098],[-13.386403,58.060126],[-13.387257,58.050055],[-13.384633,58.027655],[-13.360768,57.947455],[-13.361318,57.942816],[-13.363576,57.939337],[-13.36736,57.936042],[-13.4511,57.898261],[-13.467946,57.885993],[-13.481313,57.870795],[-13.483754,57.866156],[-13.486134,57.855658],[-13.485158,57.821234],[-13.48644,57.811408],[-13.488149,57.807379],[-13.490712,57.804023],[-13.494313,57.801337],[-13.499135,57.799567],[-13.505299,57.798774],[-13.523732,57.799323],[-13.538991,57.802375],[-13.551625,57.807624],[-13.561879,57.814887],[-13.570119,57.823859],[-13.57665,57.834296],[-13.609853,57.942267],[-13.625356,57.966803],[-13.63036,57.971625],[-13.642751,57.978766],[-13.724965,58.000251],[-13.739186,58.00904],[-13.745351,58.014838],[-13.750172,58.020941],[-13.758107,58.035224],[-13.782765,58.117255],[-13.789296,58.129767],[-13.793324,58.134833],[-13.797597,58.138251],[-13.802419,58.140204],[-13.807729,58.140815],[-13.813222,58.140448],[-13.825063,58.137091],[-13.836842,58.131293],[-13.865346,58.110785]],[[-60.029408,58.099066],[-60.047536,58.1081],[-60.0985,58.118232],[-60.489613,58.088019],[-60.560353,58.102851],[-60.577321,58.102362],[-60.77422,58.047248],[-60.794667,58.032538],[-60.802052,58.02381],[-60.807179,58.014045],[-60.809682,58.003058],[-60.809255,57.99079],[-60.802235,57.975531],[-60.786916,57.962897],[-60.764638,57.952643],[-60.736195,57.944648],[-60.584767,57.930487],[-60.329274,57.942816],[-60.064381,58.015082],[-60.030202,58.037177],[-60.019215,58.049018],[-60.012929,58.061225],[-60.012196,58.073859],[-60.017262,58.086798],[-60.029408,58.099066]],[[-14.957997,56.390692],[-14.96935,56.382819],[-14.969716,56.382636],[-14.993092,56.38288],[-14.993337,56.382819],[-14.987294,56.361457],[-14.970143,56.32685],[-14.959279,56.313361],[-14.947072,56.302069],[-14.933583,56.293036],[-14.918935,56.286017],[-14.886647,56.277289],[-14.8131,56.276923],[-14.738454,56.289252],[-14.654042,56.290045],[-14.647939,56.291571],[-14.642812,56.294318],[-14.638783,56.298529],[-14.635854,56.304389],[-14.633901,56.312262],[-14.633351,56.334845],[-14.637257,56.347296],[-14.647023,56.35871],[-14.661855,56.368964],[-14.68102,56.377997],[-14.785512,56.402167],[-14.897878,56.404547],[-14.941762,56.396918],[-14.957997,56.390692]],[[-11.714406,53.996344],[-11.667653,53.996222],[-11.619252,54.006293],[-11.575612,54.025336],[-11.557546,54.038031],[-11.543141,54.052436],[-11.533131,54.068793],[-11.528188,54.086615],[-11.529408,54.106024],[-11.537343,54.126776],[-11.543385,54.136481],[-11.549977,54.14411],[-11.556935,54.149848],[-11.56432,54.153815],[-11.572194,54.156195],[-11.580434,54.157172],[-11.588979,54.156928],[-11.764027,54.092597],[-11.776357,54.081794],[-11.780446,54.075873],[-11.783315,54.069648],[-11.78484,54.062995],[-11.785024,54.055854],[-11.783864,54.048102],[-11.777333,54.030829],[-11.767445,54.017646],[-11.753102,54.007575],[-11.735158,54.000556],[-11.714406,53.996344]],[[-13.417714,53.631171],[-13.454945,53.604193],[-13.625356,53.550788],[-13.631032,53.551215],[-13.636464,53.552436],[-13.677846,53.575019],[-13.690236,53.578559],[-13.704579,53.578925],[-13.721303,53.574836],[-13.726186,53.57215],[-13.731007,53.567939],[-13.801381,53.466437],[-13.817372,53.45484],[-13.823171,53.452338],[-13.82964,53.450629],[-13.843984,53.449286],[-13.923818,53.456488],[-13.937306,53.45484],[-14.04778,53.400458],[-14.181752,53.307929],[-14.190968,53.3039],[-14.228993,53.29798],[-14.237721,53.295233],[-14.245717,53.29029],[-14.25536,53.279608],[-14.266347,53.26319],[-14.283864,53.22663],[-14.294667,53.19245],[-14.297841,53.169684],[-14.297292,53.166815],[-14.285939,53.143988],[-14.270497,53.126593],[-14.251454,53.113715],[-14.229421,53.104804],[-14.205129,53.099066],[-14.045277,53.092658],[-14.001454,53.084418],[-13.983998,53.075934],[-13.970448,53.063666],[-13.961354,53.04682],[-13.961232,53.041327],[-13.963918,53.034735],[-14.031117,52.959662],[-14.042836,52.939093],[-14.045277,52.929267],[-14.04485,52.919867],[-14.041066,52.910956],[-14.033315,52.902838],[-14.023854,52.897162],[-13.995229,52.888678],[-13.956654,52.883551],[-13.772023,52.890998],[-13.706105,52.908942],[-13.67925,52.923651],[-13.582692,53.008673],[-13.563649,53.019294],[-13.529408,53.027899],[-13.331654,53.019965],[-13.319203,53.023749],[-13.308583,53.030341],[-13.299977,53.039984],[-13.293446,53.05329],[-13.289296,53.070807],[-13.289418,53.078315],[-13.292043,53.084418],[-13.296742,53.089179],[-13.303334,53.092902],[-13.311391,53.095526],[-13.3308,53.098273],[-13.405629,53.094733],[-13.495351,53.113288],[-13.510976,53.120978],[-13.520863,53.129462],[-13.525563,53.138739],[-13.52538,53.148993],[-13.520924,53.160163],[-13.500844,53.18537],[-13.217336,53.430793],[-13.210439,53.434088],[-13.196584,53.437445],[-13.159963,53.438666],[-13.155385,53.440131],[-13.151601,53.442694],[-13.148488,53.446418],[-13.14623,53.451606],[-13.144887,53.458625],[-13.145314,53.478827],[-13.14861,53.487128],[-13.156239,53.493598],[-13.16747,53.498664],[-13.295339,53.524726],[-13.329213,53.539862],[-13.342641,53.550421],[-13.352895,53.563605],[-13.359303,53.579535],[-13.361318,53.598822],[-13.35851,53.607489],[-13.351003,53.615668],[-13.324696,53.631171],[-13.210256,53.678046],[-13.180409,53.696479],[-13.1704,53.706732],[-13.164784,53.717841],[-13.164113,53.729804],[-13.169362,53.742804],[-13.17516,53.749884],[-13.183217,53.755622],[-13.20403,53.763739],[-13.256764,53.769599],[-13.337636,53.765387],[-13.33788,53.763251],[-13.33672,53.743842],[-13.336964,53.74317],[-13.337331,53.742804],[-13.35143,53.736457],[-13.360707,53.729865],[-13.363881,53.726386],[-13.366322,53.722724],[-13.378407,53.684272],[-13.385365,53.670844],[-13.400685,53.649176],[-13.417714,53.631171]],[[-52.969655,52.876044],[-52.997426,52.867011],[-53.18987,52.760443],[-53.223622,52.726264],[-53.233571,52.709479],[-53.237782,52.693061],[-53.23528,52.677497],[-53.225331,52.662909],[-53.203359,52.645087],[-53.181691,52.635504],[-53.160329,52.633246],[-53.139516,52.637458],[-53.119313,52.647223],[-53.099843,52.66175],[-53.063466,52.701422],[-52.969655,52.876044]],[[-53.419606,52.447821],[-53.369313,52.446845],[-53.336293,52.453681],[-53.304311,52.467597],[-53.248097,52.509162],[-53.2105,52.555548],[-53.201711,52.575568],[-53.200429,52.58393],[-53.201283,52.590827],[-53.210072,52.612067],[-53.214223,52.61817],[-53.218373,52.621772],[-53.222463,52.623236],[-53.226735,52.622748],[-53.231191,52.620856],[-53.260426,52.600226],[-53.276906,52.593207],[-53.28661,52.591193],[-53.307179,52.59101],[-53.488881,52.561286],[-53.507192,52.554145],[-53.520558,52.5456],[-53.529286,52.536078],[-53.533559,52.525824],[-53.533681,52.515082],[-53.530019,52.504218],[-53.522694,52.493415],[-53.512135,52.4831],[-53.498525,52.473456],[-53.46349,52.457465],[-53.419606,52.447821]],[[-53.932485,51.03089],[-53.923268,51.027533],[-53.910573,51.028754],[-53.877858,51.041449],[-53.753224,51.126776],[-53.740468,51.138739],[-53.72234,51.16175],[-53.716908,51.172492],[-53.713918,51.18244],[-53.713307,51.191535],[-53.714955,51.199591],[-53.718922,51.206488],[-53.725026,51.211982],[-53.733266,51.215949],[-53.743642,51.218146],[-53.756032,51.218634],[-53.770436,51.217047],[-53.805104,51.207343],[-53.8709,51.173285],[-53.8933,51.152289],[-53.909596,51.126899],[-53.932729,51.074591],[-53.937978,51.053717],[-53.937672,51.039374],[-53.932485,51.03089]],[[-44.986256,47.706366],[-44.996816,47.691779],[-45.001576,47.675605],[-45.001088,47.65821],[-44.996144,47.640204],[-44.987355,47.621955],[-44.97527,47.603827],[-44.943837,47.570258],[-44.907094,47.542975],[-44.870107,47.525824],[-44.853078,47.522101],[-44.838002,47.522284],[-44.825307,47.526801],[-44.816151,47.533881],[-44.813039,47.537665],[-44.81078,47.541693],[-44.809193,47.545966],[-44.808339,47.550605],[-44.808217,47.555487],[-44.80956,47.566657],[-44.856435,47.704291],[-44.871205,47.723212],[-44.879384,47.729865],[-44.888051,47.734626],[-44.897328,47.737555],[-44.907338,47.738715],[-44.918019,47.738166],[-44.941884,47.731818],[-44.969228,47.718817],[-44.986256,47.706366]],[[-44.686269,47.466437],[-44.801259,47.454779],[-44.948171,47.460883],[-44.969228,47.454779],[-44.972096,47.453131],[-44.975087,47.450507],[-45.017262,47.382758],[-45.038869,47.364814],[-45.062245,47.352484],[-45.186391,47.321845],[-45.20934,47.310797],[-45.23766,47.290045],[-45.288625,47.234687],[-45.327748,47.172187],[-45.350026,47.116156],[-45.353261,47.094794],[-45.352773,47.094489],[-45.207448,46.850165],[-45.187001,46.794684],[-45.185048,46.767279],[-45.187001,46.753241],[-45.195546,46.728827],[-45.230092,46.673041],[-45.232839,46.664496],[-45.233632,46.655707],[-45.232167,46.646552],[-45.227834,46.636725],[-45.220326,46.626227],[-45.193837,46.602301],[-45.1787,46.593512],[-45.163991,46.587897],[-45.149587,46.585273],[-45.135487,46.58515],[-45.121632,46.587104],[-45.018056,46.633002],[-44.993276,46.6388],[-44.978261,46.6388],[-44.889394,46.616156],[-44.797902,46.617621],[-44.744801,46.62757],[-44.708119,46.643744],[-44.681691,46.664984],[-44.60558,46.750434],[-44.542348,46.793097],[-44.449574,46.824897],[-44.441274,46.830817],[-44.409779,46.868476],[-44.377736,46.924201],[-44.346303,47.016181],[-44.345204,47.031501],[-44.34673,47.041083],[-44.412343,47.190253],[-44.417287,47.214789],[-44.417104,47.218451],[-44.416005,47.222235],[-44.393422,47.259223],[-44.389699,47.268866],[-44.389027,47.273566],[-44.389272,47.278144],[-44.390614,47.282599],[-44.3933,47.286811],[-44.39977,47.292548],[-44.40746,47.295661],[-44.416371,47.296637],[-44.515309,47.272406],[-44.543568,47.271613],[-44.557729,47.274054],[-44.571645,47.279059],[-44.585317,47.286811],[-44.591542,47.292426],[-44.596059,47.299018],[-44.59911,47.306525],[-44.600881,47.314887],[-44.59789,47.394965],[-44.600942,47.41413],[-44.60436,47.422858],[-44.609303,47.430854],[-44.617726,47.440741],[-44.635365,47.455024],[-44.644643,47.459723],[-44.66454,47.465216],[-44.686269,47.466437]]]}},{"type":"Feature","properties":{"depth_m":200},"bbox":[-46.659718,-7.069757,35.910655,45.301276],"geometry":{"type":"Polygon","coordinates":[[[-9.523793,43.005561],[-9.521352,42.726813],[-9.500844,42.678229],[-9.298879,42.45008],[-9.2813,42.414801],[-9.270619,42.376471],[-9.2683,42.346747],[-9.2813,42.246833],[-9.282826,42.247687],[-9.287038,42.246894],[-9.299062,42.2414],[-9.304616,42.23725],[-9.308278,42.232611],[-9.308888,42.227729],[-9.305348,42.222846],[-9.297841,42.202765],[-9.302846,42.168769],[-9.401357,41.862799],[-9.400624,41.858283],[-9.364186,41.761908],[-9.345204,41.73664],[-9.225575,41.6258],[-9.20934,41.598822],[-9.161366,41.38288],[-9.165761,41.360297],[-9.174123,41.341254],[-9.257314,41.238837],[-9.26238,41.225409],[-9.271962,41.131476],[-9.2813,41.094794],[-9.286977,41.08692],[-9.332082,41.047187],[-9.342519,41.033454],[-9.350026,41.017524],[-9.353383,40.998847],[-9.351064,40.945441],[-9.344777,40.918402],[-9.322804,40.867011],[-9.290761,40.829047],[-9.285024,40.816901],[-9.281667,40.801825],[-9.2813,40.782843],[-9.286,40.748481],[-9.294545,40.717963],[-9.321401,40.66474],[-9.358266,40.616584],[-9.536,40.454901],[-9.554921,40.429145],[-9.569325,40.39881],[-9.573354,40.378119],[-9.576283,40.069098],[-9.608754,39.940802],[-9.610097,39.911566],[-9.605519,39.880683],[-9.593373,39.846808],[-9.593373,39.654853],[-9.574452,39.621833],[-9.571767,39.619086],[-9.569447,39.621039],[-9.564015,39.624213],[-9.552358,39.62519],[-9.531239,39.62049],[-9.436147,39.573065],[-9.417958,39.550421],[-9.432485,39.535346],[-9.615346,39.487799],[-9.641347,39.462836],[-9.651784,39.441107],[-9.659474,39.429877],[-9.666371,39.426093],[-9.703053,39.429755],[-9.727406,39.426032],[-9.761342,39.414862],[-9.834706,39.338752],[-9.881337,39.246772],[-9.890614,39.235297],[-9.970021,39.163336],[-9.977284,39.150824],[-9.988576,39.118659],[-9.991017,39.0987],[-9.986989,39.087348],[-9.978993,39.080939],[-9.969167,39.075751],[-9.960011,39.068122],[-9.953969,39.054389],[-9.953359,39.030829],[-9.959157,39.012336],[-9.971242,38.994879],[-10.037526,38.935065],[-10.047109,38.922492],[-10.049306,38.910834],[-9.833302,38.69477],[-9.821523,38.693],[-9.722829,38.706122],[-9.704335,38.703131],[-9.68932,38.69477],[-9.673329,38.67414],[-9.607411,38.501471],[-9.590199,38.473578],[-9.569325,38.454779],[-9.550588,38.448371],[-9.353383,38.454779],[-9.327504,38.446967],[-9.309255,38.43653],[-9.296193,38.424262],[-9.266835,38.383124],[-9.25298,38.370185],[-9.233388,38.358832],[-9.193166,38.346015],[-9.092397,38.338202],[-9.070851,38.331427],[-9.058034,38.315497],[-9.055714,38.286017],[-9.070668,38.198859],[-9.065297,38.166815],[-9.089833,37.978339],[-9.015004,37.583625],[-9.026112,37.468573],[-9.131337,37.217231],[-9.137318,37.182868],[-9.136952,37.123603],[-9.119252,37.011725],[-9.088307,36.919562],[-9.055226,36.860175],[-9.04131,36.846869],[-9.004811,36.83515],[-8.5071,36.836219],[-8.009389,36.837287],[-7.932118,36.856574],[-7.788258,36.937201],[-7.769338,36.942816],[-7.589345,36.948737],[-7.145375,36.870795],[-7.141286,36.865424],[-7.105702,36.781562],[-7.091359,36.76435],[-7.073354,36.7508],[-7.055348,36.742865],[-7.037953,36.738654],[-6.976918,36.735968],[-6.964467,36.732978],[-6.953359,36.726813],[-6.713368,36.486823],[-6.708302,36.478888],[-6.705068,36.469916],[-6.697926,36.430976],[-6.694569,36.422309],[-6.68932,36.414862],[-6.685414,36.411872],[-6.644399,36.393805],[-6.641347,36.390815],[-6.634633,36.374884],[-6.61736,36.246833],[-6.609364,36.228461],[-6.521352,36.095099],[-6.386891,35.964911],[-6.314443,35.921393],[-6.281361,35.910834],[-6.261098,35.909552],[-6.240529,35.912543],[-6.113332,35.958808],[-6.064992,35.960883],[-5.992909,35.950324],[-5.980092,35.952338],[-5.941762,35.980231],[-5.930287,35.985236],[-5.919484,35.987494],[-5.776845,35.982306],[-5.72234,35.969184],[-5.642934,35.971137],[-5.542958,35.996894],[-5.519948,36.009833],[-5.461476,36.025031],[-5.455922,36.028693],[-5.451283,36.033515],[-5.447804,36.039313],[-5.437245,36.049506],[-5.429555,36.062384],[-5.427663,36.069098],[-5.376454,36.083075],[-5.370168,36.081794],[-5.363637,36.081977],[-5.359425,36.083014],[-5.35558,36.084723],[-5.348683,36.089789],[-5.324574,36.100653],[-5.286488,36.132697],[-5.156545,36.295722],[-5.079335,36.36695],[-5.033315,36.390815],[-4.99175,36.401679],[-4.625356,36.414862],[-4.577382,36.435431],[-4.433339,36.534857],[-4.313283,36.582831],[-4.30132,36.591742],[-4.261342,36.64234],[-4.252309,36.649726],[-4.241322,36.654792],[-4.192311,36.665778],[-3.698598,36.655646],[-3.60967,36.678412],[-3.403005,36.655158],[-3.076405,36.684516],[-3.041371,36.678839],[-3.021474,36.669989],[-2.892751,36.565192],[-2.87328,36.558844],[-2.842885,36.557868],[-2.513356,36.654792],[-2.509511,36.658087],[-2.506093,36.663764],[-2.492543,36.699836],[-2.489369,36.702826],[-2.473012,36.707709],[-2.461293,36.706549],[-2.45287,36.701728],[-2.441151,36.690253],[-2.435292,36.688178],[-2.427785,36.691596],[-2.404652,36.71369],[-2.387196,36.720221],[-2.366383,36.722724],[-2.34319,36.72132],[-2.318776,36.71601],[-2.270741,36.694648],[-2.249379,36.678839],[-2.241567,36.668708],[-2.215566,36.606391],[-2.205922,36.593573],[-2.193532,36.58515],[-2.177419,36.582831],[-2.163075,36.588446],[-2.148549,36.601996],[-2.08019,36.700629],[-2.033376,36.7508],[-2.010548,36.765692],[-1.897023,36.818122],[-1.872548,36.83747],[-1.853383,36.862494],[-1.841359,36.894782],[-1.799184,37.117438],[-1.769338,37.182868],[-1.746083,37.213813],[-1.718434,37.241034],[-1.487447,37.369025],[-1.256459,37.497016],[-1.140859,37.517035],[-1.101674,37.511908],[-1.097157,37.512702],[-1.088796,37.516242],[-0.950185,37.473456],[-0.892079,37.471076],[-0.532948,37.560553],[-0.521352,37.56684],[-0.495717,37.58747],[-0.438832,37.65235],[-0.356435,37.789252],[-0.353322,37.806769],[-0.36382,37.836982],[-0.381459,37.858893],[-0.464833,37.911811],[-0.474233,37.928351],[-0.473317,37.950812],[-0.461476,37.98841],[-0.449941,38.011115],[-0.437367,38.022589],[-0.42217,38.02674],[-0.345876,38.033637],[-0.305409,38.04682],[-0.137318,38.142829],[-0.000417,38.165595],[0.006663,38.166815],[0.011851,38.170111],[0.050487,38.212226],[0.054576,38.21485],[0.062633,38.216193],[0.110423,38.211676],[0.11909,38.212348],[0.126598,38.21485],[0.135387,38.221137],[0.222667,38.310797],[0.237682,38.319342],[0.333385,38.352668],[0.34254,38.358832],[0.407115,38.429084],[0.458629,38.513678],[0.474742,38.558905],[0.482066,38.604804],[0.478648,38.650458],[0.462657,38.69477],[0.42213,38.746283],[0.417491,38.756049],[0.414561,38.766852],[0.414317,38.788581],[0.444347,38.895453],[0.444469,38.915473],[0.438609,38.934821],[0.427989,38.952887],[0.416392,38.96717],[0.403575,38.978827],[0.31129,39.036566],[0.105357,39.213996],[0.065623,39.266303],[0.043956,39.323615],[0.046764,39.386908],[0.080333,39.457038],[0.150767,39.534857],[0.158336,39.540107],[0.166881,39.543524],[0.214,39.553717],[0.332042,39.634345],[0.410289,39.665168],[0.510753,39.678839],[0.525645,39.677741],[0.598643,39.654303],[0.606578,39.654853],[0.675426,39.683661],[0.744884,39.727973],[0.870616,39.846808],[0.95106,39.992743],[0.990733,40.038764],[1.000865,40.046576],[1.123668,40.110297],[1.178355,40.160834],[1.21815,40.222235],[1.368297,40.562873],[1.378551,40.668769],[1.368785,40.766059],[1.330943,40.883857],[1.329112,40.913398],[1.334972,40.943549],[1.350597,40.974799],[1.365611,40.989997],[1.386851,41.00141],[1.603282,41.051581],[1.676646,41.091803],[1.686656,41.094794],[2.036876,41.14289],[2.142589,41.190802],[2.291515,41.285712],[2.709483,41.413764],[2.755748,41.443183],[2.79066,41.478827],[2.799083,41.493232],[2.815074,41.549323],[2.820079,41.560309],[2.827525,41.568976],[2.838634,41.574836],[2.856456,41.577094],[2.875011,41.574225],[2.96693,41.531012],[2.982677,41.526801],[3.035655,41.523505],[3.087169,41.527594],[3.183971,41.555121],[3.270274,41.604499],[3.414561,41.742804],[3.410899,41.771308],[3.398082,41.792426],[3.339244,41.837836],[3.323741,41.855597],[3.315684,41.879096],[3.318736,41.910834],[3.325938,41.921332],[3.450938,41.995856],[3.462657,42.006781],[3.534679,42.222846],[3.528331,42.240973],[3.516124,42.25849],[3.441661,42.331855],[3.438609,42.34278],[3.44276,42.365485],[3.450816,42.388556],[3.478892,42.43769],[3.750743,42.726813],[3.763194,42.731024],[3.777599,42.732245],[3.857066,42.724799],[3.870616,42.726813],[3.879039,42.730658],[3.920909,42.767279],[3.931163,42.772406],[3.942638,42.774787],[3.970592,42.774359],[4.077159,42.755622],[4.103526,42.755805],[4.130626,42.761664],[4.17921,42.784003],[4.375255,42.834418],[4.398692,42.846808],[4.40797,42.855597],[4.46339,42.9383],[4.470714,42.942816],[4.50233,42.945136],[4.530894,42.939521],[4.658458,42.874823],[4.686656,42.870795],[4.69276,42.872138],[4.782725,42.91883],[4.878551,42.942816],[4.904796,42.95838],[5.044932,43.076056],[5.070567,43.086859],[5.21461,43.110846],[5.238292,43.107245],[5.326671,43.076789],[5.350841,43.073981],[5.377208,43.076728],[5.442149,43.097968],[5.468272,43.095587],[5.487804,43.083197],[5.539683,43.020148],[5.564708,43.001899],[5.598643,42.99079],[5.982677,43.014838],[6.002574,43.01026],[6.109996,42.948493],[6.12672,42.942816],[6.144908,42.939826],[6.333873,42.94599],[6.345958,42.950629],[6.40797,42.96778],[6.462779,42.982245],[6.597667,43.012274],[6.6067,43.014838],[6.625865,43.031073],[6.631602,43.044867],[6.627574,43.057257],[6.606944,43.082038],[6.598643,43.096503],[6.597179,43.113715],[6.6067,43.134833],[6.611949,43.140387],[6.618663,43.145026],[6.638438,43.151496],[6.645518,43.152533],[6.651134,43.154364],[6.656383,43.157172],[6.740855,43.175666],[6.754771,43.183295],[6.766246,43.193488],[6.774669,43.206794],[6.780284,43.22663],[6.781383,43.247626],[6.769176,43.326117],[6.769664,43.340338],[6.774669,43.350775],[6.785777,43.358344],[6.918468,43.41529],[6.966685,43.446784],[6.969249,43.450507],[6.988048,43.492133],[6.990611,43.494818],[7.000987,43.497626],[7.012828,43.497687],[7.065562,43.490302],[7.077037,43.491095],[7.086681,43.494818],[7.140025,43.539679],[7.146007,43.542609],[7.150767,43.546698],[7.158824,43.560309],[7.239635,43.657904],[7.262706,43.677069],[7.279552,43.675055],[7.296275,43.676642],[7.301524,43.671942],[7.30775,43.668586],[7.314464,43.666815],[7.348155,43.670356],[7.351817,43.672003],[7.358165,43.676459],[7.36085,43.679206],[7.365001,43.685797],[7.369273,43.695502],[7.369395,43.695868],[7.369517,43.696234],[7.369762,43.69776],[7.370006,43.698188],[7.370006,43.698554],[7.518687,43.710761],[7.662608,43.758857],[7.679942,43.76142],[7.694713,43.76142],[7.741222,43.768683],[7.74464,43.769721],[7.982799,43.792853],[8.062022,43.814399],[8.188121,43.898383],[8.286632,44.010077],[8.337535,44.088752],[8.356456,44.109076],[8.421275,44.153998],[8.536265,44.276618],[8.55067,44.286811],[8.627452,44.314582],[8.904307,44.347357],[8.958629,44.334784],[9.030528,44.286811],[9.241466,44.269843],[9.288219,44.255927],[9.61317,44.073065],[9.791148,43.867987],[9.804454,43.840094],[9.816905,43.734748],[9.831676,43.686896],[9.860728,43.636115],[9.915294,43.567572],[9.91859,43.566779],[9.916026,43.549506],[9.907481,43.533087],[9.855601,43.473944],[9.847911,43.460273],[9.846568,43.446784],[9.855235,43.424506],[9.930431,43.327826],[9.943858,43.298774],[9.948985,43.266669],[9.942638,43.230841],[9.937266,43.231635],[9.798595,43.182807],[9.729869,43.074408],[9.726695,43.062812],[9.727672,43.034552],[9.733531,43.017524],[9.743663,43.00788],[9.796764,42.987128],[9.820445,42.970465],[9.846568,42.942816],[9.894664,42.822821],[9.898204,42.817939],[9.939952,42.778754],[9.942638,42.774787],[9.944102,42.766425],[9.940562,42.710822],[9.942638,42.702826],[9.946056,42.697699],[9.987926,42.658942],[9.990611,42.654792],[9.992198,42.646369],[9.988658,42.591132],[9.990611,42.582831],[10.038585,42.486823],[10.04005,42.470954],[10.01588,42.380561],[10.014659,42.366828],[10.022105,42.309638],[10.04066,42.255072],[10.066905,42.206488],[10.097667,42.167426],[10.13026,42.141364],[10.161265,42.131598],[10.187755,42.141608],[10.206676,42.174872],[10.20814,42.185004],[10.201793,42.250739],[10.202891,42.261969],[10.206676,42.270819],[10.218272,42.282294],[10.296641,42.284857],[10.358409,42.298102],[10.364513,42.302253],[10.370616,42.318366],[10.370128,42.332892],[10.354015,42.386298],[10.300548,42.4206],[10.302623,42.438788],[10.306651,42.445197],[10.313975,42.451667],[10.374644,42.486823],[10.417979,42.554999],[10.422496,42.558783],[10.500987,42.57453],[10.603404,42.573554],[10.705455,42.553168],[10.748668,42.534919],[10.782603,42.51081],[10.788707,42.498725],[10.788829,42.481879],[10.758922,42.380072],[10.758678,42.366828],[10.770763,42.348822],[11.046641,42.126776],[11.090221,42.118659],[11.311656,42.135443],[11.406505,42.126776],[11.417003,42.122565],[11.694591,41.958808],[11.701793,41.952582],[11.73585,41.893134],[11.742686,41.886786],[11.982677,41.790839],[12.078624,41.694831],[12.079845,41.689826],[12.076182,41.656928],[12.076671,41.651313],[12.078624,41.646796],[12.08546,41.639899],[12.144298,41.60578],[12.150645,41.598822],[12.211436,41.47724],[12.246226,41.429328],[12.286754,41.395209],[12.617686,41.211127],[12.710948,41.195746],[12.820933,41.147528],[12.957652,41.062628],[12.966685,41.04682],[12.958873,41.012397],[12.935191,40.995063],[12.90089,40.989508],[12.786021,40.989691],[12.760753,40.977729],[12.750621,40.950812],[12.757335,40.921759],[12.777476,40.896552],[12.808482,40.875739],[12.847789,40.859809],[12.893077,40.849311],[12.990977,40.846259],[13.038585,40.854804],[13.052867,40.862067],[13.063121,40.874335],[13.10609,40.953803],[13.12794,40.976691],[13.15858,40.998847],[13.199107,41.017096],[13.251964,41.031562],[13.38087,41.047919],[13.518809,41.045844],[13.63856,41.022834],[13.651012,41.016547],[13.719249,40.938605],[13.73463,40.926825],[13.757701,40.914435],[13.778331,40.907782],[13.82545,40.902655],[13.836925,40.899359],[13.84669,40.892096],[13.854625,40.878852],[13.858653,40.860785],[13.856944,40.841742],[13.82838,40.768256],[13.824962,40.753546],[13.826793,40.741523],[13.819591,40.720343],[13.819102,40.715583],[13.819469,40.710883],[13.820567,40.706183],[13.822276,40.701728],[13.82484,40.697699],[13.827891,40.694037],[13.849254,40.679755],[13.868175,40.672675],[13.877208,40.66706],[13.881358,40.665473],[13.885631,40.664557],[13.889781,40.664252],[13.896007,40.664862],[13.915294,40.672675],[13.924327,40.674872],[13.92982,40.675421],[13.94044,40.672065],[13.948009,40.671942],[13.951671,40.672614],[13.958751,40.675299],[13.962047,40.677436],[13.979259,40.675727],[14.17335,40.693854],[14.19691,40.6883],[14.198497,40.672492],[14.171397,40.619208],[14.160777,40.586127],[14.164195,40.551947],[14.190684,40.518866],[14.199596,40.514472],[14.211192,40.513007],[14.24171,40.517401],[14.325938,40.546454],[14.333263,40.542487],[14.337413,40.541327],[14.341563,40.540839],[14.347545,40.541205],[14.353282,40.542853],[14.358531,40.5456],[14.372203,40.558173],[14.412608,40.574469],[14.431163,40.586005],[14.436412,40.587836],[14.476573,40.59516],[14.484996,40.598212],[14.487682,40.599799],[14.504405,40.592475],[14.537364,40.584418],[14.54835,40.584174],[14.575694,40.588263],[14.587779,40.592963],[14.624766,40.617865],[14.644054,40.615363],[14.655528,40.611762],[14.712169,40.577216],[14.735973,40.554023],[14.742564,40.542792],[14.748912,40.489081],[14.727183,40.448004],[14.607921,40.358344],[14.588145,40.32569],[14.597301,40.284552],[14.718639,40.15882],[14.731212,40.154547],[14.745738,40.15351],[14.825206,40.161383],[14.838634,40.15882],[14.84254,40.156317],[14.886607,40.110785],[14.902965,40.103888],[14.939342,40.094794],[14.958629,40.086859],[15.054576,40.014838],[15.091563,40.006232],[15.181773,39.999762],[15.222545,39.990851],[15.274181,39.966132],[15.334117,39.920722],[15.342662,39.91883],[15.3744,39.922065],[15.398204,39.931525],[15.416515,39.945502],[15.462779,39.994696],[15.483287,40.00727],[15.510631,40.014838],[15.544444,40.015692],[15.582408,40.010565],[15.658702,39.986884],[15.694224,39.95777],[15.70106,39.949774],[15.707652,39.929755],[15.718639,39.910041],[15.734264,39.891913],[15.72108,39.768134],[15.750621,39.630805],[15.771617,39.591315],[15.967784,39.364936],[15.990733,39.318793],[15.998424,39.28913],[16.014659,39.006842],[16.10377,38.857428],[16.111583,38.833319],[16.110606,38.814765],[16.104625,38.804328],[16.095714,38.794867],[16.070933,38.778815],[15.797984,38.697882],[15.785777,38.688483],[15.780284,38.679389],[15.780528,38.670356],[15.785167,38.661261],[15.80482,38.641425],[15.805064,38.62464],[15.806895,38.619025],[15.812266,38.609015],[15.821056,38.598822],[15.831676,38.589667],[15.839366,38.585395],[15.852183,38.580634],[15.865733,38.568671],[15.870616,38.550849],[15.87025,38.543647],[15.825084,38.400641],[15.80421,38.366461],[15.792979,38.332892],[15.778819,38.313849],[15.774669,38.310797],[15.750987,38.302802],[15.727672,38.301337],[15.704967,38.304999],[15.573375,38.374945],[15.545421,38.37757],[15.52064,38.369513],[15.408702,38.284003],[15.366588,38.262824],[15.356578,38.259833],[15.345836,38.258368],[15.274181,38.263983],[15.269542,38.277961],[15.2671,38.28205],[15.264171,38.28559],[15.260631,38.288642],[15.256724,38.291205],[15.252452,38.293036],[15.247813,38.294135],[15.232555,38.294196],[15.228282,38.293158],[15.22401,38.291449],[15.220225,38.289313],[15.216685,38.286505],[15.213634,38.283271],[15.209239,38.275458],[15.208018,38.271735],[15.207286,38.264167],[15.207652,38.260443],[15.206309,38.252509],[15.207042,38.244696],[15.150645,38.190802],[14.766612,38.21485],[14.722911,38.200141],[14.639537,38.156195],[14.598643,38.142829],[14.573131,38.140753],[14.452403,38.166571],[14.430553,38.166815],[14.390514,38.161017],[14.354625,38.150458],[14.232066,38.090522],[14.166637,38.070868],[14.152721,38.070258],[14.046641,38.094794],[13.686656,38.094794],[13.566661,38.142829],[13.446544,38.166815],[13.435557,38.177497],[13.380626,38.267096],[13.36671,38.279853],[13.350597,38.286811],[13.213023,38.275092],[13.062633,38.238837],[12.975597,38.149237],[12.941905,38.12519],[12.90443,38.110053],[12.86378,38.10871],[12.820811,38.126105],[12.79359,38.174018],[12.787974,38.192816],[12.786143,38.196295],[12.783702,38.199408],[12.781016,38.202094],[12.774547,38.206488],[12.750743,38.214789],[12.749034,38.216254],[12.740855,38.220832],[12.736339,38.222113],[12.729869,38.22248],[12.722423,38.221015],[12.715587,38.21778],[12.709605,38.212775],[12.699351,38.19831],[12.603526,38.145941],[12.578746,38.139594],[12.554576,38.139716],[12.531749,38.148139],[12.510631,38.166815],[12.507457,38.173163],[12.504771,38.206061],[12.501842,38.21192],[12.496104,38.215155],[12.486583,38.21485],[12.472301,38.207831],[12.458751,38.19422],[12.400767,38.102484],[12.390636,38.094794],[12.359141,38.089606],[12.330211,38.095771],[12.252452,38.132819],[12.227428,38.135016],[12.201671,38.12403],[12.174693,38.094794],[12.170909,38.086982],[12.160533,38.035102],[12.156505,38.027594],[12.150645,38.022773],[12.139171,38.022773],[12.054942,38.048163],[12.034068,38.048224],[12.017223,38.040595],[12.006602,38.022773],[12.00172,37.966986],[12.019664,37.92298],[12.053233,37.888129],[12.181773,37.81214],[12.211192,37.787543],[12.222667,37.758857],[12.221934,37.73841],[12.219371,37.724555],[12.21461,37.715522],[12.207408,37.709784],[12.078502,37.654914],[12.059093,37.653815],[12.039195,37.658332],[11.990733,37.686347],[11.948741,37.720526],[11.907359,37.769294],[11.89442,37.778022],[11.879649,37.782904],[11.862559,37.782843],[11.83192,37.771613],[11.809337,37.751105],[11.746959,37.623969],[11.724742,37.592841],[11.694591,37.56684],[11.646495,37.542792],[11.629161,37.516852],[11.621837,37.492499],[11.620982,37.470099],[11.625743,37.43244],[11.624522,37.417853],[11.61671,37.406562],[11.598643,37.39881],[11.571544,37.403632],[11.429698,37.521918],[11.389903,37.541266],[11.349986,37.542548],[11.31068,37.518805],[11.299083,37.501105],[11.300792,37.485419],[11.312633,37.471137],[11.430553,37.39881],[11.456554,37.360358],[11.467296,37.351752],[11.482066,37.346442],[11.501475,37.345649],[11.559093,37.358344],[11.569347,37.35755],[11.578624,37.353461],[11.72108,37.250312],[11.756724,37.215522],[11.87733,37.023322],[11.886607,37.014777],[11.910899,37.003607],[11.940929,36.996955],[12.094249,36.984992],[12.174693,36.966864],[12.200816,36.95423],[12.324351,36.853034],[12.342662,36.846869],[12.356334,36.846747],[12.368907,36.850165],[12.441051,36.889228],[12.462657,36.894782],[12.51356,36.897406],[12.580089,36.886054],[12.593272,36.888007],[12.606578,36.894782],[12.698741,36.983893],[12.702647,36.990851],[12.702769,37.007758],[12.669932,37.107733],[12.670665,37.123297],[12.678599,37.134833],[12.704845,37.143805],[12.733775,37.137824],[12.828502,37.092231],[12.860118,37.088385],[12.890391,37.100531],[12.91859,37.134833],[12.93983,37.175666],[12.946788,37.203437],[12.946422,37.217414],[12.942638,37.23078],[12.928722,37.256293],[12.916392,37.268439],[12.903575,37.270575],[12.846324,37.252509],[12.814952,37.249884],[12.774669,37.254828],[12.738658,37.267279],[12.728648,37.281745],[12.738414,37.297187],[12.761851,37.312445],[12.853404,37.346808],[13.032481,37.360602],[13.061778,37.353156],[13.182628,37.278876],[13.302623,37.23078],[13.331676,37.205207],[13.388316,37.138739],[13.422618,37.110846],[13.434215,37.105109],[13.506236,37.091925],[13.749522,36.98664],[13.853648,36.961127],[14.019176,36.957648],[14.094615,36.942816],[14.334727,36.774787],[14.343761,36.756049],[14.347423,36.738227],[14.34547,36.651923],[14.358653,36.582831],[14.48939,36.358527],[14.500987,36.325934],[14.502574,36.294806],[14.497813,36.272345],[14.489513,36.250312],[14.465709,36.209174],[14.436412,36.174872],[14.406627,36.150824],[14.378551,36.137824],[14.222301,36.117438],[14.197398,36.108771],[14.177867,36.094001],[14.170421,36.091498],[14.165904,36.088874],[14.16212,36.085517],[14.158702,36.081549],[14.156261,36.077094],[14.154552,36.072333],[14.153575,36.067267],[14.153575,36.061957],[14.156016,36.046637],[14.154918,36.040229],[14.154796,36.034186],[14.15565,36.028571],[14.157237,36.023322],[14.159434,36.018622],[14.16273,36.014533],[14.166392,36.011054],[14.187144,35.999579],[14.210094,35.991278],[14.287852,35.812018],[14.308604,35.787665],[14.334727,35.766852],[14.346568,35.761542],[14.432994,35.755255],[14.478648,35.742865],[14.483531,35.739814],[14.513316,35.706],[14.79066,35.478827],[15.09193,35.421637],[15.12086,35.424628],[15.144054,35.437567],[15.234752,35.54505],[15.27064,35.574836],[15.277721,35.578315],[15.327403,35.58869],[15.335216,35.59217],[15.340465,35.597052],[15.342662,35.862799],[15.339122,35.884955],[15.296519,36.011603],[15.305919,36.18183],[15.328746,36.266791],[15.365977,36.337348],[15.390636,36.366828],[15.453868,36.417975],[15.459849,36.427863],[15.462535,36.438788],[15.459605,36.471747],[15.447276,36.502509],[15.318614,36.654792],[15.313609,36.667487],[15.300426,36.760016],[15.294566,36.774787],[15.25233,36.827277],[15.248057,36.836798],[15.246593,36.846869],[15.251353,36.871222],[15.263194,36.889533],[15.339488,36.944831],[15.355724,36.964545],[15.366588,36.990851],[15.368175,37.011908],[15.335216,37.15058],[15.277843,37.286505],[15.180308,37.424689],[15.174571,37.446784],[15.173473,37.492682],[15.180064,37.542121],[15.184093,37.545905],[15.191295,37.556464],[15.224254,37.643622],[15.227916,37.668158],[15.23463,37.67359],[15.243297,37.685126],[15.247447,37.695136],[15.249522,37.710883],[15.248057,37.722235],[15.246226,37.727362],[15.274791,37.781928],[15.282359,37.786811],[15.522472,38.065009],[15.553233,38.123236],[15.566783,38.140448],[15.576915,38.136786],[15.58546,38.131049],[15.592418,38.123603],[15.598399,38.114447],[15.594737,38.098517],[15.596934,38.078986],[15.605724,38.061103],[15.615977,38.047492],[15.613292,38.044196],[15.609752,38.036689],[15.605601,38.014106],[15.608287,37.995734],[15.62379,37.967658],[15.644176,37.946295],[15.667003,37.929328],[15.724132,37.902961],[15.754893,37.896003],[15.90211,37.901496],[16.007091,37.857428],[16.023692,37.853949],[16.038585,37.854865],[16.171153,37.9159],[16.182628,37.926825],[16.197887,37.954413],[16.20814,37.985846],[16.228038,38.159247],[16.299693,38.229193],[16.470592,38.286811],[16.556895,38.331488],[16.593272,38.361151],[16.622691,38.396186],[16.643565,38.437018],[16.65443,38.484198],[16.653331,38.53797],[16.63856,38.598761],[16.592662,38.692023],[16.589488,38.706488],[16.590587,38.718817],[16.608165,38.746527],[16.640636,38.774359],[16.685191,38.80091],[16.79713,38.844367],[16.918468,38.864875],[16.97462,38.86286],[17.044932,38.83808],[17.05714,38.837043],[17.070567,38.838813],[17.118297,38.853644],[17.159801,38.873358],[17.194713,38.8982],[17.221934,38.928229],[17.240733,38.963568],[17.250499,39.00434],[17.249889,39.050727],[17.238536,39.10279],[17.166637,39.246772],[17.163219,39.275458],[17.17213,39.36872],[17.187389,39.398993],[17.188243,39.406195],[17.187389,39.41352],[17.184703,39.420356],[17.181285,39.425116],[17.177013,39.428839],[17.172252,39.431769],[17.167003,39.433783],[17.157848,39.46015],[17.142589,39.486823],[16.902721,39.62049],[16.618541,39.690131],[16.588267,39.70838],[16.570323,39.735602],[16.566661,39.774848],[16.578258,39.819464],[16.600108,39.84162],[16.629527,39.847113],[16.761241,39.815497],[16.782725,39.822821],[16.800059,39.84394],[16.805675,39.863593],[16.802867,39.882025],[16.761729,39.949774],[16.758556,39.966803],[16.919566,40.395575],[16.933116,40.41175],[16.950572,40.422797],[16.982555,40.429938],[17.016978,40.427558],[17.087413,40.40412],[17.190562,40.350836],[17.310557,40.32685],[17.586558,40.170844],[17.862559,40.014838],[17.886607,39.870856],[17.884776,39.872504],[17.880504,39.872016],[17.874889,39.869696],[17.869029,39.866034],[17.86378,39.861457],[17.860362,39.856452],[17.85963,39.851447],[17.862559,39.846808],[17.870372,39.838752],[17.874522,39.830329],[17.876231,39.821601],[17.877574,39.793952],[17.880626,39.78443],[17.886607,39.774848],[17.903575,39.758673],[17.921275,39.749701],[17.940196,39.745917],[18.011607,39.743232],[18.078624,39.726813],[18.086803,39.721625],[18.140147,39.667426],[18.156016,39.659247],[18.174571,39.654853],[18.273082,39.652961],[18.373668,39.666938],[18.563121,39.733893],[18.643443,39.782904],[18.708385,39.839423],[18.753551,39.901435],[18.774547,39.966803],[18.774669,39.991217],[18.770396,40.017646],[18.6067,40.350836],[18.60255,40.369208],[18.6067,40.518866],[18.586925,40.574591],[18.508311,40.692878],[18.462535,40.734809],[18.453746,40.738532],[18.442638,40.73963],[18.376842,40.733344],[18.36671,40.734809],[18.360728,40.737982],[18.323375,40.779608],[18.318614,40.782843],[18.188975,40.821479],[18.174571,40.830878],[18.169932,40.836859],[18.126598,40.926825],[18.104381,40.9513],[18.083385,40.968207],[18.062022,40.979071],[17.770152,41.030371],[17.478282,41.081671],[17.4546,41.094794],[17.451427,41.098456],[17.433482,41.140021],[17.430553,41.142829],[17.425914,41.143866],[17.3921,41.140326],[17.386729,41.140815],[17.382579,41.142829],[17.37086,41.158149],[17.322032,41.278327],[17.306529,41.297614],[17.286632,41.310858],[17.2765,41.310736],[17.189464,41.28974],[17.163829,41.289801],[17.139659,41.296088],[17.118541,41.310858],[17.109874,41.321662],[17.106212,41.331],[17.108165,41.388739],[17.094615,41.45484],[17.05775,41.536505],[16.998668,41.622809],[16.994395,41.626044],[16.95399,41.643439],[16.950572,41.646796],[16.854625,41.814826],[16.853282,41.82276],[16.857188,41.879462],[16.854625,41.886786],[16.789195,41.973029],[16.71693,42.044196],[16.710704,42.054816],[16.709727,42.074408],[16.715953,42.096198],[16.741222,42.13935],[16.769298,42.170295],[16.778941,42.176703],[16.782725,42.174872],[16.779674,42.193183],[16.771739,42.205634],[16.759898,42.21424],[16.714,42.23725],[16.699229,42.2508],[16.686534,42.270819],[16.683604,42.28266],[16.684825,42.294135],[16.707042,42.340094],[16.710582,42.352912],[16.710704,42.366828],[16.706432,42.37287],[16.670665,42.403205],[16.659434,42.416571],[16.652599,42.431159],[16.652843,42.446662],[16.662608,42.462836],[16.672496,42.46717],[16.687999,42.466925],[16.806651,42.438788],[16.849498,42.44422],[17.134532,42.547858],[17.263805,42.566657],[17.583079,42.549018],[17.902354,42.531378],[18.30128,42.392462],[18.477672,42.280585],[18.486583,42.270819],[18.491099,42.260077],[18.492686,42.246161],[18.485362,42.163336],[18.486583,42.150824],[18.495494,42.127875],[18.509532,42.106757],[18.597911,42.021308],[18.6067,42.006781],[18.613658,41.981452],[18.613292,41.861701],[18.618907,41.838324],[18.630626,41.814826],[18.663341,41.776374],[18.89149,41.632209],[18.923717,41.604682],[18.942638,41.574836],[18.943492,41.56684],[18.91566,41.416449],[18.923473,41.097174],[18.986339,40.971503],[18.990611,40.950812],[18.990001,40.937201],[18.986217,40.924933],[18.968883,40.892157],[18.964854,40.880866],[18.963634,40.868598],[18.966563,40.854804],[18.982799,40.818732],[19.003062,40.78675],[19.134532,40.6388],[19.182628,40.470832],[19.186656,40.464423],[19.226329,40.428351],[19.285411,40.348578],[19.343028,40.2956],[19.357921,40.276496],[19.456554,40.191046],[19.493907,40.168586],[19.552989,40.152106],[19.580699,40.133063],[19.640636,40.105231],[19.653331,40.101508],[19.674937,40.079291],[19.683971,40.063605],[19.686534,40.055487],[19.687389,40.047187],[19.686534,40.038764],[19.680675,40.03382],[19.667857,40.034125],[19.575084,40.06214],[19.566539,40.062812],[19.562511,40.060248],[19.521495,40.018561],[19.492564,39.973578],[19.472179,39.950385],[19.442638,39.929084],[19.413341,39.915656],[19.385753,39.912787],[19.381114,39.909919],[19.359019,39.901313],[19.341075,39.886298],[19.332042,39.862311],[19.347057,39.814276],[19.40211,39.764594],[19.430675,39.719001],[19.446544,39.702826],[19.466441,39.69068],[19.490733,39.682196],[19.671153,39.65058],[19.706676,39.633063],[19.722789,39.604987],[19.733775,39.593878],[19.742442,39.589057],[19.810924,39.449408],[19.827403,39.430121],[19.849376,39.410712],[19.890391,39.385016],[19.986949,39.350653],[19.998546,39.342841],[20.041515,39.294562],[20.120616,39.17536],[20.166637,39.126776],[20.334605,39.030829],[20.368419,39.028876],[20.398936,39.033942],[20.493785,39.068427],[20.511241,39.066474],[20.526622,39.054816],[20.53358,39.039679],[20.549815,38.72956],[20.536265,38.705756],[20.53297,38.696479],[20.515269,38.598761],[20.515025,38.564032],[20.516734,38.558417],[20.51942,38.553168],[20.523082,38.548529],[20.526378,38.545783],[20.53004,38.543708],[20.537974,38.541022],[20.532481,38.502631],[20.527965,38.501593],[20.519908,38.497809],[20.516368,38.494879],[20.512706,38.490363],[20.51002,38.485236],[20.508311,38.479682],[20.507701,38.467597],[20.512096,38.453864],[20.492931,38.435614],[20.420787,38.392096],[20.413951,38.390082],[20.407237,38.392829],[20.402354,38.393622],[20.397594,38.393744],[20.390025,38.392157],[20.385387,38.390082],[20.381114,38.387336],[20.377574,38.383918],[20.374644,38.37995],[20.372203,38.375495],[20.370616,38.370673],[20.363292,38.309455],[20.354991,38.292121],[20.348765,38.28675],[20.338512,38.280158],[20.332896,38.274604],[20.325084,38.261908],[20.322887,38.254645],[20.324229,38.235053],[20.321544,38.232672],[20.316661,38.226996],[20.312999,38.219916],[20.31068,38.211127],[20.309459,38.200202],[20.310069,38.192633],[20.320689,38.156256],[20.338634,38.127082],[20.363048,38.102545],[20.424693,38.064337],[20.602672,37.998175],[20.615855,37.987128],[20.624644,37.970649],[20.627818,37.947028],[20.624522,37.914679],[20.593639,37.879218],[20.591075,37.873847],[20.589854,37.868109],[20.589732,37.862128],[20.590465,37.857245],[20.592052,37.852545],[20.592174,37.848212],[20.594371,37.838874],[20.592784,37.835883],[20.590465,37.829779],[20.589732,37.820502],[20.590831,37.81446],[20.593028,37.808844],[20.596446,37.803778],[20.600719,37.799506],[20.623912,37.786933],[20.680797,37.72309],[20.684825,37.715461],[20.73463,37.6706],[20.7765,37.64527],[20.786754,37.634833],[20.799083,37.626288],[20.814952,37.621649],[20.856456,37.62519],[20.860973,37.627387],[20.96339,37.625067],[20.99525,37.632514],[21.006602,37.638861],[21.025157,37.663642],[21.028453,37.694159],[21.021007,37.72779],[20.980235,37.822394],[20.975474,37.843329],[20.982677,37.854865],[21.003673,37.858771],[21.024425,37.854621],[21.044932,37.844184],[21.155528,37.756171],[21.194224,37.73841],[21.198619,37.734809],[21.214366,37.716681],[21.282237,37.601813],[21.294688,37.590827],[21.305553,37.585639],[21.400401,37.571357],[21.49525,37.534369],[21.551524,37.497931],[21.57545,37.47193],[21.594249,37.439276],[21.6067,37.39881],[21.608897,37.357978],[21.600719,37.322333],[21.528087,37.202155],[21.515147,37.170356],[21.510631,37.134833],[21.491832,37.094611],[21.498424,37.04505],[21.531505,37.002021],[21.634532,36.931586],[21.654674,36.894782],[21.657848,36.884528],[21.660533,36.859687],[21.65919,36.854315],[21.659068,36.848944],[21.659923,36.843573],[21.661632,36.838324],[21.66627,36.736029],[21.667369,36.731208],[21.6692,36.726691],[21.671641,36.72248],[21.674937,36.718817],[21.678722,36.715705],[21.683116,36.713263],[21.687755,36.711554],[21.694713,36.710578],[21.702647,36.702826],[21.73109,36.690375],[21.7317,36.689643],[21.732188,36.688849],[21.732432,36.688544],[21.737193,36.685614],[21.742076,36.683661],[21.747081,36.682746],[21.75233,36.682563],[21.75648,36.678412],[21.75648,36.678229],[21.761119,36.674506],[21.766246,36.671759],[21.771861,36.670111],[21.777476,36.669501],[21.780406,36.669684],[21.786143,36.670844],[21.791881,36.673407],[21.794444,36.67536],[21.798961,36.68006],[21.867198,36.684272],[21.932384,36.69892],[21.984752,36.721869],[22.003184,36.735724],[22.014659,36.7508],[22.017467,36.7685],[21.998668,36.928473],[22.002818,36.952704],[22.014659,36.966864],[22.026378,36.971381],[22.037608,36.97309],[22.048595,36.972235],[22.059459,36.969123],[22.081309,36.95716],[22.104503,36.939276],[22.10377,36.935492],[22.10377,36.927619],[22.109019,36.90882],[22.117564,36.895026],[22.128551,36.885138],[22.162974,36.863715],[22.166881,36.862372],[22.174815,36.861335],[22.18275,36.862372],[22.190318,36.865668],[22.195933,36.869086],[22.226573,36.847419],[22.269298,36.800055],[22.276378,36.787665],[22.275645,36.770758],[22.277354,36.76435],[22.280406,36.758429],[22.299327,36.739691],[22.315929,36.708014],[22.335338,36.548712],[22.333873,36.545233],[22.329234,36.537604],[22.32545,36.525153],[22.324718,36.514167],[22.329234,36.495612],[22.338756,36.480841],[22.349742,36.468085],[22.362315,36.457587],[22.375377,36.451117],[22.414073,36.417121],[22.450816,36.395087],[22.458507,36.380805],[22.475963,36.364936],[22.483043,36.362067],[22.490611,36.361029],[22.49818,36.361945],[22.504283,36.364264],[22.509654,36.367804],[22.514171,36.372321],[22.517467,36.377753],[22.521251,36.379828],[22.524669,36.382514],[22.528697,36.387152],[22.531627,36.392524],[22.53358,36.398322],[22.53419,36.411383],[22.528941,36.428229],[22.532237,36.431159],[22.537608,36.438056],[22.540416,36.446295],[22.541026,36.450629],[22.540904,36.454962],[22.540294,36.459357],[22.541026,36.464362],[22.541026,36.469428],[22.54005,36.474433],[22.515391,36.531806],[22.512828,36.554999],[22.516124,36.57392],[22.526866,36.576606],[22.543346,36.58808],[22.55482,36.605231],[22.558849,36.621894],[22.563243,36.623297],[22.567515,36.625434],[22.5713,36.628058],[22.574718,36.631293],[22.577403,36.635016],[22.581065,36.643744],[22.58314,36.663825],[22.58192,36.67536],[22.637462,36.735663],[22.655406,36.748297],[22.662608,36.7508],[22.67628,36.751715],[22.690684,36.750006],[22.72169,36.73963],[22.786998,36.696357],[22.784557,36.686225],[22.784068,36.675177],[22.785167,36.666388],[22.791759,36.651618],[22.800548,36.641974],[22.805675,36.638617],[22.811412,36.636481],[22.817638,36.635443],[22.823741,36.635749],[22.8296,36.637336],[22.835216,36.640082],[22.839976,36.643927],[22.846446,36.63642],[22.844981,36.631171],[22.844615,36.627997],[22.846202,36.620978],[22.849132,36.614569],[22.853648,36.609015],[22.879161,36.593085],[22.89088,36.535712],[22.894176,36.492682],[22.887462,36.466254],[22.884166,36.426581],[22.887584,36.370063],[22.87733,36.355658],[22.872325,36.344184],[22.870372,36.333991],[22.871471,36.318],[22.872081,36.31684],[22.872081,36.316107],[22.872691,36.314887],[22.854747,36.209052],[22.85609,36.181952],[22.862804,36.158149],[22.875987,36.137336],[22.896983,36.119025],[22.926524,36.10279],[22.983165,36.08747],[23.040538,36.080817],[23.046641,36.078803],[23.069591,36.059394],[23.239513,35.86164],[23.270274,35.843573],[23.271739,35.841559],[23.297618,35.818732],[23.305797,35.807502],[23.311656,35.803107],[23.318614,35.800421],[23.328014,35.799445],[23.339122,35.799994],[23.344981,35.801825],[23.35023,35.804633],[23.354747,35.808722],[23.358653,35.813605],[23.361217,35.819159],[23.362682,35.82508],[23.36024,35.867072],[23.351329,35.886176],[23.344859,35.892646],[23.340587,35.910163],[23.325572,35.945929],[23.29127,36.000739],[23.271617,36.021918],[23.171519,36.084296],[23.15504,36.103034],[23.142589,36.126837],[23.125865,36.220404],[23.130138,36.227729],[23.132457,36.235541],[23.132823,36.239569],[23.132457,36.243659],[23.13148,36.247687],[23.121349,36.266791],[23.118419,36.31684],[23.130382,36.357184],[23.134898,36.364081],[23.18214,36.405768],[23.187633,36.403754],[23.193736,36.402655],[23.19984,36.402961],[23.205821,36.404364],[23.211314,36.406989],[23.216319,36.410712],[23.220225,36.415229],[23.223277,36.420539],[23.232799,36.451667],[23.233165,36.456244],[23.232677,36.460822],[23.2317,36.465277],[23.229991,36.469428],[23.227672,36.473334],[23.22462,36.476874],[23.199351,36.4961],[23.192393,36.499762],[23.177257,36.519599],[23.18275,36.529853],[23.184459,36.536811],[23.184581,36.543891],[23.18275,36.551703],[23.180919,36.555609],[23.178599,36.559149],[23.175792,36.562384],[23.168956,36.567389],[23.160777,36.570258],[23.156993,36.574958],[23.144664,36.583319],[23.128917,36.589057],[23.120372,36.594489],[23.110118,36.598761],[23.099376,36.618415],[23.09254,36.640753],[23.092052,36.650702],[23.09547,36.670722],[23.109996,36.713996],[23.114513,36.718451],[23.120616,36.730109],[23.12379,36.746344],[23.135631,36.759101],[23.142345,36.772528],[23.143565,36.778876],[23.143565,36.785285],[23.141978,36.791571],[23.139049,36.797309],[23.13502,36.802314],[23.130138,36.806342],[23.124278,36.809211],[23.124522,36.812812],[23.122203,36.824042],[23.118663,36.83338],[23.112193,36.844184],[23.105357,36.85224],[23.080699,36.87226],[23.078502,36.87519],[23.07838,36.880805],[23.076915,36.886359],[23.074596,36.891547],[23.066539,36.901801],[23.060435,36.914191],[23.046641,36.990851],[23.028697,37.025824],[23.028819,37.026557],[23.028819,37.026923],[23.029063,37.027655],[23.029063,37.028022],[23.029063,37.028754],[23.02943,37.035102],[23.028331,37.041327],[23.026012,37.047126],[23.008189,37.069159],[23.010997,37.07807],[23.011363,37.082709],[23.009898,37.091742],[23.008189,37.095954],[23.005748,37.099921],[22.99464,37.111762],[22.991832,37.120246],[22.98524,37.131354],[22.983287,37.13642],[22.980601,37.14112],[22.977061,37.145209],[22.972789,37.148688],[22.967174,37.151557],[22.961314,37.153205],[22.955333,37.153571],[22.949229,37.152594],[22.937144,37.171271],[22.940196,37.180365],[22.940684,37.186591],[22.940318,37.189765],[22.93336,37.20661],[22.921153,37.222724],[22.917369,37.226142],[22.887218,37.26966],[22.819835,37.410468],[22.815807,37.435736],[22.818858,37.45661],[22.830699,37.470893],[22.841563,37.473212],[22.859752,37.472235],[22.910533,37.460273],[22.969615,37.435614],[23.022594,37.39881],[23.033458,37.386298],[23.041515,37.372748],[23.043834,37.349616],[23.045909,37.343817],[23.049327,37.338568],[23.053722,37.33393],[23.064708,37.268134],[23.070201,37.2555],[23.087291,37.232856],[23.107188,37.213568],[23.13026,37.197943],[23.156139,37.186774],[23.184825,37.181159],[23.216319,37.182013],[23.250255,37.190314],[23.286632,37.206855],[23.296275,37.213568],[23.320079,37.241156],[23.328746,37.246833],[23.341075,37.251532],[23.358653,37.254828],[23.378307,37.253607],[23.526744,37.216742],[23.553355,37.219428],[23.574596,37.23078],[23.585338,37.242682],[23.590709,37.253119],[23.591807,37.262946],[23.589854,37.272773],[23.581432,37.295478],[23.574596,37.32685],[23.574962,37.327277],[23.575694,37.327826],[23.58961,37.334967],[23.608897,37.350714],[23.611705,37.354315],[23.613902,37.358344],[23.615489,37.362555],[23.616344,37.36695],[23.616222,37.376166],[23.615123,37.380683],[23.61317,37.384955],[23.610728,37.388861],[23.607677,37.392218],[23.604137,37.395209],[23.60023,37.397528],[23.59608,37.399237],[23.591685,37.400275],[23.572276,37.400641],[23.573741,37.468695],[23.574596,37.470832],[23.589854,37.477545],[23.605113,37.477668],[23.620128,37.472602],[23.694591,37.422858],[23.702647,37.420722],[23.758678,37.425177],[23.766612,37.422858],[23.777354,37.41529],[23.783824,37.406134],[23.791759,37.388861],[23.796886,37.383612],[23.805186,37.382636],[23.81837,37.387213],[23.863536,37.414679],[23.907359,37.427191],[23.923839,37.42768],[23.964488,37.417182],[23.972911,37.418036],[23.982677,37.422858],[23.999766,37.438727],[24.005138,37.453559],[24.00233,37.468146],[23.988536,37.499945],[23.985484,37.518866],[23.990123,37.540839],[24.006602,37.56684],[24.019542,37.57685],[24.107555,37.615546],[24.175914,37.629157],[24.203624,37.62641],[24.222667,37.614814],[24.22816,37.606391],[24.231456,37.59748],[24.237804,37.561164],[24.240611,37.552863],[24.245372,37.545233],[24.245982,37.526313],[24.247203,37.521918],[24.249034,37.517768],[24.251231,37.513922],[24.254283,37.510504],[24.257701,37.507575],[24.261485,37.505133],[24.289806,37.496039],[24.293834,37.495917],[24.297008,37.497016],[24.331554,37.464606],[24.340099,37.452582],[24.342662,37.446784],[24.344249,37.439521],[24.338145,37.415534],[24.338023,37.411505],[24.339122,37.403693],[24.319347,37.377387],[24.318614,37.374823],[24.318614,37.363959],[24.319835,37.354926],[24.322276,37.347419],[24.339122,37.317755],[24.338267,37.311469],[24.338634,37.305609],[24.340221,37.300177],[24.342784,37.29505],[24.346202,37.156073],[24.353648,37.125983],[24.368541,37.104071],[24.393199,37.090094],[24.429942,37.084235],[24.481456,37.086371],[24.48939,37.082099],[24.493663,37.080817],[24.498057,37.080451],[24.505626,37.081366],[24.51295,37.084296],[24.522716,37.090033],[24.534801,37.100348],[24.541026,37.101813],[24.546275,37.104132],[24.550548,37.107184],[24.554454,37.110846],[24.637218,37.1659],[24.66627,37.198432],[24.674937,37.214789],[24.678599,37.23078],[24.674815,37.261786],[24.660411,37.284491],[24.63856,37.301093],[24.554454,37.338019],[24.529552,37.353705],[24.510509,37.374823],[24.50648,37.383795],[24.512096,37.409308],[24.511974,37.416327],[24.510265,37.423102],[24.507091,37.429267],[24.491344,37.44715],[24.486339,37.450995],[24.463145,37.597968],[24.466197,37.665107],[24.47401,37.691474],[24.486583,37.710883],[24.496471,37.719184],[24.541148,37.740607],[24.549815,37.747992],[24.605479,37.837531],[24.615977,37.847357],[24.629649,37.849128],[24.650401,37.842902],[24.886974,37.711066],[24.88856,37.707709],[24.896129,37.697577],[24.906993,37.687873],[24.917735,37.680976],[24.92921,37.663214],[24.932628,37.654547],[24.933971,37.646064],[24.933604,37.637824],[24.931041,37.629828],[24.926036,37.622138],[24.91859,37.614814],[24.897594,37.60517],[24.875865,37.607184],[24.854015,37.61756],[24.783824,37.681159],[24.774669,37.686774],[24.754649,37.68592],[24.610484,37.636725],[24.606578,37.638861],[24.601329,37.612189],[24.605479,37.594367],[24.616832,37.583441],[24.633067,37.577521],[24.689098,37.571357],[24.702647,37.56684],[24.767955,37.521613],[24.77943,37.505072],[24.781749,37.488166],[24.774058,37.440009],[24.774669,37.350836],[24.778819,37.333197],[24.840221,37.22724],[24.846568,37.206855],[24.851573,37.175849],[24.848399,37.037177],[24.833385,36.983588],[24.822642,36.966864],[24.819347,36.964057],[24.815807,36.962409],[24.812022,36.961798],[24.808116,36.962104],[24.803966,36.963263],[24.799693,36.965277],[24.790538,36.971259],[24.778575,36.997992],[24.772227,37.007148],[24.722789,37.058356],[24.717174,37.061957],[24.710826,37.064093],[24.697276,37.064826],[24.689098,37.062201],[24.672374,37.073432],[24.655772,37.078559],[24.635997,37.077948],[24.630382,37.076117],[24.625133,37.073188],[24.620494,37.06922],[24.616832,37.064521],[24.614146,37.059149],[24.612682,37.053351],[24.612559,37.042609],[24.613658,37.039374],[24.61378,37.039008],[24.61378,37.038581],[24.613536,37.037665],[24.613292,37.036811],[24.613048,37.035956],[24.612315,37.025153],[24.61317,37.020087],[24.615001,37.015265],[24.617442,37.010871],[24.620616,37.007025],[24.624522,37.003607],[24.628917,37.000983],[24.6338,36.99903],[24.641246,36.972235],[24.641246,36.971686],[24.64088,36.970038],[24.64088,36.968878],[24.644298,36.959174],[24.650157,36.922919],[24.648082,36.900641],[24.64442,36.890082],[24.638682,36.880133],[24.630626,36.870795],[24.629405,36.869879],[24.628062,36.869086],[24.624644,36.867743],[24.615977,36.866034],[24.612559,36.868048],[24.605235,36.870917],[24.597789,36.871894],[24.594005,36.871588],[24.590221,36.870673],[24.586558,36.869086],[24.580821,36.871711],[24.568614,36.874579],[24.555308,36.874762],[24.536876,36.870185],[24.512828,36.8711],[24.490855,36.865668],[24.380748,36.803351],[24.366588,36.798774],[24.351573,36.799323],[24.268199,36.831427],[24.25587,36.830512],[24.246593,36.822821],[24.228282,36.778144],[24.224864,36.73432],[24.232188,36.693183],[24.246593,36.656134],[24.294566,36.582831],[24.317882,36.572272],[24.346812,36.566779],[24.411754,36.566901],[24.510509,36.582831],[24.568492,36.604071],[24.615367,36.63465],[24.678599,36.702826],[24.689708,36.725836],[24.719249,36.821845],[24.734386,36.84809],[24.755382,36.863898],[24.78419,36.864997],[24.822642,36.846869],[24.829112,36.84101],[24.845836,36.811835],[24.851573,36.805793],[24.85963,36.801276],[24.870616,36.798774],[25.054576,36.847235],[25.098888,36.845587],[25.13502,36.830756],[25.15858,36.798774],[25.159679,36.793769],[25.159068,36.788153],[25.154185,36.775458],[25.132091,36.746588],[25.127086,36.74494],[25.118907,36.740912],[25.103282,36.729865],[25.091441,36.726081],[25.086558,36.723212],[25.082408,36.719367],[25.06544,36.692389],[25.038585,36.678839],[25.020396,36.678351],[24.894176,36.725959],[24.870616,36.73017],[24.850352,36.727607],[24.754649,36.659674],[24.750621,36.654792],[24.755382,36.630194],[24.768443,36.610297],[24.788097,36.594428],[24.812266,36.582221],[24.894298,36.561835],[24.948253,36.559272],[25.114146,36.596137],[25.14857,36.593878],[25.182628,36.582831],[25.364635,36.292304],[25.382335,36.277472],[25.398692,36.27088],[25.448985,36.271796],[25.486583,36.285468],[25.511729,36.309149],[25.525157,36.340277],[25.527354,36.376288],[25.518565,36.414374],[25.499522,36.452094],[25.470592,36.486823],[25.450328,36.503546],[25.432262,36.514167],[25.391612,36.528998],[25.383067,36.534674],[25.377452,36.544013],[25.374644,36.558844],[25.375499,36.574958],[25.380015,36.58985],[25.470592,36.702826],[25.474254,36.705817],[25.51588,36.724128],[25.518565,36.726813],[25.523082,36.7414],[25.525035,36.782355],[25.527843,36.794318],[25.534312,36.805243],[25.546641,36.814765],[25.566661,36.822821],[25.620006,36.83393],[25.660045,36.83277],[25.676036,36.828681],[25.690074,36.822699],[25.713145,36.806891],[25.710704,36.799811],[25.709849,36.792548],[25.710826,36.785346],[25.712047,36.781806],[25.73524,36.747809],[25.741222,36.743598],[25.747935,36.740912],[25.75526,36.740058],[25.806285,36.744025],[25.89503,36.769477],[25.908946,36.777961],[25.917247,36.785773],[25.941661,36.818915],[25.947276,36.822638],[25.963634,36.828437],[26.014659,36.860236],[26.023814,36.860663],[26.047252,36.866339],[26.057628,36.862921],[26.069835,36.862738],[26.069957,36.862555],[26.070323,36.862433],[26.07252,36.86225],[26.076182,36.862616],[26.079112,36.863593],[26.079478,36.86402],[26.087901,36.867499],[26.181895,36.879767],[26.198741,36.886481],[26.210582,36.895087],[26.216319,36.905829],[26.21461,36.91883],[26.208018,36.925849],[26.195201,36.931952],[26.15443,36.941169],[26.039073,36.947089],[26.022716,36.963324],[26.017467,36.966193],[26.011729,36.967963],[25.992442,36.967963],[25.986827,36.966376],[25.981822,36.963629],[25.972545,36.955146],[25.968028,36.953131],[25.940196,36.946357],[25.9369,36.94477],[25.933971,36.942694],[25.931407,36.940314],[25.927135,36.934516],[25.924083,36.927924],[25.790172,36.873786],[25.768321,36.873114],[25.749522,36.879584],[25.73463,36.894782],[25.726573,36.912238],[25.724986,36.929328],[25.728526,36.946357],[25.737193,36.963507],[25.806651,37.038825],[25.814098,37.043891],[25.822887,37.047126],[25.862804,37.054328],[25.871349,37.057685],[25.878551,37.062873],[25.882091,37.068549],[25.899181,37.130255],[25.902599,37.134833],[25.926768,37.144355],[26.005138,37.143012],[26.026378,37.146857],[26.041759,37.15998],[26.049205,37.18653],[26.046641,37.23078],[26.042125,37.241889],[26.03297,37.251776],[26.020518,37.260504],[25.990123,37.273261],[25.961314,37.278998],[25.950572,37.278876],[25.91505,37.269049],[25.892955,37.253363],[25.881358,37.234076],[25.877452,37.213202],[25.881602,37.163764],[25.878551,37.15882],[25.674937,37.244574],[25.662608,37.254828],[25.653331,37.287909],[25.653453,37.32038],[25.688731,37.433295],[25.691661,37.454169],[25.686656,37.470832],[25.668468,37.49317],[25.653331,37.504706],[25.639781,37.508002],[25.626231,37.505805],[25.59315,37.495429],[25.570811,37.492621],[25.542613,37.494879],[25.534923,37.497687],[25.481212,37.53913],[25.470592,37.542792],[25.368785,37.554755],[25.351085,37.56037],[25.334849,37.571051],[25.31898,37.588507],[25.274913,37.662848],[25.264903,37.673896],[25.251964,37.683539],[25.121837,37.737311],[25.107677,37.749335],[25.095225,37.764045],[25.062633,37.830817],[25.038585,37.926825],[25.027965,37.93769],[25.016124,37.945075],[24.91859,37.97486],[24.889049,37.99494],[24.84254,38.038336],[24.83253,38.04444],[24.822642,38.04682],[24.786632,38.028083],[24.774058,38.029608],[24.751964,38.025946],[24.689708,37.999945],[24.674327,37.988593],[24.665538,37.976264],[24.661998,37.974921],[24.658946,37.97425],[24.656383,37.97425],[24.655406,37.974494],[24.654552,37.97486],[24.633189,37.996711],[24.631236,38.01966],[24.670787,38.096747],[24.675792,38.125922],[24.664683,38.157172],[24.630626,38.190802],[24.618907,38.197577],[24.607188,38.201117],[24.59547,38.201789],[24.583507,38.200263],[24.531383,38.18122],[24.492442,38.175727],[24.476451,38.170111],[24.469127,38.172492],[24.42982,38.176398],[24.407481,38.189643],[24.393199,38.193671],[24.379283,38.19422],[24.361217,38.191901],[24.355968,38.194831],[24.352794,38.200324],[24.338145,38.213385],[24.320445,38.22071],[24.310557,38.232489],[24.304332,38.244635],[24.302013,38.256781],[24.304088,38.268805],[24.311046,38.280463],[24.323619,38.291449],[24.411754,38.334235],[24.457286,38.375067],[24.475108,38.399665],[24.487315,38.425788],[24.49171,38.45246],[24.486583,38.478827],[24.468639,38.50196],[24.446666,38.499213],[24.333507,38.387946],[24.302135,38.374579],[24.27064,38.382819],[24.255015,38.401496],[24.250011,38.426154],[24.253184,38.454901],[24.291637,38.575995],[24.294566,38.598761],[24.291026,38.631842],[24.246593,38.742804],[24.24171,38.809455],[24.238292,38.822211],[24.232066,38.832343],[24.222667,38.838813],[24.192882,38.844428],[24.174083,38.836859],[24.163585,38.819648],[24.158824,38.796576],[24.156016,38.728766],[24.150645,38.718817],[23.826671,38.730475],[23.79066,38.742804],[23.784679,38.747138],[23.746471,38.788275],[23.742686,38.790839],[23.616832,38.806708],[23.613292,38.810797],[23.609141,38.814337],[23.604259,38.816962],[23.579112,38.821906],[23.564342,38.832038],[23.554454,38.858832],[23.552623,38.861335],[23.55067,38.86286],[23.546153,38.863776],[23.511729,38.860358],[23.506358,38.860907],[23.502574,38.86286],[23.494395,38.874579],[23.4546,39.006842],[23.445323,39.023566],[23.412608,39.056952],[23.406505,39.066107],[23.406261,39.076117],[23.413707,39.087958],[23.430675,39.10279],[23.431163,39.103034],[23.4463,39.104377],[23.458873,39.102118],[23.463634,39.102301],[23.466685,39.103034],[23.472789,39.105414],[23.598643,39.10279],[23.60609,39.100959],[23.630748,39.087348],[23.635265,39.078864],[23.638438,39.075263],[23.650279,39.067328],[23.661632,39.063239],[23.679576,39.060675],[23.699229,39.050849],[23.709117,39.048346],[23.720348,39.047675],[23.731944,39.049018],[23.791026,39.047492],[23.802501,39.043769],[23.813975,39.036444],[23.825694,39.024543],[23.838634,39.006842],[23.838756,39.007086],[23.864879,38.966742],[23.865977,38.960761],[23.862559,38.958808],[23.883678,38.961432],[23.902599,38.972296],[23.978648,39.051337],[24.002574,39.068061],[24.03065,39.078864],[24.03004,39.010565],[24.03065,39.006842],[24.03712,39.006293],[24.048473,39.009833],[24.079234,39.026435],[24.1338,39.038398],[24.143199,39.057318],[24.150401,39.076239],[24.146861,39.096442],[24.144786,39.110724],[24.138438,39.118598],[24.128551,39.12226],[24.084727,39.13288],[24.069835,39.138983],[24.025035,39.172797],[24.01588,39.185309],[24.0088,39.201545],[24.00526,39.221869],[24.006602,39.246772],[24.010265,39.261603],[24.015636,39.269721],[24.023204,39.273261],[24.067515,39.267951],[24.091197,39.277411],[24.119517,39.289252],[24.173961,39.329535],[24.223765,39.388678],[24.246349,39.449652],[24.259776,39.490851],[24.253917,39.528327],[24.222667,39.558844],[24.203746,39.557807],[24.177135,39.541815],[23.949474,39.31684],[23.944102,39.316046],[23.925059,39.30567],[23.916515,39.298407],[23.896495,39.27381],[23.792735,39.206732],[23.766612,39.198798],[23.752208,39.198554],[23.738048,39.201239],[23.594005,39.252936],[23.42274,39.26612],[23.406627,39.270819],[23.360973,39.296698],[23.270518,39.373236],[23.194713,39.464911],[23.149058,39.54975],[23.142589,39.582831],[23.152721,39.625861],[23.180431,39.67652],[23.32484,39.838385],[23.429454,39.918769],[23.471202,39.940009],[23.606944,39.895087],[23.699351,39.883002],[23.70814,39.883185],[23.726695,39.886603],[23.750865,39.895453],[23.760509,39.901496],[23.768199,39.908698],[23.773204,39.914984],[23.7765,39.922248],[23.777599,39.930121],[23.776622,39.938239],[23.774303,39.943549],[23.771129,39.948188],[23.766978,39.952094],[23.762096,39.955329],[23.766612,39.966803],[23.759898,39.989508],[23.733409,40.00672],[23.560313,40.061835],[23.53358,40.082831],[23.526622,40.110785],[23.529796,40.118293],[23.537242,40.125922],[23.548717,40.132636],[23.564342,40.137152],[23.584483,40.138373],[23.608775,40.135199],[23.637584,40.126349],[23.670665,40.110785],[23.684215,40.101081],[23.695079,40.088752],[23.733775,40.022406],[23.742686,40.014838],[23.806529,39.988349],[23.811534,39.984687],[23.816783,39.982245],[23.822398,39.980902],[23.82838,39.98078],[23.872081,39.961676],[23.873057,39.959418],[23.87318,39.959174],[23.874644,39.956061],[23.876598,39.953192],[23.881236,39.94831],[23.886851,39.944648],[23.893321,39.942267],[23.897716,39.936408],[23.902599,39.931952],[23.90797,39.9289],[23.935802,39.92298],[23.997935,39.924628],[24.003673,39.926764],[24.0088,39.929999],[24.013194,39.934211],[24.03065,39.942816],[24.102672,40.014838],[24.10377,40.034491],[24.100108,40.052924],[24.092174,40.070502],[24.080577,40.086982],[24.047862,40.117743],[24.006602,40.145575],[24.001964,40.150763],[23.987926,40.159247],[23.978526,40.161872],[23.831432,40.248664],[23.816661,40.265998],[23.810557,40.284064],[23.814586,40.302802],[23.827159,40.319525],[23.841685,40.324774],[23.858897,40.321112],[23.932506,40.281012],[24.006602,40.254828],[24.035899,40.252509],[24.125987,40.259101],[24.151378,40.249823],[24.170421,40.228888],[24.18629,40.20185],[24.215465,40.167609],[24.223643,40.160773],[24.256969,40.144599],[24.260875,40.141913],[24.263805,40.133063],[24.27711,40.108527],[24.282115,40.103949],[24.287852,40.100592],[24.313121,40.095404],[24.323741,40.095404],[24.366222,40.102973],[24.411143,40.123725],[24.425792,40.142279],[24.431163,40.166815],[24.428477,40.195868],[24.404918,40.26142],[24.366588,40.32685],[24.294688,40.382941],[24.28065,40.40174],[24.271739,40.423041],[24.27064,40.446845],[24.271129,40.446845],[24.310924,40.539191],[24.325694,40.556464],[24.342662,40.56684],[24.380382,40.57331],[24.414317,40.568305],[24.569469,40.479254],[24.606578,40.470832],[24.643687,40.471503],[24.850719,40.532355],[24.942638,40.542792],[24.955211,40.5409],[24.965587,40.536689],[25.019664,40.500922],[25.038585,40.494818],[25.052257,40.492987],[25.145763,40.498847],[25.15858,40.494818],[25.174937,40.483222],[25.258678,40.377631],[25.279307,40.36109],[25.302623,40.350836],[25.40797,40.342231],[25.518565,40.350836],[25.581432,40.368781],[25.586314,40.368354],[25.596568,40.369208],[25.690196,40.394232],[25.70045,40.399298],[25.716563,40.411994],[25.719493,40.415595],[25.721812,40.419623],[25.723399,40.423896],[25.97462,40.422797],[26.329478,40.512274],[26.379405,40.511054],[26.406749,40.494818],[26.408824,40.489569],[26.410167,40.484381],[26.410655,40.479254],[26.410167,40.474128],[26.408824,40.469184],[26.406749,40.46424],[26.400279,40.454474],[26.322642,40.411994],[26.3119,40.402961],[26.307506,40.396979],[26.301402,40.394477],[26.292735,40.393256],[26.241466,40.377936],[26.232921,40.373969],[26.226207,40.369208],[26.215465,40.364753],[26.202769,40.356391],[26.111095,40.32331],[25.806651,40.278815],[25.762828,40.260627],[25.63856,40.182807],[25.627696,40.18006],[25.553844,40.184882],[25.542613,40.182807],[25.537486,40.179816],[25.498546,40.137397],[25.49464,40.134833],[25.45814,40.130316],[25.350597,40.134833],[25.086558,40.062812],[25.073375,40.05445],[25.063975,40.045172],[25.049327,40.025519],[25.02589,40.023993],[25.020518,40.022162],[25.015758,40.019355],[25.011485,40.015692],[25.008067,40.01142],[25.005504,40.006415],[25.003917,40.000983],[25.003429,39.992011],[24.927379,39.939276],[24.903453,39.911078],[24.894664,39.894843],[24.893321,39.883002],[24.901622,39.707892],[24.870616,39.606757],[24.859386,39.591132],[24.789317,39.525824],[24.776866,39.506781],[24.771251,39.485968],[24.774669,39.462836],[24.785533,39.444525],[24.803722,39.427436],[24.854991,39.398078],[24.913951,39.377082],[24.966685,39.366828],[25.041026,39.369025],[25.111339,39.386542],[25.431041,39.544867],[25.49464,39.558844],[25.516734,39.558417],[25.531261,39.552802],[25.541515,39.543341],[25.561534,39.518439],[25.577647,39.505744],[25.602428,39.494757],[25.63856,39.486823],[25.654185,39.486396],[25.66566,39.489508],[25.674327,39.495429],[25.700572,39.520453],[25.714854,39.528449],[25.73463,39.534857],[25.747447,39.536322],[25.757701,39.534735],[25.766246,39.531012],[25.787852,39.515815],[25.796397,39.512274],[25.806651,39.51081],[25.90089,39.516791],[25.956676,39.51081],[26.022594,39.486823],[26.043468,39.475653],[26.045665,39.464972],[26.048961,39.458319],[26.053599,39.452643],[26.056529,39.450324],[26.101207,39.431647],[26.110973,39.417487],[26.115611,39.403693],[26.11439,39.39057],[26.1067,39.378302],[26.091685,39.367194],[26.069224,39.357428],[25.985484,39.342475],[25.975108,39.34455],[25.966685,39.348334],[25.945567,39.362372],[25.937022,39.365607],[25.926646,39.366828],[25.918956,39.365546],[25.877696,39.34394],[25.866832,39.342047],[25.854625,39.342841],[25.687144,39.401435],[25.652476,39.405829],[25.612926,39.403022],[25.566661,39.390815],[25.49464,39.342841],[25.480479,39.341132],[25.388194,39.346198],[25.374644,39.342841],[25.189708,39.232795],[25.182628,39.222846],[25.190074,39.169257],[25.218394,39.148383],[25.261607,39.151984],[25.465465,39.245246],[25.49464,39.246772],[25.508189,39.231635],[25.511729,39.20716],[25.501475,39.103339],[25.504161,39.067023],[25.516612,39.034003],[25.542613,39.006842],[25.545909,39.006659],[25.550792,39.008979],[25.577891,39.027228],[25.584727,39.030097],[25.590587,39.030829],[25.594737,39.029608],[25.605113,39.023383],[25.614268,39.015265],[25.61671,39.011481],[25.617076,39.008551],[25.614635,39.006842],[25.646373,39.017951],[25.671886,39.033759],[25.742564,39.108344],[25.760875,39.120673],[25.782603,39.126776],[25.823497,39.127753],[25.857921,39.122504],[25.886974,39.112738],[25.97462,39.054816],[25.989635,39.050055],[26.077647,39.037909],[26.104503,39.025092],[26.155528,38.986762],[26.166759,38.982856],[26.272349,38.98017],[26.290172,38.973517],[26.311046,38.961615],[26.329478,38.954657],[26.371593,38.949164],[26.39857,38.940863],[26.420421,38.937812],[26.47169,38.941169],[26.477306,38.936591],[26.478648,38.934821],[26.484141,38.921454],[26.487437,38.90467],[26.487071,38.864936],[26.476695,38.824164],[26.467174,38.806037],[26.4546,38.790839],[26.443736,38.783881],[26.429942,38.780341],[26.36378,38.777411],[26.348155,38.773749],[26.334605,38.766852],[26.220714,38.651068],[26.21461,38.646857],[26.047374,38.624701],[25.998424,38.633857],[25.945323,38.626166],[25.831798,38.62641],[25.807506,38.620612],[25.791637,38.609687],[25.785045,38.592292],[25.788829,38.567206],[25.803844,38.533087],[25.804698,38.52497],[25.809459,38.512213],[25.817882,38.499152],[25.883433,38.423774],[25.900401,38.411811],[25.904674,38.406195],[25.906505,38.397223],[25.902599,38.358832],[25.896007,38.350165],[25.882213,38.351081],[25.793712,38.387885],[25.773692,38.389899],[25.758678,38.382819],[25.751109,38.369757],[25.750987,38.35517],[25.756969,38.339179],[25.830577,38.238837],[25.88026,38.137641],[25.889903,38.127265],[25.902599,38.118842],[25.926036,38.112921],[26.232371,38.105597],[26.538707,38.098273],[26.541148,38.096747],[26.562389,38.092475],[26.57191,38.08338],[26.578258,38.079047],[26.584361,38.075995],[26.591075,38.074408],[26.597911,38.074347],[26.621837,38.082465],[26.626353,38.085639],[26.630138,38.089606],[26.638194,38.103888],[26.641124,38.115241],[26.666026,38.119208],[26.670665,38.118842],[26.703868,38.107733],[26.732188,38.090888],[26.755992,38.070258],[26.824474,37.986701],[26.838634,37.97486],[26.901866,37.939215],[26.927379,37.929572],[26.927623,37.937628],[26.901378,37.973334],[26.900157,37.984259],[26.922984,37.97956],[27.021495,37.926825],[27.046641,37.903937],[27.057994,37.882758],[27.055797,37.864203],[27.039806,37.849005],[27.010265,37.837836],[26.967174,37.831549],[26.768077,37.848822],[26.704234,37.842231],[26.670665,37.830817],[26.654674,37.822394],[26.65443,37.822333],[26.652965,37.822089],[26.652721,37.822028],[26.652476,37.821967],[26.63795,37.815009],[26.613536,37.795661],[26.587413,37.790168],[26.575938,37.784186],[26.56483,37.775214],[26.555431,37.76142],[26.551646,37.749884],[26.550304,37.739447],[26.550548,37.733527],[26.534923,37.718695],[26.499766,37.694709],[26.478648,37.686774],[26.468639,37.686896],[26.376842,37.732001],[26.358653,37.734809],[26.349376,37.734565],[26.341075,37.7331],[26.32606,37.727484],[26.297008,37.709662],[26.273814,37.704413],[26.260997,37.69776],[26.252574,37.690375],[26.240611,37.687201],[26.104259,37.688666],[26.094615,37.686774],[26.014537,37.639106],[25.944957,37.572211],[25.924205,37.539984],[25.918346,37.513007],[25.931407,37.494635],[25.967662,37.488166],[25.968761,37.487616],[25.969371,37.487128],[25.970592,37.48664],[25.984874,37.483893],[25.996837,37.484137],[26.031993,37.491767],[26.056529,37.489386],[26.06544,37.490424],[26.074962,37.492987],[26.092052,37.501288],[26.115977,37.519294],[26.120372,37.521674],[26.133189,37.526129],[26.217052,37.535468],[26.240001,37.543036],[26.348399,37.544867],[26.367442,37.540351],[26.387096,37.531989],[26.406749,37.518805],[26.40919,37.508918],[26.403575,37.492743],[26.392467,37.472724],[26.338634,37.402167],[26.334605,37.39881],[26.342784,37.372199],[26.361705,37.350836],[26.389171,37.33338],[26.532115,37.246772],[26.600841,37.211249],[26.665172,37.160224],[26.694591,37.134833],[26.857677,37.066413],[26.859141,37.06214],[26.861339,37.058051],[26.864757,37.053534],[26.880504,37.042243],[26.891734,37.025397],[26.899181,36.997016],[26.895396,36.984076],[26.895885,36.975959],[26.88441,36.958686],[26.881847,36.95069],[26.88148,36.946418],[26.881724,36.942206],[26.883922,36.934027],[26.885997,36.930121],[26.889781,36.92536],[26.89442,36.921759],[26.899791,36.919257],[26.90565,36.91767],[26.902721,36.90943],[26.884044,36.87464],[26.848888,36.832892],[26.794688,36.7909],[26.790904,36.783515],[26.79066,36.774787],[26.799815,36.746833],[26.814952,36.72248],[26.834361,36.701728],[26.879039,36.671576],[26.91981,36.656562],[26.934581,36.654792],[26.934825,36.654853],[26.938487,36.656928],[26.950328,36.652167],[26.972789,36.649115],[26.979625,36.649909],[26.986217,36.652228],[26.991954,36.656012],[26.996837,36.6612],[27.000743,36.668402],[27.002452,36.676337],[27.001964,36.684394],[26.9994,36.692206],[27.003551,36.695258],[27.010387,36.702826],[27.012828,36.707343],[27.038341,36.723334],[27.047984,36.726996],[27.051768,36.727423],[27.054576,36.726813],[27.084117,36.708136],[27.094127,36.688788],[27.091441,36.66883],[27.075328,36.626776],[27.07545,36.604804],[27.090343,36.58216],[27.113414,36.553046],[27.144786,36.534857],[27.177867,36.528266],[27.208507,36.535712],[27.228282,36.551398],[27.237437,36.573737],[27.222545,36.620063],[27.198741,36.654792],[27.192027,36.668524],[27.183604,36.679572],[27.147594,36.713019],[27.1421,36.722419],[27.139537,36.733832],[27.149058,36.737982],[27.207042,36.787177],[27.223888,36.795478],[27.330455,36.819892],[27.368541,36.83631],[27.372203,36.839301],[27.390758,36.846869],[27.434581,36.885688],[27.438731,36.891608],[27.438609,36.894782],[27.471568,36.870551],[27.482921,36.849372],[27.47755,36.83039],[27.460216,36.812751],[27.384776,36.759955],[27.367686,36.739691],[27.365367,36.740546],[27.358287,36.742011],[27.351329,36.741767],[27.344493,36.739936],[27.33839,36.736579],[27.33314,36.731757],[27.329356,36.725959],[27.326793,36.719428],[27.326549,36.700934],[27.327769,36.695868],[27.329967,36.69123],[27.332774,36.687079],[27.333018,36.681281],[27.334239,36.675544],[27.336436,36.670722],[27.339366,36.666388],[27.343028,36.662665],[27.347179,36.659613],[27.349864,36.656806],[27.353038,36.654303],[27.358897,36.651129],[27.365245,36.649359],[27.371837,36.649115],[27.378429,36.650214],[27.380626,36.64704],[27.385997,36.641547],[27.389171,36.63935],[27.39503,36.636786],[27.401134,36.635504],[27.407481,36.635565],[27.419688,36.638983],[27.440929,36.636237],[27.449107,36.629645],[27.45692,36.62519],[27.466685,36.621772],[27.473155,36.621161],[27.479747,36.622138],[27.490855,36.626837],[27.499522,36.63349],[27.503917,36.638312],[27.542125,36.650458],[27.549083,36.646674],[27.557262,36.644904],[27.576549,36.644599],[27.601573,36.648932],[27.615733,36.646857],[27.666515,36.628241],[27.673473,36.627997],[27.680308,36.62934],[27.686656,36.632209],[27.692149,36.636603],[27.696422,36.642096],[27.699351,36.648383],[27.702037,36.672065],[27.702159,36.672309],[27.702281,36.672919],[27.702891,36.674018],[27.703014,36.674323],[27.762096,36.680732],[27.774669,36.678839],[27.77589,36.677008],[27.775645,36.672919],[27.758922,36.621466],[27.758678,36.620978],[27.758556,36.620673],[27.758189,36.620124],[27.757457,36.61817],[27.754893,36.614691],[27.746226,36.606818],[27.733653,36.590033],[27.731944,36.586249],[27.730113,36.578376],[27.730479,36.570197],[27.733287,36.562384],[27.737926,36.555609],[27.744151,36.550421],[27.747813,36.548529],[27.755626,36.546271],[27.771007,36.546027],[27.774669,36.542853],[27.79774,36.53144],[27.797862,36.531195],[27.798228,36.530219],[27.798961,36.52204],[27.80067,36.516547],[27.803233,36.511542],[27.807017,36.507148],[27.81129,36.503546],[27.816295,36.500739],[27.821788,36.498969],[27.844127,36.498358],[27.862437,36.50196],[27.894176,36.516974],[27.898204,36.520575],[27.9015,36.524726],[27.903941,36.529425],[27.90565,36.534491],[27.906383,36.53974],[27.906016,36.545111],[27.904796,36.550421],[27.905406,36.556708],[27.942638,36.558844],[27.945567,36.553961],[27.957652,36.54328],[27.965099,36.538398],[27.978526,36.532416],[27.995616,36.530402],[28.013072,36.533637],[28.017711,36.535651],[28.028941,36.534003],[28.045543,36.536689],[28.076915,36.533515],[28.086558,36.534857],[28.131358,36.550299],[28.419444,36.716376],[28.470592,36.726813],[28.581187,36.710211],[28.588878,36.693427],[28.595958,36.683844],[28.608165,36.673651],[28.613414,36.671149],[28.619273,36.669806],[28.625255,36.669623],[28.629405,36.670172],[28.633311,36.671332],[28.640514,36.675055],[28.645274,36.669928],[28.651012,36.665961],[28.657603,36.66352],[28.671641,36.662665],[28.683116,36.664923],[28.705089,36.674323],[28.736095,36.669074],[28.75587,36.657965],[28.760142,36.639411],[28.763072,36.634101],[28.766856,36.629523],[28.771617,36.6258],[28.775645,36.623603],[28.779918,36.622138],[28.788707,36.621161],[28.789317,36.605292],[28.791392,36.599555],[28.794322,36.594245],[28.808604,36.580451],[28.823253,36.573188],[28.839,36.570685],[28.85255,36.560126],[28.867808,36.552863],[28.989146,36.535224],[28.990977,36.53205],[28.995128,36.526374],[29.000499,36.521796],[29.003673,36.520148],[29.007091,36.518927],[29.032725,36.51557],[29.038097,36.51612],[29.046641,36.51081],[29.052989,36.502814],[29.056895,36.492072],[29.065929,36.424994],[29.070567,36.414862],[29.073253,36.411383],[29.068248,36.401496],[29.067149,36.397834],[29.066417,36.390265],[29.067393,36.382697],[29.070567,36.375678],[29.074474,36.370429],[29.079356,36.366217],[29.084972,36.363227],[29.091319,36.361457],[29.095592,36.356086],[29.100963,36.351813],[29.107188,36.348883],[29.114024,36.34748],[29.118663,36.334601],[29.122447,36.32923],[29.127452,36.324836],[29.133433,36.321601],[29.13795,36.320197],[29.142589,36.319525],[29.147349,36.319648],[29.15211,36.32038],[29.16505,36.312262],[29.238536,36.246833],[29.266124,36.234626],[29.298839,36.227057],[29.30775,36.22071],[29.311778,36.218878],[29.320201,36.217108],[29.326305,36.211249],[29.341197,36.203925],[29.347667,36.202887],[29.354259,36.203192],[29.368175,36.208136],[29.375743,36.213996],[29.402354,36.206855],[29.41212,36.196845],[29.418834,36.178412],[29.442271,36.153327],[29.474132,36.134894],[29.539439,36.099677],[29.604747,36.099677],[29.650157,36.104438],[29.654063,36.100226],[29.658702,36.096869],[29.664317,36.094611],[29.672374,36.093512],[29.676524,36.093817],[29.684215,36.096076],[29.691051,36.100409],[29.722057,36.101386],[29.742198,36.101386],[29.760509,36.101386],[29.77064,36.104743],[29.783214,36.109687],[29.805553,36.117194],[29.824962,36.128424],[30.070811,36.216925],[30.111217,36.210211],[30.117442,36.211005],[30.123302,36.21308],[30.128673,36.216437],[30.140391,36.221503],[30.144298,36.224433],[30.148936,36.22486],[30.153575,36.225898],[30.157603,36.227607],[30.161388,36.229926],[30.167735,36.236151],[30.172008,36.243964],[30.246593,36.246833],[30.278941,36.240546],[30.370616,36.198554],[30.372691,36.192878],[30.375499,36.18769],[30.379161,36.183234],[30.384166,36.179755],[30.387218,36.17829],[30.393565,36.176764],[30.396983,36.176642],[30.403453,36.177497],[30.409923,36.179633],[30.425792,36.17475],[30.432628,36.174079],[30.438609,36.174872],[30.466075,36.191535],[30.495494,36.223883],[30.554454,36.31861],[30.630626,36.51081],[30.634166,36.541571],[30.629039,36.597419],[30.607066,36.685797],[30.6067,36.702826],[30.614879,36.74842],[30.630138,36.790961],[30.6515,36.825507],[30.664439,36.83808],[30.678599,36.846869],[30.682872,36.848334],[30.687511,36.849066],[30.697032,36.84925],[30.734874,36.828864],[30.760387,36.822333],[30.860484,36.754462],[30.870616,36.7508],[31.169627,36.730262],[31.468639,36.709723],[31.749156,36.590705],[32.029674,36.471686],[32.095225,36.423102],[32.262584,36.198859],[32.639537,35.980841],[32.677745,35.969306],[32.721446,35.964972],[32.838512,35.982795],[32.958629,36.030829],[32.975841,36.032294],[32.990489,36.030219],[33.034434,36.009223],[33.0442,36.006415],[33.054576,36.006781],[33.075328,36.01319],[33.201671,36.074652],[33.222667,36.078803],[33.549754,36.076361],[33.876842,36.07392],[33.962657,36.101264],[34.038585,36.150824],[34.250011,36.390204],[34.273936,36.410468],[34.344859,36.445868],[34.446544,36.474616],[34.531505,36.483588],[34.569835,36.479438],[34.606212,36.468756],[34.641368,36.450812],[34.675914,36.425116],[34.710582,36.390815],[34.719493,36.378119],[34.756602,36.301703],[34.786388,36.262763],[34.806651,36.246833],[34.819957,36.240546],[34.929576,36.228156],[34.969615,36.215644],[35.024181,36.186286],[35.052623,36.176825],[35.070567,36.174872],[35.375011,36.231818],[35.441539,36.229804],[35.494395,36.212409],[35.526622,36.174872],[35.52589,36.10578],[35.526622,36.10279],[35.540538,36.104865],[35.553233,36.11402],[35.607432,36.178656],[35.625377,36.191535],[35.646495,36.198859],[35.679454,36.197394],[35.719005,36.184882],[35.804332,36.136054],[35.876964,36.070563],[35.900279,36.037421],[35.910655,36.006781],[35.908092,35.983222],[35.897227,35.96369],[35.880382,35.947516],[35.80128,35.899054],[35.79066,35.886786],[35.788585,35.88172],[35.787364,35.876227],[35.78004,35.872382],[35.776012,35.868903],[35.772594,35.86463],[35.769786,35.857917],[35.768809,35.853583],[35.768565,35.84925],[35.768932,35.844916],[35.769908,35.840644],[35.771617,35.836554],[35.773936,35.832648],[35.788219,35.81684],[35.793101,35.808966],[35.796397,35.768744],[35.791515,35.724066],[35.780772,35.707099],[35.768565,35.703803],[35.75233,35.692694],[35.744029,35.680121],[35.742076,35.674567],[35.741344,35.668891],[35.743663,35.650641],[35.700084,35.606635],[35.684093,35.579047],[35.678966,35.56037],[35.678966,35.542609],[35.683604,35.525397],[35.692638,35.508307],[35.705821,35.491034],[35.742686,35.45484],[35.819347,35.40589],[35.829845,35.395514],[35.838634,35.382819],[35.869273,35.312567],[35.886607,35.238837],[35.884898,35.212592],[35.814586,34.974799],[35.814586,34.686835],[35.808116,34.663398],[35.718516,34.494818],[35.716563,34.483832],[35.721812,34.409308],[35.718516,34.398871],[35.692027,34.357001],[35.686534,34.357245],[35.681163,34.356696],[35.676036,34.35517],[35.647472,34.335395],[35.637828,34.323798],[35.623302,34.289191],[35.621593,34.276984],[35.613658,34.265937],[35.601939,34.243048],[35.598643,34.230841],[35.595958,34.201972],[35.597911,34.160407],[35.612437,34.090766],[35.598765,34.054633],[35.596934,34.043769],[35.597179,34.019416],[35.597301,34.01911],[35.597423,34.018927],[35.597789,34.017829],[35.597911,34.017585],[35.598033,34.017279],[35.589244,34.010565],[35.58192,34.000617],[35.580089,33.997016],[35.574596,33.99079],[35.567027,33.985663],[35.558482,33.982428],[35.510997,33.971991],[35.502574,33.966864],[35.501231,33.965399],[35.490611,33.942389],[35.478526,33.941718],[35.467784,33.938727],[35.450938,33.926581],[35.44398,33.916022],[35.441539,33.907599],[35.416881,33.898871],[35.4015,33.890265],[35.388194,33.878302],[35.382701,33.870856],[35.371837,33.845099],[35.364268,33.678046],[35.353892,33.642035],[35.334605,33.606818],[35.318614,33.589057],[35.201671,33.522773],[35.190684,33.51081],[35.184215,33.498175],[35.170787,33.406501],[35.153087,33.354315],[35.07899,33.216864],[34.918712,33.002143],[34.870128,32.893439],[34.813243,32.80622],[34.80067,32.768988],[34.789317,32.623786],[34.774181,32.578192],[34.658336,32.377509],[34.617198,32.338324],[34.614635,32.334845],[34.60255,32.296515],[34.575694,32.074103],[34.566661,32.04682],[34.555919,32.029792],[34.398692,31.878852],[34.390025,31.864081],[34.359141,31.771247],[34.242808,31.652045],[34.127086,31.572211],[34.110606,31.56684],[34.082042,31.56568],[34.057628,31.570685],[33.932872,31.631293],[33.894542,31.638861],[33.863536,31.638617],[33.745494,31.602179],[33.716075,31.598029],[33.685802,31.601325],[33.619273,31.626044],[33.573863,31.625434],[33.330577,31.573859],[33.198619,31.56684],[32.873424,31.661505],[32.537425,31.813208],[32.201427,31.964911],[31.830699,32.070868],[31.815684,32.071601],[31.727183,32.04737],[31.361664,32.047187],[30.996145,32.047003],[30.630626,32.04682],[30.246593,31.950873],[30.217052,31.932379],[29.917003,31.559516],[29.828624,31.394599],[29.806529,31.36463],[29.79066,31.350836],[29.670543,31.32685],[29.430553,31.206855],[29.284923,31.050421],[29.262706,31.038825],[29.225841,31.031256],[28.791515,31.066596],[28.725352,31.105963],[28.710582,31.110846],[28.687266,31.114814],[28.558726,31.108222],[28.542735,31.110846],[28.531627,31.116095],[28.521739,31.124335],[28.479991,31.177008],[28.470592,31.182807],[28.457164,31.186469],[28.364757,31.181098],[28.350597,31.182807],[28.278575,31.230841],[28.248912,31.228827],[28.221446,31.222663],[28.127452,31.186286],[28.1067,31.182013],[28.086558,31.182807],[28.055431,31.192328],[27.896373,31.295356],[27.870616,31.302863],[27.853282,31.303046],[27.835338,31.299201],[27.726573,31.254828],[27.711558,31.254096],[27.698741,31.255866],[27.688243,31.259406],[27.659801,31.277228],[27.654552,31.278815],[27.552501,31.268805],[27.507213,31.271857],[27.486583,31.278815],[27.483409,31.284247],[27.489024,31.367499],[27.486583,31.374823],[27.222667,31.470832],[27.052867,31.467475],[26.99464,31.481269],[26.680797,31.627143],[26.630504,31.637885],[26.592174,31.639228],[26.442149,31.612799],[26.430553,31.614814],[26.416026,31.627265],[26.35377,31.748847],[26.334727,31.769171],[26.31068,31.782843],[26.289561,31.787055],[26.272838,31.78443],[26.258311,31.776801],[26.213756,31.744452],[26.193126,31.737128],[26.166759,31.73487],[26.143077,31.738837],[26.122447,31.748114],[26.024425,31.821418],[25.998668,31.830817],[25.984996,31.831794],[25.830577,31.80683],[25.715953,31.82508],[25.584483,31.878424],[25.562877,31.882636],[25.542613,31.878852],[25.519664,31.860358],[25.504893,31.831183],[25.476085,31.716681],[25.460216,31.681708],[25.435435,31.654547],[25.398692,31.638861],[25.386485,31.637641],[25.374766,31.639106],[25.362559,31.643256],[25.349498,31.650336],[25.182628,31.80683],[25.182994,31.838202],[25.226085,31.943915],[25.225841,31.969062],[25.212901,31.995124],[25.182628,32.022834],[25.175182,32.027045],[25.118907,32.041999],[25.110606,32.04682],[25.095714,32.059394],[25.028331,32.135199],[25.014659,32.142829],[24.675059,32.220771],[24.479625,32.232001],[24.173717,32.333136],[24.174693,32.334845],[24.153453,32.330939],[24.04481,32.270941],[24.024913,32.263861],[24.006602,32.262824],[23.999766,32.266913],[23.969981,32.319464],[23.955821,32.334845],[23.93629,32.348395],[23.910655,32.358832],[23.89149,32.362372],[23.777476,32.356391],[23.766612,32.358832],[23.759044,32.364814],[23.70753,32.445319],[23.694591,32.45484],[23.67921,32.461127],[23.567515,32.473212],[23.55067,32.478827],[23.318492,32.614875],[23.086314,32.750922],[23.070567,32.766852],[23.066173,32.792182],[23.06898,32.816657],[23.101207,32.902411],[23.101939,32.919623],[23.094615,32.934821],[23.05482,32.975409],[23.036021,32.987433],[23.014171,32.995917],[22.988658,32.999091],[22.959727,32.995307],[22.872935,32.954718],[22.698253,32.957587],[22.508556,33.006049],[22.49464,33.006842],[22.470225,33.002143],[22.34315,32.9383],[22.326671,32.934821],[22.306895,32.93592],[22.287486,32.940497],[22.206065,32.972846],[22.158702,32.982795],[22.124522,32.979804],[22.049205,32.961432],[22.014659,32.958869],[21.999889,32.961859],[21.910167,33.004828],[21.86964,33.006598],[21.599498,32.972602],[21.42274,32.87226],[21.390636,32.86286],[21.297618,32.855719],[21.114879,32.869391],[21.030528,32.86286],[21.008189,32.854621],[20.864757,32.752692],[20.838512,32.742865],[20.773326,32.731635],[20.351817,32.734198],[20.286632,32.718817],[20.26649,32.708014],[20.107188,32.579901],[20.077769,32.539618],[19.991954,32.37287],[19.927989,32.284613],[19.845348,32.209479],[19.497691,32.034919],[19.467052,32.006964],[19.446544,31.97486],[19.439952,31.949652],[19.441051,31.92768],[19.447642,31.908332],[19.490123,31.845832],[19.494517,31.830817],[19.494395,31.81446],[19.47169,31.738776],[19.469615,31.724677],[19.470592,31.710822],[19.586497,31.41529],[19.702403,31.119757],[19.710582,31.038825],[19.706065,30.970099],[19.693736,30.911505],[19.674083,30.860907],[19.648082,30.81623],[19.494517,30.654853],[19.417857,30.60987],[19.32606,30.599128],[19.225597,30.615363],[19.122203,30.651313],[18.744456,30.905097],[18.36671,31.158881],[18.347423,31.165229],[18.174571,31.182807],[17.878612,31.320197],[17.582652,31.457587],[17.502696,31.470832],[17.460582,31.467719],[17.374644,31.448737],[17.334605,31.446845],[17.309215,31.452216],[17.227306,31.48487],[17.15858,31.501044],[17.117564,31.501654],[17.070567,31.494818],[16.998668,31.446845],[16.63856,31.494818],[16.634532,31.49787],[16.594737,31.545844],[16.566661,31.56684],[16.422618,31.638861],[16.229991,31.867072],[16.182628,31.97486],[16.17921,31.979987],[16.137218,32.018744],[16.134654,32.022834],[16.133311,32.032416],[16.139537,32.099921],[16.138438,32.110907],[16.134654,32.118842],[16.119884,32.131049],[16.10023,32.139899],[15.968272,32.176459],[15.942638,32.190802],[15.911876,32.217047],[15.865977,32.280768],[15.810435,32.393927],[15.798595,32.406806],[15.78712,32.412421],[15.654552,32.430854],[15.318614,32.550849],[14.854869,32.572638],[14.784068,32.591254],[14.718639,32.622809],[14.704356,32.635627],[14.696422,32.650946],[14.687877,32.727301],[14.682017,32.747382],[14.670543,32.766852],[14.502574,32.86286],[14.487559,32.865119],[14.473033,32.863471],[14.415538,32.841864],[14.399669,32.83869],[14.382579,32.838813],[14.106578,32.958808],[13.830577,33.078803],[13.775035,33.129401],[13.702769,33.221259],[13.684215,33.236579],[13.662608,33.246894],[13.652599,33.247992],[13.518565,33.222846],[13.350597,33.246894],[13.182628,33.222846],[13.146251,33.23017],[13.038585,33.270819],[12.883556,33.280829],[12.864024,33.285834],[12.846568,33.294806],[12.828502,33.309882],[12.820201,33.322699],[12.818492,33.334784],[12.822032,33.363044],[12.8213,33.38227],[12.814586,33.40705],[12.798595,33.438849],[12.704112,33.547553],[12.690684,33.573065],[12.649303,33.731513],[12.649547,33.76673],[12.65797,33.798529],[12.676402,33.826606],[12.706676,33.850775],[12.750621,33.870856],[12.846568,33.87873],[12.860606,33.884955],[12.870616,33.894843],[12.885509,33.934638],[12.884776,33.975836],[12.830089,34.129767],[12.830333,34.159308],[12.846568,34.182807],[12.864146,34.190192],[12.887462,34.191596],[13.021739,34.161872],[13.260997,34.148383],[13.401378,34.164008],[13.460582,34.1836],[13.508678,34.213324],[13.542735,34.254828],[13.543956,34.262213],[13.540538,34.26966],[13.526866,34.288764],[13.519786,34.30268],[13.515025,34.320929],[13.514049,34.344611],[13.518565,34.374823],[13.521983,34.381293],[13.563487,34.427558],[13.567271,34.437445],[13.566661,34.446845],[13.558116,34.463385],[13.547374,34.473639],[13.534557,34.479682],[13.452525,34.502875],[13.405162,34.531317],[13.336436,34.608649],[13.326671,34.614814],[13.295787,34.624701],[13.145763,34.634284],[13.116099,34.644477],[13.086558,34.662848],[13.089854,34.66236],[13.084727,34.671515],[13.029552,34.735236],[13.018932,34.740607],[13.014659,34.734809],[13.017711,34.7555],[13.025401,34.769171],[13.037364,34.777594],[13.179332,34.815619],[13.29005,34.87519],[13.302623,34.878791],[13.318736,34.879645],[13.333385,34.877143],[13.380626,34.856269],[13.390025,34.853888],[13.39857,34.854804],[13.483775,34.896186],[13.512462,34.921332],[13.531261,34.950263],[13.539317,34.983893],[13.53651,35.022711],[13.521739,35.06745],[13.49464,35.118842],[13.490123,35.124945],[13.458263,35.152594],[13.430064,35.18714],[13.364268,35.244147],[13.326671,35.262885],[13.151866,35.280219],[13.118541,35.288886],[13.094615,35.306525],[13.083018,35.336615],[13.096446,35.435248],[13.094981,35.447882],[13.089366,35.459845],[13.078746,35.472235],[12.95045,35.557318],[12.936778,35.573981],[12.925914,35.595465],[12.91859,35.62287],[12.920299,35.620429],[12.922618,35.624213],[12.925059,35.632148],[12.927989,35.653327],[12.927257,35.66297],[12.924449,35.669379],[12.91859,35.670844],[12.882823,35.661505],[12.872203,35.656623],[12.864879,35.650641],[12.859874,35.642646],[12.844371,35.584662],[12.845958,35.52497],[12.84254,35.513861],[12.835338,35.506171],[12.822642,35.502814],[12.772227,35.50434],[12.761974,35.508368],[12.753184,35.514655],[12.745128,35.523627],[12.726573,35.550849],[12.705577,35.641364],[12.702647,35.646796],[12.685313,35.65589],[12.66505,35.660346],[12.58253,35.66059],[12.568004,35.663642],[12.558604,35.670844],[12.582896,35.739386],[12.584483,35.754035],[12.582652,35.766852],[12.578258,35.77265],[12.514171,35.809699],[12.510631,35.814826],[12.512706,35.827948],[12.543834,35.879706],[12.55067,35.899482],[12.549815,35.919562],[12.537608,35.939521],[12.510631,35.958808],[12.483531,35.971625],[12.464,35.97724],[12.449474,35.977057],[12.437633,35.972357],[12.392711,35.944464],[12.240123,35.902228],[12.227916,35.895026],[12.222667,35.886786],[12.21815,35.846503],[12.221446,35.834601],[12.229259,35.823188],[12.243175,35.81214],[12.294566,35.790839],[12.33961,35.781745],[12.437633,35.783576],[12.454112,35.77967],[12.46046,35.766425],[12.455699,35.739508],[12.438487,35.694831],[12.40919,35.656684],[12.369884,35.646552],[12.324107,35.658515],[12.275645,35.68653],[12.184947,35.766547],[12.126598,35.838813],[12.123302,35.845771],[12.107066,35.903449],[12.102672,35.910834],[12.087901,35.927436],[12.056651,35.95307],[12.01002,35.980048],[12.006602,35.982795],[11.994884,36.011786],[11.98231,36.12873],[11.97401,36.142157],[11.958629,36.150824],[11.941783,36.154303],[11.925548,36.154059],[11.910045,36.150763],[11.89503,36.144721],[11.880504,36.13642],[11.827891,36.090827],[11.786143,36.020087],[11.776988,36.011298],[11.766612,36.006781],[11.749034,36.007453],[11.731578,36.014594],[11.626842,36.090705],[11.598643,36.10279],[11.58314,36.104438],[11.529918,36.089911],[11.510997,36.087714],[11.491954,36.091315],[11.473033,36.103461],[11.4546,36.126837],[11.446178,36.148017],[11.446056,36.167792],[11.452037,36.186469],[11.496715,36.25434],[11.502574,36.27088],[11.502208,36.277228],[11.480724,36.320441],[11.47816,36.331244],[11.478648,36.342841],[11.479991,36.346381],[11.499034,36.373969],[11.50172,36.381903],[11.502574,36.390815],[11.500865,36.405707],[11.465587,36.489569],[11.4546,36.534857],[11.454356,36.55268],[11.479625,36.66413],[11.478648,36.678839],[11.465709,36.716864],[11.406505,36.822821],[11.39796,36.85047],[11.392955,36.896674],[11.389171,36.90766],[11.382701,36.91883],[11.377208,36.92414],[11.344981,36.942328],[11.338756,36.948676],[11.335094,36.95661],[11.334605,36.966864],[11.340343,36.99433],[11.343883,37.000067],[11.348277,37.002692],[11.37086,37.008246],[11.382701,37.014777],[11.426646,37.052253],[11.433971,37.079169],[11.413219,37.098029],[11.222057,37.14289],[11.190684,37.15882],[11.17628,37.179084],[11.14088,37.305915],[11.125499,37.335761],[11.102916,37.359687],[11.070567,37.374823],[11.045177,37.376837],[11.022838,37.370124],[11.002696,37.357062],[10.92567,37.288336],[10.902599,37.278876],[10.789561,37.269538],[10.66981,37.29029],[10.617686,37.312018],[10.576427,37.341254],[10.549937,37.378241],[10.542613,37.422858],[10.548961,37.439765],[10.563365,37.44831],[10.583507,37.450873],[10.673717,37.442755],[10.686656,37.446784],[10.691539,37.455451],[10.69276,37.469062],[10.683116,37.556281],[10.686656,37.56684],[10.696788,37.575202],[10.710216,37.578559],[10.776988,37.576545],[10.792857,37.580878],[10.806651,37.590827],[10.812144,37.600348],[10.825694,37.699103],[10.830577,37.710883],[11.027843,37.879706],[11.046275,37.906378],[11.046641,37.926825],[11.04005,37.929755],[11.023814,37.933783],[10.891856,37.94184],[10.806651,37.926825],[10.795421,37.921393],[10.787364,37.913275],[10.753429,37.86225],[10.735606,37.846686],[10.710582,37.830817],[10.696666,37.825141],[10.460704,37.783759],[10.446056,37.774787],[10.435069,37.760932],[10.427501,37.74018],[10.414439,37.661078],[10.407237,37.645819],[10.395763,37.634528],[10.134654,37.542792],[10.120128,37.543524],[10.050182,37.563788],[10.010753,37.569159],[9.990611,37.56684],[9.712657,37.450324],[9.678599,37.446784],[9.650767,37.450141],[9.628429,37.458075],[9.536998,37.529731],[9.510631,37.542792],[9.49171,37.547675],[9.36085,37.539374],[9.342662,37.542792],[9.338634,37.545844],[9.335216,37.551337],[9.321788,37.587775],[9.318614,37.590827],[9.110728,37.689765],[9.094005,37.705817],[9.088878,37.725714],[9.098643,37.750922],[9.126598,37.782843],[9.157359,37.803351],[9.174083,37.818854],[9.177257,37.825629],[9.174693,37.830817],[9.143809,37.849555],[9.122935,37.856269],[9.112559,37.856879],[9.102672,37.854865],[9.097057,37.85102],[9.092662,37.844977],[9.080699,37.809088],[9.078624,37.806769],[8.969371,37.798102],[8.952403,37.792609],[8.934703,37.782843],[8.914317,37.765815],[8.828136,37.633795],[8.766612,37.56684],[8.658092,37.513495],[8.594981,37.470404],[8.577159,37.446784],[8.574718,37.422858],[8.600597,37.374152],[8.640025,37.352607],[8.688975,37.349433],[8.85255,37.362677],[8.898936,37.345526],[8.934703,37.302802],[8.935924,37.292975],[8.93275,37.278998],[8.914195,37.243598],[8.881969,37.207831],[8.861583,37.193244],[8.838512,37.182868],[8.826182,37.180548],[8.814464,37.181891],[8.756724,37.205695],[8.742686,37.206855],[8.730601,37.205329],[8.720348,37.202094],[8.687999,37.184882],[8.67982,37.182746],[8.670665,37.182868],[8.640269,37.189276],[8.620738,37.197638],[8.590709,37.2237],[8.578014,37.229499],[8.557872,37.232184],[8.526622,37.23078],[8.4994,37.225592],[8.328136,37.145941],[7.913463,37.10224],[7.698497,37.038581],[7.662608,37.038825],[7.646495,37.041999],[7.508556,37.115485],[7.455455,37.130133],[7.403941,37.164008],[7.391124,37.169806],[7.376231,37.172736],[7.357555,37.172248],[7.218761,37.138922],[7.177867,37.121649],[7.020274,37.023505],[6.990611,37.014777],[6.97816,37.0138],[6.965709,37.015448],[6.891246,37.037116],[6.84962,37.037909],[6.740733,37.0138],[6.726695,37.014777],[6.681895,37.029303],[6.514537,37.117987],[6.465099,37.128974],[6.40858,37.127814],[6.331798,37.106574],[6.02711,36.952826],[5.955943,36.940253],[5.775401,36.950019],[5.728404,36.938178],[5.677867,36.915168],[5.635875,36.884711],[5.586436,36.80799],[5.574718,36.798774],[5.47462,36.747992],[5.388682,36.723883],[5.349498,36.721503],[5.311778,36.725348],[5.166637,36.774787],[5.155284,36.783881],[5.082652,36.863654],[5.070567,36.870795],[4.902721,36.894782],[4.758678,36.942816],[4.282725,36.939704],[4.280406,36.940253],[4.263805,36.94123],[4.253307,36.94007],[4.249034,36.938788],[3.810069,36.959174],[3.702647,36.942816],[3.680675,36.934943],[3.540904,36.854193],[3.510631,36.846869],[3.150645,36.846869],[2.79066,36.846869],[2.76295,36.837592],[2.621104,36.736579],[2.598643,36.726813],[2.576549,36.721991],[2.406627,36.726813],[2.262584,36.678839],[2.172008,36.681464],[1.917308,36.632148],[1.662608,36.582831],[1.387462,36.574774],[1.371837,36.577277],[1.129405,36.558417],[0.795136,36.438564],[0.460867,36.318712],[0.126598,36.198859],[0.115367,36.189704],[0.043956,36.111701],[0.03065,36.10279],[0.005748,36.093329],[-0.000417,36.092108],[-0.065358,36.078803],[-0.478688,35.920172],[-0.48058,35.92005],[-0.490712,35.917426],[-0.494862,35.915107],[-0.501881,35.908576],[-0.641347,35.838813],[-0.647023,35.839179],[-0.723622,35.862616],[-0.737416,35.862799],[-0.763295,35.857733],[-0.946034,35.776923],[-1.027821,35.757453],[-1.199635,35.746344],[-1.233754,35.733222],[-1.263722,35.709174],[-1.289296,35.670844],[-1.303212,35.613349],[-1.307301,35.605475],[-1.313344,35.598822],[-1.533131,35.457099],[-1.752919,35.315375],[-1.841359,35.286811],[-1.855153,35.285407],[-1.868825,35.287177],[-1.943715,35.309882],[-1.961415,35.310797],[-1.987904,35.308051],[-2.110707,35.264289],[-2.129384,35.262885],[-2.14745,35.26496],[-2.292531,35.305854],[-2.657338,35.310797],[-2.685964,35.330085],[-2.803944,35.509467],[-2.835256,35.536017],[-2.87328,35.550849],[-2.89092,35.552436],[-2.909779,35.551337],[-2.950795,35.54206],[-3.041371,35.502814],[-3.050954,35.495917],[-3.108022,35.440131],[-3.143239,35.414435],[-3.161305,35.406867],[-3.200795,35.402411],[-3.353383,35.406867],[-3.521352,35.382819],[-3.536549,35.385993],[-3.652943,35.429877],[-3.665334,35.430793],[-3.68578,35.425788],[-3.703236,35.416632],[-3.785573,35.346442],[-3.809316,35.334845],[-3.823232,35.33161],[-3.953297,35.334845],[-4.11559,35.258734],[-4.156972,35.249701],[-4.199208,35.250067],[-4.241322,35.262885],[-4.247426,35.276068],[-4.233815,35.295783],[-4.184987,35.346442],[-4.168691,35.37287],[-4.170339,35.397223],[-4.199452,35.417243],[-4.26537,35.430793],[-4.337026,35.431098],[-4.361989,35.424689],[-4.379994,35.414191],[-4.391103,35.399726],[-4.39568,35.381537],[-4.393605,35.359809],[-4.385365,35.334845],[-4.382069,35.33393],[-4.358388,35.315497],[-4.331471,35.284491],[-4.32433,35.267768],[-4.325307,35.252082],[-4.337392,35.238837],[-4.364552,35.234442],[-4.769399,35.310797],[-4.785146,35.323004],[-4.798573,35.33869],[-4.865346,35.45484],[-4.985402,35.574836],[-4.997548,35.581794],[-5.011891,35.585822],[-5.092397,35.59339],[-5.105275,35.598822],[-5.201344,35.694831],[-5.225209,35.739386],[-5.263539,35.881476],[-5.254262,35.904425],[-5.253529,35.908759],[-5.253407,35.913031],[-5.255055,35.921576],[-5.259084,35.929267],[-5.261952,35.932685],[-5.26537,35.935614],[-5.269154,35.937995],[-5.273122,35.939704],[-5.277333,35.940924],[-5.281667,35.941474],[-5.286,35.941352],[-5.290395,35.940619],[-5.302174,35.936042],[-5.312856,35.938178],[-5.326833,35.93891],[-5.353993,35.951728],[-5.364308,35.954474],[-5.389027,35.955695],[-5.451833,35.948127],[-5.47997,35.937995],[-5.509816,35.916693],[-5.71703,35.908637],[-5.731496,35.91297],[-5.736073,35.915839],[-5.762807,35.939582],[-5.7683,35.942023],[-5.77361,35.942328],[-5.778066,35.940741],[-5.782521,35.937751],[-5.80248,35.915839],[-5.821034,35.900763],[-6.12917,35.75968],[-6.437306,35.618598],[-6.44933,35.598822],[-6.470204,35.318183],[-6.48589,35.275031],[-6.510243,35.2331],[-6.561391,35.169074],[-6.665334,34.926825],[-6.688588,34.896491],[-6.841664,34.76081],[-6.85735,34.734809],[-6.866933,34.707038],[-6.881337,34.494818],[-6.884633,34.485358],[-6.924428,34.412177],[-6.95226,34.326606],[-6.961781,34.312873],[-6.976186,34.301032],[-7.355601,34.178433],[-7.735015,34.055833],[-8.11443,33.933234],[-8.366444,33.794471],[-8.618459,33.655707],[-9.000111,33.35987],[-9.034352,33.301093],[-9.04131,33.294806],[-9.052235,33.289435],[-9.064198,33.286261],[-9.115102,33.280524],[-9.12682,33.276862],[-9.137318,33.270819],[-9.447377,32.990973],[-9.506398,32.919989],[-9.521352,32.886847],[-9.569325,32.694831],[-9.713368,32.502814],[-9.761342,32.382819],[-9.818532,32.312323],[-9.833302,32.286811],[-9.838735,32.270148],[-9.849355,32.142218],[-9.85735,32.118842],[-9.860646,32.114936],[-9.866322,32.111579],[-9.902333,32.098029],[-9.905324,32.094855],[-9.906422,32.089972],[-9.902821,32.056647],[-9.90331,32.051093],[-9.905324,32.04682],[-10.145375,31.854865],[-10.267201,31.877021],[-10.282582,31.872138],[-10.283559,31.857611],[-10.26537,31.830817],[-10.256581,31.825873],[-10.149098,31.787665],[-10.131764,31.774665],[-10.121327,31.758857],[-10.122426,31.747443],[-10.17101,31.635321],[-10.200551,31.572333],[-10.213979,31.521796],[-10.182485,31.048407],[-10.10027,30.881964],[-10.09734,30.870856],[-10.099233,30.853034],[-10.103017,30.840399],[-10.108327,30.831488],[-10.114797,30.82508],[-10.137746,30.808112],[-10.145375,30.798835],[-10.184743,30.727851],[-10.19048,30.723029],[-10.193349,30.726874],[-10.182546,30.695563],[-9.992665,30.416938],[-9.977284,30.366828],[-9.97466,30.271247],[-9.993398,30.126227],[-10.055714,30.002204],[-10.374379,29.716193],[-10.493642,29.654425],[-10.523183,29.63288],[-10.608998,29.541266],[-10.641164,29.515815],[-10.752919,29.465277],[-10.984364,29.273993],[-11.009328,29.262885],[-11.369313,29.238837],[-11.685536,29.054633],[-11.949635,29.009864],[-12.213735,28.965094],[-12.340932,28.904914],[-12.62975,28.711798],[-12.962483,28.382849],[-13.295216,28.0539],[-13.474416,27.76557],[-13.653615,27.47724],[-13.688222,27.362982],[-13.719228,27.016364],[-13.747487,26.957282],[-13.793324,26.910834],[-13.889333,26.86286],[-13.896657,26.864264],[-13.943471,26.887885],[-13.957448,26.891608],[-13.971547,26.891669],[-13.985341,26.886847],[-14.013661,26.8664],[-14.201344,26.646857],[-14.465352,26.478858],[-14.72936,26.310858],[-14.835683,26.158759],[-14.873341,26.118842],[-14.900014,26.102484],[-15.04424,26.047248],[-15.068593,26.026984],[-15.089284,25.998847],[-15.095204,25.985419],[-15.098073,25.972296],[-15.101491,25.923957],[-15.105702,25.913153],[-15.113332,25.902838],[-15.119435,25.898505],[-15.185292,25.878852],[-15.551259,25.599372],[-15.569325,25.590888],[-15.603749,25.584174],[-15.723561,25.589728],[-15.747365,25.583991],[-15.768056,25.569403],[-15.785329,25.542853],[-15.789906,25.531928],[-15.795461,25.510627],[-15.79778,25.50672],[-15.809316,25.494818],[-15.905324,25.446845],[-16.109334,25.146857],[-16.313344,24.846869],[-16.340382,24.653144],[-16.361318,24.582892],[-16.379018,24.554267],[-16.550191,24.352576],[-16.721364,24.150885],[-16.727101,24.136542],[-16.74529,24.006842],[-16.901326,23.646857],[-17.057362,23.286872],[-17.129323,22.974829],[-17.201283,22.662787],[-17.309285,22.386817],[-17.417287,22.110846],[-17.417287,21.846808],[-17.489369,21.606879],[-17.495595,21.310187],[-17.537343,21.150824],[-17.549367,21.132025],[-17.648244,21.028083],[-17.657338,21.006842],[-17.665334,20.971686],[-17.672078,20.680701],[-17.678822,20.389716],[-17.63329,20.262824],[-17.633107,20.241767],[-17.657887,20.151679],[-17.657338,20.142829],[-17.519765,19.909735],[-17.513356,19.902838],[-17.488515,19.887458],[-17.462514,19.877387],[-17.339467,19.860602],[-17.321339,19.854865],[-17.310414,19.848395],[-17.300893,19.840277],[-17.268483,19.800482],[-17.249318,19.782843],[-17.221669,19.768256],[-17.174611,19.751349],[-17.163869,19.744452],[-17.15331,19.73487],[-17.147939,19.727179],[-17.144521,19.718695],[-17.134511,19.671576],[-17.129323,19.662848],[-17.125417,19.659491],[-17.084401,19.641974],[-17.081349,19.638861],[-17.00475,19.449408],[-16.759206,19.185981],[-16.74529,19.158881],[-16.742482,19.142157],[-16.769338,18.990851],[-16.704884,18.762519],[-16.697377,18.750861],[-16.690358,18.746283],[-16.681203,18.743476],[-16.638783,18.73664],[-16.630727,18.732795],[-16.625356,18.726874],[-16.523793,18.244269],[-16.50768,17.984015],[-16.549001,17.840888],[-16.565114,17.559211],[-16.577321,17.526862],[-16.583669,17.517462],[-16.633901,17.477362],[-16.64269,17.467047],[-16.649342,17.45484],[-16.673329,17.334845],[-16.721364,17.238837],[-16.74529,17.118842],[-16.750111,17.110175],[-16.785207,17.068549],[-16.790273,17.058356],[-16.793324,17.046881],[-16.795033,16.976325],[-16.769338,16.758857],[-16.817311,16.590827],[-16.817311,16.446845],[-16.820973,16.433661],[-16.826405,16.421759],[-16.854604,16.377631],[-16.865346,16.350836],[-16.868764,16.330085],[-16.861745,16.222968],[-16.865346,16.206855],[-16.87383,16.188239],[-16.953175,16.082587],[-16.961293,16.062812],[-16.964528,16.046637],[-16.958485,15.956],[-16.961293,15.918891],[-16.964223,15.912116],[-17.009328,15.846869],[-17.106068,15.553473],[-17.202809,15.260077],[-17.321339,15.126899],[-17.328969,15.105536],[-17.33965,14.970282],[-17.345326,14.958808],[-17.362294,14.945075],[-17.38268,14.936042],[-17.495961,14.918036],[-17.513356,14.910895],[-17.552602,14.878546],[-17.590443,14.834662],[-17.63329,14.766852],[-17.63622,14.739203],[-17.557118,14.426947],[-17.538442,14.19477],[-17.562245,14.083503],[-17.56133,14.070807],[-17.554128,14.048712],[-17.544301,14.031562],[-17.477773,13.96894],[-17.465321,13.950812],[-17.461842,13.940924],[-17.460988,13.929328],[-17.467763,13.865485],[-17.465321,13.854804],[-17.461049,13.848273],[-17.454945,13.84339],[-17.432118,13.831305],[-17.425343,13.825568],[-17.420155,13.817694],[-17.417287,13.80683],[-17.423024,13.73963],[-17.441335,13.662909],[-17.451894,13.637641],[-17.480092,13.591376],[-17.489369,13.56684],[-17.492177,13.54682],[-17.486989,13.436164],[-17.489369,13.422858],[-17.65923,13.003974],[-17.654042,12.929145],[-17.657338,12.91883],[-17.660024,12.916571],[-17.705312,12.894843],[-17.681325,12.774848],[-17.679799,12.775702],[-17.675588,12.774909],[-17.663564,12.769477],[-17.65807,12.765387],[-17.654469,12.760688],[-17.653798,12.755744],[-17.657338,12.750922],[-17.671193,12.736518],[-17.677907,12.721625],[-17.678578,12.706061],[-17.674611,12.689399],[-17.537343,12.390876],[-17.521413,12.374579],[-17.419423,12.307013],[-17.403981,12.290412],[-17.3933,12.270819],[-17.390675,12.256964],[-17.3933,12.054816],[-17.382802,12.005805],[-17.345326,11.910834],[-17.346852,11.895148],[-17.351186,11.879645],[-17.381276,11.811103],[-17.3933,11.766913],[-17.391713,11.769477],[-17.388783,11.769171],[-17.384938,11.766669],[-17.376454,11.757575],[-17.370351,11.747016],[-17.369374,11.742926],[-17.415151,11.655768],[-17.417287,11.646918],[-17.415395,11.637885],[-17.384877,11.571723],[-17.371632,11.526801],[-17.369374,11.502875],[-17.370412,11.486762],[-17.393422,11.41651],[-17.3933,11.406867],[-17.345326,11.262824],[-17.322438,11.087409],[-17.312795,11.066413],[-17.297353,11.04682],[-17.236562,11.022101],[-17.228444,11.020758],[-17.225392,11.022895],[-17.231191,11.000251],[-17.335317,10.854377],[-17.346181,10.828437],[-17.345326,10.806891],[-17.328969,10.779731],[-17.312978,10.774726],[-17.296376,10.785468],[-17.235585,10.849433],[-17.20873,10.860114],[-17.177297,10.854926],[-17.176625,10.850165],[-17.108205,10.719733],[-17.105336,10.710883],[-17.113332,10.6789],[-17.116811,10.673529],[-17.121816,10.669867],[-17.12914,10.667304],[-17.15331,10.662848],[-17.225392,10.662848],[-17.21349,10.630927],[-17.195851,10.603095],[-17.173695,10.579779],[-17.148,10.561347],[-17.120046,10.548102],[-17.090871,10.540412],[-17.061574,10.53852],[-16.974172,10.554938],[-16.953114,10.553717],[-16.935414,10.546759],[-16.919423,10.533271],[-16.796193,10.334601],[-16.793324,10.32685],[-16.791127,10.281562],[-16.815053,10.138922],[-16.807423,10.111151],[-16.785634,10.085944],[-16.74529,10.062934],[-16.666127,10.040778],[-16.65453,10.034857],[-16.647511,10.025702],[-16.645558,10.011542],[-16.649342,9.990851],[-16.673512,9.925055],[-16.673329,9.918891],[-16.664113,9.89765],[-16.649159,9.880378],[-16.630544,9.8664],[-16.559926,9.830268],[-16.553334,9.822882],[-16.551015,9.805121],[-16.580678,9.667243],[-16.577321,9.654853],[-16.510976,9.586676],[-16.50536,9.582892],[-16.49828,9.583686],[-16.451772,9.607001],[-16.437672,9.610907],[-16.42339,9.611335],[-16.409291,9.606879],[-16.399587,9.598517],[-16.392323,9.586676],[-16.374074,9.528388],[-16.368642,9.517585],[-16.361318,9.510871],[-16.342885,9.504096],[-16.213368,9.49372],[-16.193349,9.486884],[-16.186147,9.481513],[-16.179738,9.473395],[-16.151845,9.421149],[-16.145375,9.414862],[-15.68932,9.270941],[-15.617299,9.222846],[-15.6032,9.221076],[-15.510854,9.226386],[-15.497365,9.222846],[-15.487538,9.217475],[-15.436635,9.159186],[-15.425343,9.150946],[-15.415883,9.146674],[-15.340566,9.132514],[-15.329335,9.12696],[-15.312734,9.114203],[-15.222157,9.01557],[-15.20934,9.006903],[-15.196278,9.002814],[-15.181691,9.00196],[-15.102773,9.010138],[-15.089284,9.006903],[-15.082753,9.002631],[-15.077809,8.996711],[-15.06548,8.974311],[-15.059743,8.967597],[-15.05193,8.962226],[-15.04131,8.958869],[-14.843312,8.963263],[-14.825307,8.958869],[-14.771901,8.928168],[-14.724049,8.884223],[-14.684682,8.829596],[-14.657338,8.766913],[-14.646291,8.690558],[-14.641286,8.680426],[-14.633351,8.670844],[-14.624074,8.664618],[-14.61443,8.662604],[-14.577077,8.665473],[-14.559682,8.663886],[-14.538564,8.65821],[-14.513295,8.646857],[-14.507131,8.641486],[-14.471303,8.579169],[-14.465321,8.574897],[-14.196889,8.512641],[-14.158559,8.490058],[-14.130116,8.461676],[-14.116444,8.426764],[-14.122548,8.38465],[-14.15331,8.334967],[-14.174794,8.322211],[-14.197865,8.329657],[-14.297231,8.438422],[-14.321767,8.45484],[-14.345326,8.45484],[-14.368947,8.43714],[-14.376088,8.414374],[-14.370839,8.387885],[-14.305043,8.266791],[-14.297292,8.238837],[-14.296132,8.205024],[-14.299794,8.185492],[-14.306447,8.175238],[-14.321584,8.163459],[-14.326405,8.152228],[-14.326894,8.131049],[-14.321339,8.094855],[-14.260548,7.915473],[-14.177358,7.758918],[-14.155324,7.735541],[-13.754689,7.456183],[-13.684316,7.358466],[-13.673329,7.350898],[-13.325337,7.278907],[-12.977345,7.206916],[-12.943105,7.208686],[-12.833363,7.230902],[-12.825917,7.229865],[-12.784352,7.20838],[-12.773549,7.206305],[-12.761342,7.206916],[-12.757619,7.208625],[-12.737904,7.225898],[-12.730946,7.229499],[-12.722768,7.23133],[-12.713307,7.230902],[-12.69225,7.224921],[-12.492055,7.125006],[-12.319936,7.092658],[-12.305348,7.086859],[-12.295277,7.078681],[-12.288564,7.068732],[-12.266652,7.003974],[-12.257375,6.990912],[-12.246266,6.980719],[-12.233998,6.973273],[-12.17101,6.95008],[-12.161366,6.942878],[-12.072987,6.838629],[-12.05248,6.824347],[-12.02654,6.816352],[-11.991811,6.81568],[-11.903188,6.830024],[-11.871693,6.830634],[-11.847218,6.824774],[-11.826222,6.81269],[-11.705312,6.702887],[-11.513356,6.582831],[-11.50005,6.567694],[-11.432729,6.453315],[-11.417348,6.438849],[-11.399098,6.428229],[-11.267262,6.399298],[-11.249379,6.390937],[-11.228871,6.374457],[-11.10558,6.21778],[-11.081349,6.19892],[-11.059316,6.187201],[-10.94872,6.158637],[-10.937367,6.150885],[-10.926808,6.139228],[-10.918691,6.127143],[-10.89922,6.077948],[-10.796498,5.911078],[-10.745351,5.86286],[-10.737294,5.857856],[-10.728322,5.85456],[-10.689504,5.84748],[-10.680898,5.844062],[-10.673329,5.838874],[-10.670461,5.835028],[-10.652272,5.79383],[-10.649342,5.790839],[-10.361318,5.670905],[-10.225575,5.505194],[-10.169362,5.454901],[-10.148,5.443122],[-9.997243,5.395453],[-9.977284,5.382941],[-9.881337,5.286872],[-9.873769,5.273993],[-9.843495,5.180365],[-9.833302,5.166938],[-9.645253,4.986701],[-9.457204,4.806464],[-9.90416,4.594389],[-10.351116,4.382313],[-10.798072,4.170238],[-11.245028,3.958162],[-11.691984,3.746087],[-12.13894,3.534012],[-12.585896,3.321936],[-13.032852,3.109861],[-13.479809,2.897786],[-13.926765,2.68571],[-14.373721,2.473635],[-14.820677,2.261559],[-15.267633,2.049484],[-15.714589,1.837409],[-16.161545,1.625333],[-16.608501,1.413258],[-17.055457,1.201183],[-17.502413,0.989107],[-17.949369,0.777032],[-18.396326,0.564957],[-18.843282,0.352881],[-19.290238,0.140806],[-19.737194,-0.07127],[-20.18415,-0.283345],[-20.631106,-0.49542],[-21.078062,-0.707496],[-21.525018,-0.919571],[-21.971974,-1.131646],[-22.41893,-1.343722],[-22.865886,-1.555797],[-23.312843,-1.767873],[-23.759799,-1.979948],[-24.206755,-2.192023],[-24.653711,-2.404099],[-25.100667,-2.616174],[-25.547623,-2.828249],[-25.994579,-3.040325],[-26.441535,-3.2524],[-26.888491,-3.464475],[-27.335447,-3.676551],[-27.782403,-3.888626],[-28.22936,-4.100702],[-28.676316,-4.312777],[-29.123272,-4.524852],[-29.570228,-4.736928],[-30.017184,-4.949003],[-30.46414,-5.161078],[-30.911096,-5.373154],[-31.358052,-5.585229],[-31.805008,-5.797305],[-32.251964,-6.00938],[-32.69892,-6.221455],[-33.145876,-6.433531],[-33.592833,-6.645606],[-34.039789,-6.857681],[-34.486745,-7.069757],[-34.653737,-6.726617],[-34.668446,-6.674127],[-34.706044,-6.600641],[-34.74529,-6.257135],[-34.750356,-6.252496],[-34.841359,-6.209161],[-34.849233,-6.194146],[-34.853505,-6.177423],[-34.859364,-6.068048],[-34.871816,-6.023126],[-34.970693,-5.818292],[-34.973744,-5.791192],[-34.971791,-5.765924],[-34.942799,-5.650201],[-34.935902,-5.55816],[-35.011159,-5.211725],[-35.086415,-4.865289],[-35.129201,-4.772638],[-35.15331,-4.74505],[-35.189443,-4.72503],[-35.23998,-4.708429],[-35.370961,-4.686822],[-35.657338,-4.697076],[-35.879262,-4.796197],[-35.969289,-4.817071],[-36.377309,-4.769098],[-36.44933,-4.74505],[-36.452687,-4.741632],[-36.470326,-4.699884],[-36.473317,-4.697076],[-36.50829,-4.687677],[-36.583852,-4.680841],[-36.617299,-4.67315],[-36.628041,-4.667413],[-36.702504,-4.606622],[-36.713307,-4.601007],[-36.86205,-4.576471],[-36.88329,-4.567682],[-36.936269,-4.52691],[-37.237599,-4.173761],[-37.430409,-4.028375],[-37.575429,-3.862115],[-37.786488,-3.698907],[-37.983724,-3.487481],[-38.180959,-3.276056],[-38.208852,-3.256891],[-38.238088,-3.245172],[-38.441335,-3.209161],[-38.446645,-3.206109],[-38.485158,-3.163751],[-38.489308,-3.161065],[-38.497548,-3.159723],[-38.544789,-3.164117],[-38.553517,-3.163385],[-38.56133,-3.161065],[-38.592458,-3.143976],[-38.826619,-2.962335],[-39.06078,-2.780694],[-39.191579,-2.602472],[-39.309804,-2.484063],[-39.325246,-2.445855],[-39.329213,-2.441095],[-39.618672,-2.292047],[-39.908131,-2.142999],[-40.07079,-2.102594],[-40.197987,-2.106134],[-40.235646,-2.101739],[-40.346669,-2.059015],[-40.361318,-2.057184],[-40.59142,-2.115533],[-40.643117,-2.115289],[-40.697255,-2.105157],[-40.707387,-2.099908],[-40.793324,-2.009088],[-40.7907,-2.011529],[-40.889272,-1.913141],[-40.913991,-1.916681],[-40.932118,-1.928521],[-40.945546,-1.94671],[-40.976796,-2.017389],[-40.990651,-2.039361],[-41.009267,-2.057184],[-41.333302,-2.117181],[-41.657338,-2.177179],[-41.682423,-2.171441],[-41.803212,-2.109063],[-41.825307,-2.105157],[-41.854237,-2.105157],[-42.015553,-2.131036],[-42.04131,-2.129083],[-42.072133,-2.121393],[-42.257314,-2.033136],[-42.545277,-2.009088],[-42.56078,-2.002374],[-42.670583,-1.923394],[-42.713368,-1.903375],[-42.845326,-1.870782],[-42.857289,-1.865167],[-43.085286,-1.625177],[-43.313283,-1.385186],[-43.322194,-1.366266],[-43.352162,-1.235528],[-43.361318,-1.217096],[-43.498952,-1.054742],[-43.537526,-1.021783],[-43.553334,-1.001031],[-43.558461,-0.989557],[-43.571401,-0.916436],[-43.577321,-0.905084],[-43.793263,-0.61712],[-44.045247,-0.365106],[-44.297231,-0.113092],[-44.303639,-0.102899],[-44.30724,-0.091729],[-44.315297,-0.029718],[-44.321278,-0.017144],[-44.336171,-0.000177],[-44.495351,0.182135],[-44.512807,0.193915],[-44.534413,0.199836],[-44.561269,0.19892],[-44.586354,0.176154],[-44.594106,0.172675],[-44.601857,0.17182],[-44.609303,0.174872],[-44.621693,0.187934],[-44.674367,0.291388],[-44.688344,0.307807],[-44.705312,0.318915],[-45.114247,0.383002],[-45.353261,0.462836],[-45.369862,0.473395],[-45.473256,0.582831],[-45.810201,0.759284],[-46.147145,0.935736],[-46.457265,1.182868],[-46.465627,1.198798],[-46.495595,1.312323],[-46.505299,1.326911],[-46.659718,1.457526],[-46.550358,1.944679],[-46.440998,2.431832],[-46.331638,2.918984],[-46.222278,3.406137],[-46.112918,3.89329],[-46.003558,4.380443],[-45.894198,4.867595],[-45.784838,5.354748],[-45.675478,5.841901],[-45.566118,6.329054],[-45.456758,6.816207],[-45.347397,7.303359],[-45.238037,7.790512],[-45.128677,8.277665],[-45.019317,8.764818],[-44.909957,9.25197],[-44.800597,9.739123],[-44.691237,10.226276],[-44.581877,10.713429],[-44.472517,11.200582],[-44.363157,11.687734],[-44.253797,12.174887],[-44.144437,12.66204],[-44.035076,13.149193],[-43.925716,13.636345],[-43.816356,14.123498],[-43.706996,14.610651],[-43.597636,15.097804],[-43.488276,15.584957],[-43.378916,16.072109],[-43.269556,16.559262],[-43.160196,17.046415],[-43.050836,17.533568],[-42.941476,18.02072],[-42.832116,18.507873],[-42.722756,18.995026],[-42.613395,19.482179],[-42.504035,19.969332],[-42.394675,20.456484],[-42.285315,20.943637],[-42.175955,21.43079],[-42.066595,21.917943],[-41.957235,22.405095],[-41.847875,22.892248],[-41.738515,23.379401],[-41.629155,23.866554],[-41.519795,24.353707],[-41.410435,24.840859],[-41.301074,25.328012],[-41.191714,25.815165],[-41.082354,26.302318],[-40.972994,26.78947],[-40.863634,27.276623],[-40.754274,27.763776],[-40.644914,28.250929],[-40.535554,28.738082],[-40.426194,29.225234],[-40.316834,29.712387],[-40.207474,30.19954],[-40.098114,30.686693],[-39.988753,31.173845],[-39.879393,31.660998],[-39.770033,32.148151],[-39.660673,32.635304],[-39.551313,33.122457],[-39.441953,33.609609],[-39.332593,34.096762],[-39.223233,34.583915],[-39.113873,35.071068],[-39.004513,35.55822],[-38.895153,36.045373],[-38.785793,36.532526],[-38.676433,37.019679],[-38.567072,37.506832],[-38.457712,37.993984],[-38.348352,38.481137],[-38.238992,38.96829],[-38.129632,39.455443],[-38.020272,39.942595],[-37.910912,40.429748],[-37.801552,40.916901],[-37.692192,41.404054],[-37.582832,41.891207],[-37.473472,42.378359],[-37.364112,42.865512],[-37.254751,43.352665],[-37.145391,43.839818],[-37.036031,44.32697],[-36.926671,44.814123],[-36.817311,45.301276],[-36.321065,45.259536],[-35.82482,45.217795],[-35.328574,45.176055],[-34.832328,45.134315],[-34.336082,45.092575],[-33.839836,45.050834],[-33.343591,45.009094],[-32.847345,44.967354],[-32.351099,44.925613],[-31.854853,44.883873],[-31.358608,44.842133],[-30.862362,44.800393],[-30.366116,44.758652],[-29.86987,44.716912],[-29.373624,44.675172],[-28.877379,44.633431],[-28.381133,44.591691],[-27.884887,44.549951],[-27.388641,44.508211],[-26.892396,44.46647],[-26.39615,44.42473],[-25.899904,44.38299],[-25.403658,44.34125],[-24.907412,44.299509],[-24.411167,44.257769],[-23.914921,44.216029],[-23.418675,44.174288],[-22.922429,44.132548],[-22.426183,44.090808],[-21.929938,44.049068],[-21.433692,44.007327],[-20.937446,43.965587],[-20.4412,43.923847],[-19.944955,43.882106],[-19.448709,43.840366],[-18.952463,43.798626],[-18.456217,43.756886],[-17.959971,43.715145],[-17.463726,43.673405],[-16.96748,43.631665],[-16.471234,43.589925],[-15.974988,43.548184],[-15.478742,43.506444],[-14.982497,43.464704],[-14.486251,43.422963],[-13.990005,43.381223],[-13.493759,43.339483],[-12.997514,43.297743],[-12.501268,43.256002],[-12.005022,43.214262],[-11.508776,43.172522],[-11.01253,43.130781],[-10.516285,43.089041],[-10.020039,43.047301],[-9.523793,43.005561]],[[-31.13683,39.62934],[-31.130544,39.628974],[-31.089345,39.636176],[-31.083974,39.638922],[-31.079213,39.642707],[-31.055592,39.676703],[-31.050588,39.695807],[-31.053883,39.730048],[-31.055531,39.734748],[-31.057912,39.739081],[-31.060841,39.742865],[-31.064443,39.746222],[-31.068532,39.748847],[-31.073048,39.750861],[-31.11266,39.757758],[-31.132436,39.756781],[-31.143666,39.753363],[-31.155263,39.747138],[-31.163075,39.741095],[-31.17162,39.731757],[-31.178456,39.719733],[-31.181874,39.707465],[-31.182607,39.700324],[-31.181569,39.693305],[-31.178944,39.686713],[-31.175649,39.68183],[-31.175404,39.681586],[-31.175282,39.681464],[-31.175221,39.681281],[-31.175038,39.681098],[-31.174916,39.680854],[-31.174794,39.680732],[-31.17455,39.680487],[-31.174428,39.680365],[-31.174367,39.680243],[-31.174245,39.68006],[-31.161488,39.655219],[-31.159291,39.647406],[-31.156972,39.64289],[-31.15392,39.638861],[-31.150319,39.635443],[-31.14623,39.632758],[-31.141652,39.630683],[-31.13683,39.62934]],[[-31.267384,39.330939],[-31.258412,39.328437],[-31.25829,39.328437],[-31.233815,39.324958],[-31.209645,39.328131],[-31.209218,39.328253],[-31.209096,39.328253],[-31.208791,39.328315],[-31.20873,39.328315],[-31.208363,39.328437],[-31.208119,39.328437],[-31.202504,39.329657],[-31.196278,39.332038],[-31.19164,39.329413],[-31.184743,39.326728],[-31.17748,39.325812],[-31.172414,39.326239],[-31.167409,39.327582],[-31.162709,39.329657],[-31.137807,39.349616],[-31.131581,39.356574],[-31.114003,39.384101],[-31.103383,39.413642],[-31.101857,39.423651],[-31.102895,39.466254],[-31.103017,39.466437],[-31.103078,39.46662],[-31.103627,39.469184],[-31.102895,39.493842],[-31.106618,39.517707],[-31.11498,39.540107],[-31.128407,39.560431],[-31.147389,39.577948],[-31.172292,39.591986],[-31.20342,39.601813],[-31.241322,39.606757],[-31.241444,39.606513],[-31.2412,39.583197],[-31.241322,39.582831],[-31.253896,39.574774],[-31.276845,39.551337],[-31.29601,39.520453],[-31.310353,39.48487],[-31.318898,39.447455],[-31.32079,39.411139],[-31.314931,39.378546],[-31.308705,39.364508],[-31.300221,39.352484],[-31.289296,39.342841],[-31.285207,39.340705],[-31.281361,39.33747],[-31.267384,39.330939]],[[-28.004933,38.980658],[-27.974721,38.979682],[-27.961049,38.98255],[-27.948781,38.98786],[-27.938283,38.995795],[-27.938222,38.995795],[-27.9381,38.995795],[-27.938039,38.995856],[-27.937978,38.995917],[-27.937795,38.995978],[-27.937611,38.995978],[-27.937489,38.996039],[-27.937428,38.996039],[-27.937428,38.9961],[-27.937367,38.9961],[-27.937245,38.9961],[-27.925771,39.003485],[-27.911855,39.018683],[-27.907948,39.025946],[-27.906361,39.033942],[-27.906361,39.038031],[-27.906972,39.042121],[-27.914357,39.063239],[-27.923085,39.075751],[-27.994985,39.131659],[-28.000478,39.133429],[-28.006337,39.134101],[-28.025197,39.141913],[-28.059499,39.150519],[-28.073293,39.150824],[-28.073598,39.15058],[-28.073659,39.149848],[-28.072865,39.128119],[-28.073048,39.127265],[-28.073293,39.126776],[-28.091054,39.114081],[-28.103261,39.100898],[-28.110585,39.087287],[-28.112416,39.080451],[-28.113271,39.073615],[-28.113026,39.066779],[-28.109853,39.05329],[-28.103383,39.04029],[-28.077992,39.011176],[-28.054433,38.997138],[-28.0537,38.996894],[-28.053578,38.996833],[-28.053151,38.996772],[-28.052846,38.996588],[-28.05248,38.996527],[-28.052113,38.996405],[-28.05193,38.996344],[-28.036366,38.989386],[-28.004933,38.980658]],[[-27.239858,38.843207],[-27.287282,38.832709],[-27.296864,38.833258],[-27.336598,38.827399],[-27.380299,38.810126],[-27.390309,38.80329],[-27.417897,38.773261],[-27.420644,38.76612],[-27.42162,38.758612],[-27.412099,38.719855],[-27.400502,38.694159],[-27.395497,38.686774],[-27.374867,38.664252],[-27.345204,38.642035],[-27.336903,38.637946],[-27.306508,38.629035],[-27.262441,38.624213],[-27.241139,38.614142],[-27.227956,38.611335],[-27.216664,38.611518],[-27.216542,38.611518],[-27.216481,38.61164],[-27.215077,38.612067],[-27.215016,38.612128],[-27.214894,38.612189],[-27.15569,38.600348],[-27.113332,38.598761],[-27.0985,38.602729],[-27.098439,38.602729],[-27.098378,38.602668],[-27.098378,38.602607],[-27.098134,38.602607],[-27.07903,38.602912],[-27.050282,38.613349],[-27.038381,38.620124],[-27.030934,38.630011],[-26.991444,38.652838],[-26.965382,38.674628],[-26.955678,38.68653],[-26.948842,38.699042],[-26.945546,38.712104],[-26.945302,38.718817],[-26.946401,38.71894],[-27.087941,38.829047],[-27.113332,38.838813],[-27.148854,38.844672],[-27.239858,38.843207]],[[-27.760426,38.611335],[-27.779775,38.623481],[-28.067616,38.716712],[-28.355458,38.809943],[-28.365529,38.80976],[-28.369862,38.808661],[-28.373647,38.80683],[-28.377065,38.804145],[-28.380116,38.800605],[-28.382863,38.79621],[-28.386891,38.785834],[-28.387746,38.781012],[-28.387807,38.776374],[-28.387135,38.771979],[-28.384023,38.763739],[-28.378651,38.756354],[-28.363149,38.74372],[-28.343556,38.733832],[-28.342214,38.728095],[-28.338612,38.721259],[-28.329091,38.710639],[-28.276784,38.675544],[-28.276723,38.675544],[-28.276601,38.675544],[-28.276357,38.675421],[-28.275746,38.675116],[-28.275624,38.675116],[-28.275502,38.675055],[-28.275075,38.674262],[-28.275014,38.67414],[-28.274953,38.674079],[-28.274892,38.674018],[-28.27245,38.670111],[-28.258046,38.658393],[-28.249501,38.654975],[-28.236073,38.653266],[-28.235768,38.653266],[-28.235341,38.653266],[-28.234792,38.653388],[-28.234303,38.653388],[-28.233876,38.653449],[-28.233327,38.653449],[-28.2329,38.65351],[-28.232411,38.65351],[-28.232106,38.653571],[-28.232045,38.653571],[-28.231923,38.653571],[-28.231801,38.653632],[-28.231618,38.653632],[-28.231557,38.653693],[-28.219655,38.637885],[-28.211171,38.630255],[-28.185658,38.616156],[-28.084645,38.589423],[-28.079213,38.586859],[-28.065541,38.573065],[-28.055409,38.566291],[-28.039418,38.560614],[-28.032948,38.560248],[-28.026601,38.561347],[-28.020497,38.563788],[-28.020436,38.563788],[-28.020375,38.56391],[-28.020253,38.56391],[-28.020192,38.563971],[-28.020131,38.563971],[-28.020009,38.564032],[-28.019948,38.564032],[-28.019887,38.564093],[-28.016652,38.562506],[-27.999928,38.559882],[-27.981191,38.562323],[-27.974233,38.559394],[-27.965199,38.552863],[-27.923879,38.536689],[-27.893117,38.531684],[-27.841969,38.513739],[-27.765309,38.509223],[-27.756215,38.51142],[-27.748402,38.515082],[-27.742116,38.520148],[-27.737294,38.526801],[-27.729726,38.547309],[-27.728932,38.565985],[-27.734303,38.582709],[-27.745046,38.597785],[-27.760426,38.611335]],[[-28.249745,38.524726],[-28.294972,38.565253],[-28.313283,38.574836],[-28.716603,38.67475],[-28.723622,38.674689],[-28.730397,38.672919],[-28.745656,38.663336],[-28.757863,38.650458],[-28.772572,38.645453],[-28.827748,38.635565],[-28.834645,38.632331],[-28.837331,38.630255],[-28.852467,38.627448],[-28.857777,38.624945],[-28.862416,38.621588],[-28.866383,38.617255],[-28.869435,38.612128],[-28.871388,38.606635],[-28.872304,38.600898],[-28.871693,38.592841],[-28.868825,38.579596],[-28.865285,38.573371],[-28.86028,38.568122],[-28.796254,38.532599],[-28.772511,38.50434],[-28.760365,38.495551],[-28.737843,38.487006],[-28.725942,38.484992],[-28.713307,38.485419],[-28.678029,38.492255],[-28.67693,38.492255],[-28.676625,38.492255],[-28.675526,38.492255],[-28.675404,38.492316],[-28.65569,38.487006],[-28.637135,38.485602],[-28.622426,38.489203],[-28.607289,38.497382],[-28.602162,38.503058],[-28.602101,38.503058],[-28.60204,38.502997],[-28.601796,38.502997],[-28.601613,38.502936],[-28.601491,38.502936],[-28.60143,38.502875],[-28.601369,38.502875],[-28.601308,38.502875],[-28.578847,38.491584],[-28.578847,38.484442],[-28.572621,38.466193],[-28.54308,38.429755],[-28.470693,38.377936],[-28.46349,38.376044],[-28.456105,38.375983],[-28.434132,38.383612],[-28.301259,38.381598],[-28.289418,38.378607],[-28.283437,38.372992],[-28.277455,38.364447],[-28.265431,38.355048],[-28.250905,38.349066],[-28.244985,38.347846],[-28.237904,38.347968],[-28.22997,38.350226],[-28.193288,38.372687],[-28.180776,38.376288],[-28.054006,38.368659],[-28.036,38.374884],[-28.019093,38.388373],[-28.016347,38.391791],[-28.014089,38.395575],[-28.012441,38.399604],[-28.010915,38.40821],[-28.011098,38.412543],[-28.018971,38.441962],[-28.025563,38.449836],[-28.025624,38.450507],[-28.025258,38.454108],[-28.026967,38.462653],[-28.029591,38.46839],[-28.031239,38.470526],[-28.033131,38.472235],[-28.035268,38.473517],[-28.037587,38.474494],[-28.043019,38.475409],[-28.065236,38.472724],[-28.103932,38.475898],[-28.191823,38.497138],[-28.191884,38.497199],[-28.192006,38.497199],[-28.192067,38.49726],[-28.192189,38.49726],[-28.19225,38.497321],[-28.192372,38.497321],[-28.192494,38.497382],[-28.192616,38.497382],[-28.192616,38.497443],[-28.209645,38.50904],[-28.217946,38.512885],[-28.224477,38.514838],[-28.229482,38.517768],[-28.249745,38.524726]],[[-25.512441,37.67768],[-25.505605,37.676886],[-25.500172,37.677375],[-25.481801,37.684333],[-25.463368,37.685736],[-25.42162,37.683783],[-25.191884,37.711005],[-25.14684,37.726569],[-25.133412,37.736274],[-25.090321,37.783271],[-25.070546,37.817816],[-25.065663,37.834723],[-25.064259,37.850898],[-25.066762,37.865729],[-25.069508,37.872504],[-25.073354,37.878852],[-25.086964,37.890021],[-25.108388,37.898078],[-25.170461,37.905768],[-25.649281,37.878852],[-25.661305,37.881781],[-25.672047,37.886115],[-25.674123,37.891913],[-25.680287,37.900214],[-25.687795,37.907477],[-25.722707,37.93067],[-25.75414,37.941291],[-25.764943,37.942328],[-25.84789,37.935065],[-25.855519,37.932135],[-25.861928,37.927253],[-25.866872,37.920783],[-25.868642,37.916938],[-25.875722,37.915045],[-25.881825,37.912238],[-25.884389,37.910468],[-25.886525,37.908332],[-25.888173,37.905829],[-25.889272,37.902777],[-25.894032,37.876715],[-25.893666,37.852607],[-25.8886,37.83039],[-25.879079,37.810065],[-25.865529,37.791571],[-25.848134,37.774787],[-25.803395,37.746283],[-25.682607,37.707343],[-25.53716,37.689215],[-25.512441,37.67768]],[[-25.176259,36.916999],[-25.152028,36.915961],[-25.119985,36.922003],[-25.068288,36.908332],[-25.029652,36.904486],[-25.02953,36.904486],[-25.02831,36.904486],[-25.028188,36.904486],[-25.021657,36.905036],[-25.015981,36.906684],[-25.010732,36.90943],[-24.986684,36.934027],[-24.983693,36.940863],[-24.982533,36.948127],[-24.987904,36.976813],[-25.009877,37.018866],[-25.028798,37.040229],[-25.052235,37.059638],[-25.104726,37.090705],[-25.152211,37.108283],[-25.169301,37.110846],[-25.169423,37.110541],[-25.169118,37.087287],[-25.169301,37.086859],[-25.181996,37.072333],[-25.191151,37.058051],[-25.197194,37.044013],[-25.20049,37.03028],[-25.225575,37.008368],[-25.228383,37.004035],[-25.230336,36.999335],[-25.231313,36.994452],[-25.231618,36.989386],[-25.231007,36.98432],[-25.229482,36.979438],[-25.21581,36.958258],[-25.207509,36.950568],[-25.203359,36.942572],[-25.193044,36.927924],[-25.188344,36.923041],[-25.182668,36.919379],[-25.176259,36.916999]],[[-16.350087,32.988715],[-16.333058,32.985785],[-16.31664,32.986274],[-16.301259,32.990729],[-16.287221,32.999396],[-16.275136,33.012641],[-16.265187,33.031195],[-16.264882,33.032233],[-16.264821,33.032416],[-16.264638,33.033087],[-16.264577,33.033271],[-16.264516,33.033637],[-16.256825,33.037848],[-16.252553,33.041693],[-16.249135,33.046454],[-16.246449,33.053839],[-16.245839,33.058417],[-16.246083,33.062995],[-16.246999,33.06745],[-16.248647,33.071662],[-16.250844,33.075751],[-16.257192,33.082709],[-16.259633,33.097846],[-16.259633,33.11225],[-16.260548,33.116461],[-16.262013,33.120429],[-16.266713,33.12757],[-16.273244,33.133246],[-16.277028,33.135321],[-16.292226,33.153327],[-16.328847,33.181525],[-16.367116,33.198188],[-16.384267,33.20185],[-16.398671,33.202094],[-16.40453,33.200934],[-16.409291,33.198798],[-16.431691,33.182135],[-16.447011,33.163642],[-16.456044,33.143744],[-16.45934,33.122992],[-16.457509,33.101935],[-16.451344,33.081183],[-16.441335,33.061103],[-16.428212,33.042304],[-16.427846,33.035163],[-16.426808,33.030829],[-16.42516,33.02674],[-16.423024,33.022895],[-16.420277,33.019477],[-16.416982,33.016425],[-16.413319,33.013983],[-16.38915,33.004157],[-16.384145,33.003669],[-16.367238,32.994757],[-16.350087,32.988715]],[[-16.986806,32.619086],[-16.844594,32.614569],[-16.792714,32.630378],[-16.788075,32.633307],[-16.784108,32.637091],[-16.764333,32.669501],[-16.764272,32.669501],[-16.757741,32.679084],[-16.731191,32.707221],[-16.72643,32.710273],[-16.695302,32.720954],[-16.684621,32.720954],[-16.673329,32.718817],[-16.655873,32.709906],[-16.639516,32.69422],[-16.609486,32.647711],[-16.508839,32.420295],[-16.49651,32.405646],[-16.483937,32.397773],[-16.470937,32.397773],[-16.457326,32.406806],[-16.454457,32.410224],[-16.452077,32.414069],[-16.44872,32.423163],[-16.447011,32.433905],[-16.446889,32.446295],[-16.462941,32.522956],[-16.465932,32.531256],[-16.625356,32.814826],[-16.882558,32.858527],[-16.887318,32.861457],[-16.911366,32.869696],[-16.922536,32.870673],[-16.986012,32.862433],[-17.024403,32.845404],[-17.043019,32.842047],[-17.059865,32.843329],[-17.081776,32.85456],[-17.113149,32.863105],[-17.11382,32.86341],[-17.114125,32.863471],[-17.114369,32.863654],[-17.114735,32.863715],[-17.11498,32.863898],[-17.115224,32.863959],[-17.115407,32.86402],[-17.149037,32.892829],[-17.155873,32.896369],[-17.17925,32.903327],[-17.191151,32.903205],[-17.197743,32.90174],[-17.213368,32.895209],[-17.223012,32.887763],[-17.223012,32.887702],[-17.223073,32.887702],[-17.223073,32.887641],[-17.223134,32.887641],[-17.223134,32.88758],[-17.223195,32.88758],[-17.223195,32.887458],[-17.223256,32.887458],[-17.223927,32.887274],[-17.22411,32.887274],[-17.224538,32.887091],[-17.224599,32.887091],[-17.304677,32.856879],[-17.321767,32.84516],[-17.335133,32.830695],[-17.340016,32.822211],[-17.343434,32.812751],[-17.345265,32.802314],[-17.345326,32.790839],[-17.343495,32.784919],[-17.338979,32.778266],[-17.322255,32.762824],[-17.263661,32.726691],[-16.986806,32.619086]],[[-13.700978,31.079718],[-13.694386,31.079474],[-13.67925,31.081305],[-13.573842,31.111945],[-13.571767,31.115668],[-13.570851,31.121405],[-13.571339,31.128974],[-13.575978,31.147773],[-13.585378,31.169074],[-13.599416,31.189948],[-13.61797,31.207404],[-13.628774,31.213996],[-13.640614,31.218573],[-13.653493,31.220771],[-13.667348,31.220343],[-13.680104,31.217536],[-13.691945,31.212592],[-13.702809,31.205878],[-13.712636,31.197455],[-13.730214,31.175299],[-13.738759,31.158637],[-13.743886,31.141364],[-13.744862,31.124457],[-13.743642,31.116461],[-13.7412,31.108893],[-13.737294,31.101813],[-13.732045,31.095343],[-13.72527,31.089667],[-13.716908,31.084784],[-13.706776,31.080878],[-13.700978,31.079718]],[[-15.869557,30.104804],[-15.861562,30.10401],[-15.835561,30.114753],[-15.8308,30.121039],[-15.824513,30.141364],[-15.824941,30.148688],[-15.839589,30.173041],[-15.848683,30.178595],[-15.864552,30.18299],[-15.885976,30.17414],[-15.894948,30.165229],[-15.90453,30.138129],[-15.876576,30.106269],[-15.869557,30.104804]],[[-16.055959,30.031317],[-16.025502,30.000861],[-15.995046,30.031317],[-16.025502,30.061896],[-16.055959,30.031317]],[[-13.905812,28.8935],[-13.906178,28.887885],[-13.903066,28.871222],[-13.908681,28.840583],[-13.912282,28.832526],[-13.919301,28.823615],[-13.926503,28.817206],[-13.943776,28.806342],[-14.044179,28.768378],[-14.057362,28.758857],[-14.058522,28.757209],[-14.059316,28.755072],[-14.059682,28.752509],[-14.056264,28.718329],[-14.056691,28.712958],[-14.057362,28.710822],[-14.058461,28.709296],[-14.060231,28.70777],[-14.101857,28.690436],[-14.103932,28.688727],[-14.105336,28.686835],[-14.108144,28.680976],[-14.120961,28.607001],[-14.125905,28.596015],[-14.134938,28.584174],[-14.258717,28.486029],[-14.274037,28.465705],[-14.285329,28.44245],[-14.331105,28.279364],[-14.349904,28.247321],[-14.359181,28.237494],[-14.368886,28.231086],[-14.378896,28.227362],[-14.389394,28.225714],[-14.473805,28.226752],[-14.51415,28.21662],[-14.543752,28.20307],[-14.556203,28.19184],[-14.627187,28.092414],[-14.648671,28.075629],[-14.788564,28.009772],[-14.795949,28.003302],[-14.801137,27.995917],[-14.803944,27.987555],[-14.804067,27.977973],[-14.80132,27.966864],[-14.797475,27.958747],[-14.792043,27.951361],[-14.785146,27.944525],[-14.776784,27.938422],[-14.75652,27.92829],[-14.732045,27.920783],[-14.67394,27.914191],[-14.609364,27.91883],[-14.585927,27.925116],[-14.461354,28.006049],[-14.441274,28.014838],[-14.42748,28.017585],[-14.334828,28.011115],[-14.321339,28.014838],[-14.315175,28.018439],[-14.294728,28.038398],[-14.290151,28.040229],[-14.281056,28.04621],[-14.233144,28.096198],[-14.187489,28.120917],[-14.138661,28.138739],[-13.921864,28.148078],[-13.897939,28.15412],[-13.889333,28.158881],[-13.868031,28.178168],[-13.852895,28.200202],[-13.842946,28.224433],[-13.83727,28.250556],[-13.83904,28.366156],[-13.829091,28.374274],[-13.821401,28.383857],[-13.816457,28.393378],[-13.81371,28.412482],[-13.815175,28.419806],[-13.819692,28.430732],[-13.827687,28.442816],[-13.828236,28.448615],[-13.827199,28.474677],[-13.800099,28.543586],[-13.800099,28.543769],[-13.800038,28.544013],[-13.800038,28.544196],[-13.793324,28.56684],[-13.794728,28.683783],[-13.795583,28.688056],[-13.793324,28.734809],[-13.778981,28.780829],[-13.760793,28.813544],[-13.753407,28.818915],[-13.745961,28.830024],[-13.724904,28.844672],[-13.701711,28.854132],[-13.560658,28.886603],[-13.529286,28.902838],[-13.513051,28.915229],[-13.499196,28.930121],[-13.476979,28.965644],[-13.463918,28.975775],[-13.457326,28.982856],[-13.441029,29.007331],[-13.436025,29.02027],[-13.435048,29.02967],[-13.436513,29.050055],[-13.436452,29.050238],[-13.436452,29.050666],[-13.436391,29.050727],[-13.436391,29.050971],[-13.434926,29.054206],[-13.428883,29.062812],[-13.425343,29.070868],[-13.42339,29.077887],[-13.422475,29.089362],[-13.42516,29.109992],[-13.409352,29.142829],[-13.397572,29.15998],[-13.279897,29.281806],[-13.26006,29.313422],[-13.253957,29.330146],[-13.250966,29.347724],[-13.251637,29.366217],[-13.256276,29.385932],[-13.26537,29.406806],[-13.272084,29.415961],[-13.281728,29.42414],[-13.30779,29.437323],[-13.375722,29.45307],[-13.442555,29.457709],[-13.481313,29.45484],[-13.519276,29.436835],[-13.526357,29.430793],[-13.531361,29.424689],[-13.534657,29.418341],[-13.536549,29.411872],[-13.538442,29.374274],[-13.542714,29.355841],[-13.553334,29.334845],[-13.868581,29.016181],[-13.889333,28.97486],[-13.897206,28.942816],[-13.900502,28.906562],[-13.900624,28.906378],[-13.901112,28.905463],[-13.901357,28.905219],[-13.901845,28.904303],[-13.901906,28.90412],[-13.904408,28.898993],[-13.905812,28.8935]],[[-15.397023,28.206855],[-15.414296,28.209052],[-15.654897,28.192694],[-15.655263,28.192755],[-15.657338,28.192755],[-15.65746,28.192755],[-15.657704,28.192755],[-15.657765,28.192755],[-15.659596,28.192267],[-15.659718,28.192267],[-15.660024,28.192206],[-15.660756,28.192206],[-15.661061,28.192145],[-15.661855,28.192145],[-15.661977,28.192084],[-15.667714,28.19422],[-15.683034,28.197394],[-15.708485,28.197089],[-15.714223,28.195929],[-15.719411,28.193732],[-15.724049,28.190497],[-15.728139,28.186591],[-15.761342,28.182868],[-15.811086,28.15644],[-15.850575,28.125617],[-15.880849,28.091559],[-15.902943,28.055732],[-15.917836,28.019232],[-15.926442,27.983405],[-15.929311,27.91883],[-15.920522,27.87818],[-15.901723,27.83808],[-15.874501,27.799872],[-15.840443,27.764533],[-15.757558,27.708197],[-15.711903,27.689521],[-15.665334,27.6789],[-15.44933,27.702826],[-15.373341,27.737372],[-15.340443,27.765753],[-15.328725,27.781684],[-15.319753,27.798835],[-15.313344,27.817206],[-15.307485,27.857978],[-15.37029,28.16236],[-15.370229,28.162421],[-15.370229,28.163886],[-15.372487,28.176337],[-15.380422,28.194281],[-15.383962,28.198615],[-15.388173,28.202277],[-15.397023,28.206855]],[[-17.91039,27.879096],[-17.930287,27.881659],[-17.948903,27.877814],[-17.98351,27.857978],[-18.000966,27.851447],[-18.004445,27.848944],[-18.057607,27.839545],[-18.132069,27.812934],[-18.160634,27.792731],[-18.183522,27.782599],[-18.187489,27.779486],[-18.190907,27.775824],[-18.193593,27.771613],[-18.195607,27.766974],[-18.196767,27.762091],[-18.197194,27.756964],[-18.189809,27.716681],[-18.18163,27.701178],[-18.167958,27.687506],[-18.158376,27.681159],[-18.138539,27.672736],[-18.071645,27.663398],[-18.061086,27.659369],[-18.05547,27.651129],[-18.036733,27.632086],[-18.029714,27.627021],[-18.007924,27.615729],[-17.993642,27.612372],[-17.972096,27.613715],[-17.965566,27.616278],[-17.959889,27.620185],[-17.94695,27.637274],[-17.942616,27.648627],[-17.923695,27.671942],[-17.907826,27.700446],[-17.904408,27.704047],[-17.901051,27.709723],[-17.897206,27.724372],[-17.897206,27.726447],[-17.892934,27.738044],[-17.861379,27.779975],[-17.857228,27.787909],[-17.851308,27.804572],[-17.851308,27.824591],[-17.856068,27.837653],[-17.862904,27.848456],[-17.875295,27.861151],[-17.882741,27.866706],[-17.900258,27.875922],[-17.91039,27.879096]],[[-16.390553,28.1388],[-16.370961,28.209723],[-16.338307,28.259589],[-16.331105,28.278327],[-16.328908,28.280768],[-16.328908,28.280707],[-16.328969,28.280585],[-16.328969,28.280402],[-16.329091,28.280341],[-16.329091,28.28028],[-16.324452,28.28321],[-16.320546,28.286933],[-16.317372,28.291144],[-16.315053,28.295905],[-16.313527,28.30091],[-16.312917,28.306159],[-16.313344,28.311469],[-16.314687,28.316779],[-16.319692,28.328192],[-16.321828,28.331427],[-16.324147,28.347663],[-16.324147,28.350592],[-16.294789,28.367438],[-16.262196,28.394782],[-16.258534,28.398993],[-16.252309,28.402777],[-16.210378,28.44422],[-16.130849,28.480048],[-16.086903,28.51673],[-16.083363,28.523505],[-16.081715,28.530951],[-16.082021,28.538825],[-16.084889,28.555609],[-16.074086,28.57508],[-16.072255,28.583564],[-16.072377,28.587348],[-16.073354,28.590827],[-16.081044,28.603705],[-16.09203,28.614386],[-16.105824,28.623053],[-16.12206,28.629889],[-16.199574,28.642768],[-16.313405,28.638251],[-16.313588,28.637641],[-16.312734,28.61695],[-16.313039,28.61518],[-16.313344,28.614814],[-16.380788,28.590216],[-16.412099,28.569709],[-16.513905,28.477118],[-16.553029,28.456244],[-16.597524,28.441352],[-16.898427,28.42591],[-16.914906,28.419318],[-16.928029,28.410407],[-16.937367,28.398871],[-16.940175,28.392768],[-16.942006,28.386664],[-16.94286,28.380805],[-16.94286,28.374823],[-16.940419,28.363227],[-16.935475,28.351569],[-16.936147,28.330451],[-16.934377,28.32392],[-16.931203,28.318],[-16.89745,28.286689],[-16.873097,28.245429],[-16.866689,28.204291],[-16.860829,28.190558],[-16.850514,28.177375],[-16.822438,28.150824],[-16.822377,28.150763],[-16.822377,28.150641],[-16.822133,28.150214],[-16.822011,28.150153],[-16.822011,28.150092],[-16.82195,28.14997],[-16.821828,28.149787],[-16.821767,28.149665],[-16.821767,28.149482],[-16.817311,28.134955],[-16.807301,28.114264],[-16.800282,28.105353],[-16.783742,28.090888],[-16.754384,28.054877],[-16.753896,28.04975],[-16.749135,28.034125],[-16.739797,28.021064],[-16.731923,28.014899],[-16.723683,28.01026],[-16.723622,28.01026],[-16.723561,28.010199],[-16.723378,28.010199],[-16.723317,28.010077],[-16.723134,28.010077],[-16.723073,28.010016],[-16.723012,28.010016],[-16.721974,28.005622],[-16.708913,27.975592],[-16.703725,27.970282],[-16.697377,27.966498],[-16.670766,27.961005],[-16.658803,27.961493],[-16.564198,27.992743],[-16.543691,27.99433],[-16.518483,28.000495],[-16.507497,28.005988],[-16.485524,28.025092],[-16.424001,28.107428],[-16.40685,28.114997],[-16.402455,28.118354],[-16.398793,28.122504],[-16.390553,28.1388]],[[-17.210927,27.985053],[-17.206349,27.988959],[-17.18932,27.986762],[-17.177358,27.988166],[-17.158803,27.994879],[-17.125234,28.017279],[-17.087026,28.043097],[-17.056874,28.075995],[-17.045888,28.094794],[-17.038014,28.114997],[-17.033681,28.136359],[-17.033315,28.158881],[-17.037099,28.179023],[-17.045216,28.197821],[-17.057118,28.215094],[-17.072377,28.230841],[-17.110829,28.257514],[-17.157216,28.277289],[-17.20757,28.289862],[-17.258168,28.294623],[-17.305287,28.291083],[-17.429189,28.243659],[-17.437062,28.237494],[-17.439687,28.234259],[-17.441335,28.230841],[-17.444753,28.215216],[-17.445546,28.198737],[-17.439565,28.163825],[-17.424733,28.127875],[-17.402394,28.092841],[-17.373769,28.060309],[-17.340138,28.032172],[-17.302846,28.010199],[-17.263112,27.9961],[-17.235463,27.980902],[-17.227651,27.979926],[-17.221791,27.980536],[-17.216176,27.982245],[-17.210927,27.985053]],[[-17.711903,28.605475],[-17.725514,28.679938],[-17.723805,28.683905],[-17.698048,28.710028],[-17.690297,28.724005],[-17.685964,28.74256],[-17.68517,28.749396],[-17.685841,28.75611],[-17.6881,28.762458],[-17.691701,28.768317],[-17.723195,28.800849],[-17.727162,28.806586],[-17.726247,28.821418],[-17.727406,28.827216],[-17.729787,28.832709],[-17.74236,28.848578],[-17.763905,28.866034],[-17.77184,28.870368],[-17.771962,28.870368],[-17.772084,28.870429],[-17.772145,28.870429],[-17.772328,28.870551],[-17.772389,28.870551],[-17.772572,28.870612],[-17.772633,28.870612],[-17.772817,28.870673],[-17.772878,28.870673],[-17.772939,28.870734],[-17.783498,28.879157],[-17.795216,28.88581],[-17.808217,28.890509],[-17.822621,28.893134],[-17.855336,28.891852],[-17.893849,28.880744],[-17.900502,28.88227],[-17.91863,28.8805],[-17.948354,28.867621],[-17.987843,28.837531],[-18.001698,28.830146],[-18.009267,28.823065],[-18.012441,28.818427],[-18.017384,28.80683],[-18.018422,28.800849],[-18.018544,28.800788],[-18.02007,28.798774],[-18.020314,28.798529],[-18.026357,28.785163],[-18.031972,28.747992],[-18.030873,28.7414],[-18.028432,28.735236],[-18.018788,28.723395],[-18.000172,28.663947],[-17.970754,28.606391],[-17.898061,28.508246],[-17.894399,28.48487],[-17.889699,28.472602],[-17.883229,28.46308],[-17.866689,28.446357],[-17.860463,28.436713],[-17.85497,28.431464],[-17.848378,28.427741],[-17.840993,28.425788],[-17.826589,28.42591],[-17.818471,28.42829],[-17.81487,28.430304],[-17.808522,28.435858],[-17.805959,28.439276],[-17.796376,28.45954],[-17.765248,28.496222],[-17.721913,28.571112],[-17.71349,28.592597],[-17.711903,28.605475]],[[-25.299367,16.887519],[-25.290395,16.887336],[-25.278676,16.889411],[-25.272817,16.891913],[-25.192189,16.89765],[-25.169362,16.890815],[-25.145314,16.878852],[-25.142506,16.876288],[-25.140187,16.872504],[-25.138173,16.867682],[-25.123525,16.786566],[-25.121327,16.782904],[-25.049306,16.73487],[-25.038381,16.732489],[-25.014943,16.733283],[-24.889089,16.779608],[-24.867299,16.783332],[-24.857289,16.782904],[-24.844472,16.778571],[-24.666982,16.623603],[-24.649648,16.615546],[-24.633412,16.612128],[-24.618398,16.614386],[-24.60497,16.622992],[-24.593312,16.638861],[-24.586964,16.656928],[-24.586659,16.675238],[-24.591786,16.693549],[-24.60143,16.711859],[-24.631764,16.747626],[-24.809316,16.878852],[-24.8131,16.884589],[-24.815663,16.890631],[-24.818349,16.903449],[-24.817799,16.943183],[-24.819325,16.955268],[-24.821278,16.960822],[-24.824086,16.965949],[-24.828053,16.970649],[-24.833363,16.974799],[-24.837514,16.976996],[-24.842397,16.978461],[-24.853627,16.979621],[-24.919057,16.973456],[-24.929311,16.974799],[-24.948415,16.981818],[-24.961415,16.990119],[-24.965932,16.994757],[-24.969228,16.999701],[-24.971425,17.00495],[-24.972646,17.010443],[-24.972585,17.022284],[-24.960561,17.063056],[-24.957509,17.066352],[-24.947621,17.081122],[-24.943776,17.09162],[-24.942006,17.102423],[-24.944936,17.120917],[-24.948537,17.128058],[-24.948598,17.128119],[-24.948781,17.128363],[-24.948964,17.128485],[-24.949086,17.12873],[-24.949269,17.128913],[-24.949452,17.129157],[-24.949452,17.129218],[-24.949635,17.129462],[-24.949818,17.129584],[-24.953359,17.142829],[-24.953786,17.14289],[-25.025319,17.21485],[-25.05309,17.221381],[-25.08373,17.221869],[-25.093861,17.224921],[-25.109425,17.225592],[-25.269093,17.168402],[-25.316396,17.136176],[-25.320851,17.135565],[-25.333302,17.130927],[-25.347463,17.121711],[-25.377797,17.089545],[-25.384023,17.078925],[-25.388783,17.064582],[-25.388783,17.045966],[-25.383229,17.02912],[-25.383229,17.029059],[-25.383229,17.028937],[-25.382924,17.028632],[-25.382863,17.028571],[-25.382741,17.02851],[-25.382741,17.028388],[-25.38268,17.028327],[-25.384389,17.004279],[-25.381825,16.979377],[-25.374318,16.953498],[-25.361318,16.926886],[-25.351796,16.91352],[-25.341542,16.904303],[-25.330678,16.898444],[-25.319142,16.895331],[-25.316274,16.893256],[-25.299367,16.887519]],[[-23.053456,16.743415],[-23.045705,16.710944],[-23.030751,16.678534],[-23.010365,16.647589],[-22.959767,16.595282],[-22.957997,16.585211],[-22.955312,16.578803],[-22.951222,16.573188],[-22.945912,16.568671],[-22.937856,16.564826],[-22.930959,16.563544],[-22.924062,16.563971],[-22.91747,16.565924],[-22.914296,16.567511],[-22.8933,16.56153],[-22.880849,16.561164],[-22.875234,16.562201],[-22.869985,16.564093],[-22.865285,16.56684],[-22.855336,16.576972],[-22.847279,16.590827],[-22.836354,16.627875],[-22.833608,16.7237],[-22.852651,16.819037],[-22.869069,16.855536],[-22.878713,16.869147],[-22.889333,16.878852],[-22.893605,16.881232],[-22.898061,16.882697],[-22.907155,16.88349],[-22.914479,16.887213],[-22.922231,16.889106],[-22.926198,16.889228],[-22.930165,16.888739],[-22.934071,16.88758],[-23.014027,16.834296],[-23.017629,16.828376],[-23.030934,16.816474],[-23.041066,16.803473],[-23.048207,16.789496],[-23.052419,16.774726],[-23.054189,16.759284],[-23.053456,16.743415]],[[-24.003163,16.562262],[-24.003407,16.601081],[-24.005727,16.609015],[-24.010243,16.616034],[-24.013173,16.619025],[-24.020131,16.623664],[-24.027821,16.626105],[-24.035695,16.626349],[-24.049428,16.637519],[-24.056935,16.641669],[-24.087697,16.652167],[-24.170155,16.658759],[-24.170216,16.65882],[-24.170277,16.65882],[-24.170277,16.658881],[-24.170339,16.658881],[-24.204701,16.674628],[-24.22112,16.678778],[-24.231313,16.6789],[-24.284047,16.671149],[-24.284291,16.671149],[-24.284413,16.67121],[-24.284963,16.67121],[-24.285207,16.671332],[-24.285451,16.671332],[-24.288808,16.673041],[-24.309499,16.690558],[-24.32964,16.702887],[-24.343556,16.70838],[-24.357716,16.711066],[-24.370595,16.709967],[-24.438039,16.687873],[-24.443471,16.683661],[-24.447682,16.678412],[-24.458791,16.649359],[-24.459584,16.631659],[-24.453603,16.60932],[-24.446217,16.59632],[-24.442189,16.59217],[-24.373036,16.486151],[-24.368459,16.47132],[-24.367909,16.441779],[-24.366811,16.438483],[-24.364735,16.435492],[-24.361318,16.432685],[-24.349599,16.42768],[-24.329335,16.422858],[-24.321401,16.422858],[-24.313954,16.425666],[-24.306996,16.431098],[-24.300221,16.438605],[-24.246571,16.533332],[-24.229909,16.553229],[-24.220631,16.560797],[-24.2105,16.566107],[-24.201405,16.564032],[-24.126576,16.531806],[-24.114613,16.529425],[-24.043263,16.530158],[-24.021474,16.534857],[-24.017079,16.537116],[-24.013112,16.540107],[-24.009755,16.543708],[-24.006947,16.547797],[-24.004933,16.552253],[-24.00359,16.557196],[-24.003163,16.562262]],[[-23.313588,15.373175],[-23.321339,15.342841],[-23.321339,15.326056],[-23.318288,15.307807],[-23.277333,15.207709],[-23.280446,15.202765],[-23.284169,15.193854],[-23.28716,15.181586],[-23.285085,15.161628],[-23.279042,15.14881],[-23.273549,15.140998],[-23.262257,15.12934],[-23.246632,15.117987],[-23.240285,15.104682],[-23.235097,15.097419],[-23.228749,15.091315],[-23.220937,15.086493],[-23.211293,15.082831],[-23.185414,15.079047],[-23.137074,15.083014],[-23.106496,15.095404],[-23.084584,15.115058],[-23.070363,15.140876],[-23.062734,15.17182],[-23.063405,15.245246],[-23.13036,15.53913],[-23.129323,15.558844],[-23.127431,15.56446],[-23.033315,15.678839],[-23.02892,15.681708],[-23.019521,15.685248],[-22.979787,15.689704],[-22.971303,15.692816],[-22.96758,15.69538],[-22.964223,15.698676],[-22.961293,15.702887],[-22.949208,15.729621],[-22.944203,15.753302],[-22.944447,15.774359],[-22.961842,15.835822],[-22.962148,15.841498],[-22.961293,15.846869],[-22.952565,15.871772],[-22.942738,15.890265],[-22.931874,15.903022],[-22.920155,15.910773],[-22.907399,15.914252],[-22.89391,15.91413],[-22.760182,15.868659],[-22.740956,15.868048],[-22.721303,15.870856],[-22.719167,15.87226],[-22.625661,15.967047],[-22.625356,15.966864],[-22.598805,16.029975],[-22.59026,16.083686],[-22.591664,16.107367],[-22.596486,16.129218],[-22.604237,16.149359],[-22.627187,16.185065],[-22.871327,16.354926],[-22.894093,16.359748],[-22.918385,16.359748],[-22.974721,16.346259],[-23.001271,16.333503],[-23.050588,16.295478],[-23.089528,16.244208],[-23.102956,16.21485],[-23.111318,16.183661],[-23.113393,16.155646],[-23.109792,16.132331],[-23.077382,16.037116],[-23.07433,16.010565],[-23.077138,15.982001],[-23.085927,15.955268],[-23.098012,15.936408],[-23.112843,15.922126],[-23.19518,15.876715],[-23.23412,15.829047],[-23.252919,15.794623],[-23.266225,15.757636],[-23.274709,15.713629],[-23.273915,15.701056],[-23.267201,15.677314],[-23.212941,15.587836],[-23.203847,15.56269],[-23.201344,15.534857],[-23.203114,15.523444],[-23.20696,15.512274],[-23.220021,15.49079],[-23.299001,15.400275],[-23.313588,15.373175]],[[-23.737843,15.361884],[-23.751637,15.362555],[-23.769643,15.356513],[-23.802846,15.330329],[-23.80663,15.324164],[-23.808827,15.317328],[-23.809438,15.310065],[-23.812734,15.304633],[-23.81432,15.300605],[-23.815297,15.296332],[-23.815541,15.28974],[-23.813771,15.281378],[-23.812001,15.277533],[-23.809682,15.273932],[-23.8037,15.267951],[-23.795033,15.262824],[-23.789662,15.255133],[-23.784963,15.244513],[-23.786122,15.236151],[-23.786488,15.235663],[-23.786672,15.235419],[-23.786794,15.235236],[-23.786855,15.235114],[-23.787099,15.234809],[-23.78716,15.234626],[-23.787282,15.234442],[-23.787526,15.234259],[-23.787892,15.233771],[-23.792958,15.222296],[-23.796071,15.20246],[-23.801198,15.20008],[-23.805653,15.196723],[-23.809438,15.192694],[-23.812489,15.187812],[-23.814687,15.182135],[-23.815602,15.176093],[-23.815297,15.169989],[-23.802541,15.134223],[-23.802541,15.133734],[-23.80248,15.13349],[-23.80248,15.132636],[-23.802358,15.132392],[-23.802358,15.131964],[-23.802602,15.131415],[-23.802724,15.131049],[-23.803456,15.129157],[-23.803517,15.128974],[-23.815663,15.108771],[-23.820912,15.095404],[-23.821217,15.07685],[-23.818654,15.068915],[-23.814198,15.059943],[-23.806508,15.050605],[-23.80132,15.033149],[-23.801381,15.033149],[-23.801381,15.03321],[-23.801564,15.03321],[-23.801564,15.033271],[-23.801625,15.033271],[-23.800893,15.02967],[-23.799672,15.026313],[-23.796071,15.020087],[-23.791188,15.015021],[-23.784963,15.011115],[-23.760487,15.000922],[-23.760426,14.985785],[-23.752919,14.965949],[-23.695912,14.912848],[-23.686208,14.907233],[-23.628102,14.888556],[-23.565358,14.884101],[-23.560902,14.881903],[-23.55071,14.878852],[-23.534047,14.878241],[-23.50829,14.884101],[-23.507314,14.884101],[-23.506825,14.884162],[-23.50591,14.884162],[-23.505483,14.884284],[-23.50475,14.884284],[-23.49883,14.885504],[-23.498769,14.885504],[-23.498708,14.885565],[-23.498586,14.885565],[-23.498464,14.885688],[-23.498341,14.885688],[-23.498219,14.885749],[-23.498158,14.885749],[-23.498036,14.88581],[-23.489369,14.886847],[-23.47997,14.890387],[-23.461964,14.900763],[-23.44518,14.914923],[-23.416921,14.951728],[-23.398549,14.995978],[-23.394154,15.019171],[-23.393788,15.041205],[-23.395924,15.051154],[-23.404347,15.070441],[-23.666798,15.330512],[-23.688588,15.343207],[-23.719045,15.352362],[-23.721913,15.352484],[-23.726552,15.356696],[-23.731862,15.359809],[-23.737843,15.361884]],[[-24.287831,15.029547],[-24.300832,15.038703],[-24.303578,15.043647],[-24.309926,15.051215],[-24.323964,15.063239],[-24.337026,15.069831],[-24.367726,15.07508],[-24.388356,15.073127],[-24.412221,15.066413],[-24.478017,15.034369],[-24.506276,15.014838],[-24.529775,14.988227],[-24.546498,14.96015],[-24.555104,14.932502],[-24.554921,14.916571],[-24.549184,14.895758],[-24.544545,14.886359],[-24.53069,14.867377],[-24.467946,14.814887],[-24.428517,14.794257],[-24.418813,14.791266],[-24.380299,14.786444],[-24.366139,14.788031],[-24.347035,14.795356],[-24.32787,14.793769],[-24.295277,14.796759],[-24.28185,14.801093],[-24.270253,14.807318],[-24.260487,14.815314],[-24.252492,14.82508],[-24.246327,14.836493],[-24.241811,14.849555],[-24.239125,14.864325],[-24.238759,14.898322],[-24.257314,14.982856],[-24.265492,15.002143],[-24.27599,15.017462],[-24.287831,15.029547]],[[-24.695546,14.929145],[-24.703786,14.930609],[-24.712087,14.929572],[-24.727589,14.923346],[-24.741444,14.921576],[-24.752187,14.918036],[-24.769887,14.907233],[-24.774403,14.901801],[-24.777577,14.895453],[-24.779164,14.888617],[-24.781911,14.885749],[-24.784291,14.882392],[-24.787465,14.875617],[-24.788808,14.868293],[-24.788258,14.860907],[-24.783864,14.84925],[-24.787831,14.83985],[-24.788747,14.834784],[-24.788808,14.829718],[-24.788075,14.824652],[-24.786488,14.819892],[-24.784108,14.815497],[-24.780873,14.811408],[-24.776906,14.807868],[-24.773305,14.805548],[-24.765492,14.802741],[-24.761464,14.80213],[-24.761342,14.802069],[-24.761281,14.802008],[-24.761281,14.801947],[-24.76122,14.801947],[-24.761159,14.801825],[-24.761098,14.801825],[-24.761037,14.801703],[-24.760976,14.801703],[-24.746449,14.792121],[-24.737294,14.781134],[-24.731557,14.77735],[-24.725148,14.774909],[-24.716298,14.774054],[-24.703114,14.775092],[-24.696095,14.777961],[-24.690053,14.782477],[-24.685292,14.788398],[-24.683095,14.792121],[-24.681874,14.792792],[-24.681508,14.792914],[-24.680653,14.793463],[-24.680531,14.793586],[-24.667409,14.804206],[-24.658009,14.819892],[-24.654347,14.835639],[-24.653554,14.843512],[-24.657521,14.881171],[-24.666005,14.902594],[-24.673329,14.912787],[-24.687978,14.925605],[-24.695546,14.929145]],[[-29.394765,0.801642],[-29.389882,0.801215],[-29.387318,0.801337],[-29.366628,0.803168],[-29.352773,0.807929],[-29.341115,0.815497],[-29.333424,0.822699],[-29.324696,0.834235],[-29.319569,0.844794],[-29.315907,0.858771],[-29.319997,0.883551],[-29.330922,0.899787],[-29.346486,0.911689],[-29.371755,0.920233],[-29.381459,0.92182],[-29.388661,0.920905],[-29.415212,0.914496],[-29.427968,0.908026],[-29.443349,0.89466],[-29.453114,0.878241],[-29.456044,0.86518],[-29.454884,0.847846],[-29.449757,0.834113],[-29.441579,0.822089],[-29.430653,0.812201],[-29.414906,0.804816],[-29.394765,0.801642]],[[-32.395741,-3.776544],[-32.462758,-3.806573],[-32.474233,-3.816095],[-32.482167,-3.82586],[-32.486989,-3.83587],[-32.488881,-3.845758],[-32.488759,-3.850763],[-32.486806,-3.86065],[-32.48998,-3.866021],[-32.491994,-3.871881],[-32.492726,-3.877984],[-32.492177,-3.88421],[-32.490224,-3.890313],[-32.48705,-3.895807],[-32.482777,-3.900567],[-32.468984,-3.90899],[-32.449147,-3.912286],[-32.43633,-3.910089],[-32.436269,-3.910089],[-32.436147,-3.909845],[-32.43578,-3.909845],[-32.427358,-3.913385],[-32.39269,-3.92193],[-32.3756,-3.922174],[-32.35967,-3.919488],[-32.345326,-3.913385],[-32.33904,-3.90899],[-32.333363,-3.903497],[-32.328542,-3.897149],[-32.324452,-3.889703],[-32.321339,-3.881158],[-32.320668,-3.877252],[-32.320485,-3.872369],[-32.324208,-3.845636],[-32.341359,-3.791314],[-32.345326,-3.785089],[-32.350331,-3.780816],[-32.355763,-3.777643],[-32.36144,-3.775445],[-32.373158,-3.773614],[-32.384877,-3.774225],[-32.395741,-3.776544]],[[-33.702382,-3.921685],[-33.691213,-3.909356],[-33.680531,-3.893609],[-33.664296,-3.856988],[-33.66039,-3.838678],[-33.660451,-3.82232],[-33.662221,-3.81524],[-33.665273,-3.809015],[-33.670033,-3.805841],[-33.678944,-3.802911],[-33.744862,-3.795953],[-33.893422,-3.802911],[-33.90154,-3.805841],[-33.905263,-3.809015],[-33.9063,-3.816461],[-33.904408,-3.825616],[-33.899953,-3.835992],[-33.884084,-3.859552],[-33.860585,-3.88421],[-33.831532,-3.907037],[-33.798695,-3.924981],[-33.76415,-3.934991],[-33.746816,-3.936212],[-33.729787,-3.934381],[-33.713307,-3.929132],[-33.707936,-3.92608],[-33.702382,-3.921685]],[[-35.970204,-3.907037],[-35.993337,-3.905084],[-35.99352,-3.90545],[-35.993642,-3.906183],[-35.992909,-3.927789],[-35.993153,-3.928643],[-35.993337,-3.929132],[-35.997121,-3.930841],[-36.026967,-3.938287],[-36.036,-3.942071],[-36.039723,-3.944757],[-36.042714,-3.947931],[-36.044789,-3.951959],[-36.045827,-3.95672],[-36.045705,-3.962457],[-36.04131,-3.977105],[-36.036672,-3.986261],[-36.03246,-3.991632],[-36.030385,-3.993341],[-36.028249,-3.994317],[-36.026051,-3.99505],[-36.007863,-3.99627],[-35.998708,-3.998834],[-35.878407,-4.065606],[-35.852162,-4.072931],[-35.840016,-4.073785],[-35.828664,-4.071954],[-35.818349,-4.06756],[-35.809132,-4.060113],[-35.80132,-4.049127],[-35.795644,-4.034356],[-35.794911,-4.019952],[-35.798695,-4.006036],[-35.806203,-3.992608],[-35.830556,-3.967706],[-35.900807,-3.928155],[-35.970204,-3.907037]],[[-3.111989,35.956671],[-3.142995,35.901435],[-3.150685,35.87519],[-3.151418,35.863654],[-3.149648,35.853461],[-3.145131,35.845099],[-3.137318,35.838813],[-3.128529,35.837531],[-3.096303,35.845282],[-2.998158,35.891242],[-2.902699,35.957343],[-2.873586,35.990302],[-2.866872,36.005316],[-2.866444,36.018988],[-2.87328,36.030829],[-2.877614,36.034064],[-2.882558,36.035895],[-2.887929,36.036444],[-2.893666,36.036017],[-2.905751,36.032538],[-2.917653,36.026801],[-2.945302,36.006781],[-3.052724,36.010199],[-3.065358,36.006781],[-3.070668,36.003669],[-3.077382,35.997992],[-3.111989,35.956671]],[[12.028697,36.711554],[12.028941,36.711432],[12.036754,36.712165],[12.042735,36.714179],[12.048106,36.717414],[12.079112,36.752875],[12.081554,36.758307],[12.082896,36.764106],[12.080943,36.792792],[12.073985,36.809577],[12.060191,36.825934],[12.012096,36.862799],[12.006236,36.864814],[12.000133,36.865668],[11.993785,36.86518],[11.986949,36.863105],[11.980968,36.859381],[11.978648,36.861701],[11.967052,36.868842],[11.960704,36.870856],[11.945079,36.871833],[11.942882,36.871283],[11.942149,36.871222],[11.930064,36.866889],[11.92982,36.866706],[11.929698,36.866584],[11.926402,36.864569],[11.918224,36.861212],[11.906383,36.853583],[11.902721,36.850959],[11.897105,36.844489],[11.894908,36.840644],[11.893321,36.836615],[11.892589,36.832404],[11.892345,36.82807],[11.895274,36.807074],[11.899181,36.796576],[11.912608,36.77204],[11.912852,36.771735],[11.913463,36.771064],[11.913707,36.770697],[11.914195,36.770087],[11.914561,36.769782],[11.914928,36.769049],[11.915294,36.768805],[11.915782,36.768195],[11.916148,36.76789],[11.91627,36.767524],[11.939952,36.743903],[11.945323,36.739997],[11.945689,36.739691],[11.980968,36.719123],[11.992931,36.715277],[12.028697,36.711554]],[[12.792491,36.78205],[12.823985,36.781378],[12.858409,36.786078],[12.928844,36.808295],[12.988536,36.842047],[13.009532,36.861396],[13.022227,36.88111],[13.024547,36.900519],[13.014659,36.91883],[13.004649,36.930976],[12.998424,36.942694],[12.994762,36.953925],[12.993419,36.964545],[12.997203,37.005927],[12.995616,37.011237],[12.991954,37.015326],[12.985362,37.018134],[12.975474,37.019599],[12.961436,37.019599],[12.899791,37.010565],[12.856334,36.994452],[12.782725,36.951545],[12.774669,36.942816],[12.747691,36.893256],[12.735362,36.853949],[12.735484,36.82392],[12.746349,36.802497],[12.766002,36.788825],[12.792491,36.78205]],[[11.601939,36.293647],[11.625377,36.291999],[11.739268,36.303534],[11.79066,36.318854],[11.806407,36.328192],[11.823131,36.341864],[11.855479,36.378363],[11.879283,36.421149],[11.885631,36.442511],[11.886607,36.462836],[11.883311,36.477973],[11.880504,36.483405],[11.877086,36.487616],[11.873057,36.490729],[11.868785,36.492987],[11.830577,36.501288],[11.819835,36.506659],[11.814586,36.51081],[11.80189,36.525702],[11.77943,36.565863],[11.774425,36.584845],[11.774058,36.595465],[11.774791,36.599189],[11.77589,36.602118],[11.777354,36.604438],[11.779307,36.606147],[11.796519,36.613837],[11.803111,36.61872],[11.810313,36.627875],[11.819591,36.64466],[11.820445,36.648993],[11.820323,36.650824],[11.819835,36.652411],[11.818614,36.653632],[11.817149,36.654425],[11.814586,36.654792],[11.788829,36.653632],[11.770885,36.648322],[11.742686,36.630866],[11.74171,36.629767],[11.740977,36.627997],[11.740733,36.625678],[11.743175,36.584479],[11.742686,36.582831],[11.739268,36.577826],[11.705699,36.548163],[11.58253,36.374335],[11.579112,36.365607],[11.578014,36.360663],[11.577891,36.356147],[11.5796,36.347419],[11.598765,36.294989],[11.598643,36.294806],[11.601939,36.293647]],[[12.841197,35.826239],[12.856944,35.821845],[12.872569,35.821845],[12.8921,35.828925],[12.896251,35.832465],[12.906261,35.863288],[12.903575,35.873969],[12.893565,35.889838],[12.886607,35.895636],[12.866954,35.902716],[12.866588,35.902716],[12.855601,35.90235],[12.849254,35.901496],[12.840587,35.898871],[12.834361,35.895941],[12.817515,35.875312],[12.816173,35.869574],[12.821666,35.844062],[12.826793,35.837287],[12.835216,35.829779],[12.841197,35.826239]],[[13.455211,35.319648],[13.472667,35.319037],[13.488658,35.322211],[13.501964,35.329657],[13.512218,35.341681],[13.518565,35.358832],[13.520396,35.373786],[13.519664,35.388983],[13.51649,35.40412],[13.511241,35.418891],[13.494884,35.44599],[13.472423,35.467841],[13.459117,35.476081],[13.444957,35.482123],[13.430064,35.485663],[13.414561,35.486335],[13.398692,35.483893],[13.382579,35.478034],[13.366588,35.468451],[13.350597,35.45484],[13.340343,35.44068],[13.336314,35.425666],[13.337413,35.410163],[13.343272,35.394538],[13.35316,35.379279],[13.366099,35.364875],[13.399181,35.340094],[13.436656,35.323676],[13.455211,35.319648]],[[23.484752,35.322699],[23.484019,35.312445],[23.48524,35.301581],[23.489757,35.285163],[23.493907,35.277411],[23.496837,35.274115],[23.502574,35.262885],[23.512584,35.251105],[23.525157,35.242011],[23.54005,35.234992],[23.55714,35.229804],[23.557506,35.229193],[23.557628,35.22901],[23.557872,35.228461],[23.557872,35.228217],[23.558482,35.227118],[23.558604,35.226935],[23.559093,35.226142],[23.564342,35.220099],[23.581187,35.210273],[23.604625,35.205634],[23.658946,35.20716],[23.664561,35.202582],[23.671153,35.198554],[23.678355,35.196418],[23.686168,35.196173],[23.716563,35.206671],[23.781139,35.204779],[23.798717,35.209906],[23.805797,35.214789],[23.812999,35.214972],[23.823741,35.21717],[23.827159,35.218695],[23.827525,35.218756],[23.827769,35.218878],[23.847301,35.20954],[23.856334,35.206671],[23.89796,35.201545],[23.981822,35.203437],[23.98585,35.201545],[24.009776,35.176947],[24.021129,35.169562],[24.039561,35.16297],[24.054332,35.161628],[24.075938,35.165045],[24.08192,35.164679],[24.087901,35.165656],[24.093394,35.16767],[24.098521,35.170783],[24.111217,35.168097],[24.147105,35.168097],[24.199229,35.150824],[24.246593,35.142829],[24.280406,35.145575],[24.309581,35.153571],[24.378429,35.159186],[24.38441,35.15235],[24.388072,35.149604],[24.452647,35.122504],[24.473521,35.121833],[24.483165,35.125067],[24.491832,35.123725],[24.507091,35.117133],[24.513438,35.113044],[24.531627,35.094001],[24.551402,35.079413],[24.556529,35.077765],[24.5619,35.077094],[24.567515,35.077216],[24.569835,35.063117],[24.564952,35.007575],[24.566661,34.995368],[24.568858,34.989691],[24.572032,34.98432],[24.576671,34.979377],[24.582652,34.974799],[24.58546,34.973517],[24.702647,34.950812],[24.710826,34.946723],[24.708751,34.939521],[24.709239,34.925605],[24.710826,34.919989],[24.713634,34.914862],[24.71754,34.910285],[24.722179,34.906623],[24.727183,34.903998],[24.732799,34.90235],[24.90211,34.896369],[24.999522,34.906684],[25.00941,34.903266],[25.028697,34.90351],[25.054576,34.912604],[25.075084,34.914679],[25.086558,34.910102],[25.097179,34.908026],[25.107677,34.908026],[25.117442,34.909552],[25.124034,34.911994],[25.13502,34.918769],[25.139415,34.923163],[25.152599,34.925727],[25.205333,34.92182],[25.22816,34.924689],[25.288829,34.944281],[25.308971,34.954779],[25.350719,34.961737],[25.503062,34.954779],[25.514415,34.955939],[25.530894,34.960761],[25.54835,34.968878],[25.579723,34.97724],[25.610362,34.975898],[25.614635,34.974799],[25.628673,34.965522],[25.638805,34.954474],[25.645763,34.942084],[25.650035,34.928656],[25.657848,34.844733],[25.662242,34.833319],[25.669078,34.823493],[25.679088,34.815619],[25.692882,34.809943],[25.71107,34.806952],[25.73463,34.80683],[25.752208,34.809455],[25.765269,34.814887],[25.774547,34.822699],[25.780772,34.832587],[25.784312,34.844184],[25.786021,34.94184],[25.790172,34.953803],[25.79713,34.964179],[25.807384,34.972602],[25.821544,34.978644],[25.923961,35.003913],[25.955821,34.999335],[25.966685,34.999823],[26.004649,34.971198],[26.080455,34.92298],[26.113048,34.895453],[26.151012,34.90058],[26.188853,34.919562],[26.226817,34.984992],[26.254771,35.011542],[26.260387,35.016669],[26.267833,35.026801],[26.347179,35.090033],[26.371226,35.118476],[26.379649,35.134345],[26.38441,35.149726],[26.38502,35.162543],[26.382579,35.174384],[26.362193,35.219428],[26.359141,35.232062],[26.359141,35.254645],[26.364757,35.278876],[26.369273,35.28797],[26.379893,35.301459],[26.398936,35.319037],[26.401378,35.323188],[26.401988,35.328009],[26.40089,35.333686],[26.397472,35.340399],[26.382701,35.358832],[26.367686,35.371649],[26.35023,35.38111],[26.331065,35.387519],[26.310313,35.39112],[26.266124,35.391303],[26.220836,35.384284],[26.140269,35.358832],[26.094615,35.334845],[26.048473,35.299567],[25.891612,35.236945],[25.872203,35.235968],[25.854625,35.238837],[25.852672,35.240912],[25.851451,35.245673],[25.855601,35.379767],[25.854625,35.382819],[25.782603,35.406867],[25.723399,35.411383],[25.537852,35.381415],[25.448009,35.396125],[25.253795,35.48609],[25.226207,35.491278],[25.208995,35.492987],[25.174571,35.479193],[25.142833,35.43946],[25.127452,35.433295],[25.110606,35.430793],[25.09608,35.432563],[24.987071,35.475043],[24.921275,35.4831],[24.567149,35.475531],[24.498546,35.434699],[24.486583,35.430793],[24.402721,35.421576],[24.370616,35.424933],[24.344127,35.432746],[24.32252,35.444342],[24.304942,35.459235],[24.278575,35.496039],[24.239024,35.580756],[24.213023,35.618598],[24.195811,35.634284],[24.174693,35.646796],[24.166392,35.649665],[24.14564,35.652472],[23.92628,35.648261],[23.794322,35.695563],[23.792369,35.697577],[23.792003,35.697821],[23.791881,35.698004],[23.790294,35.699042],[23.774303,35.705634],[23.77296,35.706549],[23.772105,35.707221],[23.769298,35.709113],[23.768565,35.709784],[23.7671,35.710761],[23.751109,35.716376],[23.750499,35.716376],[23.750255,35.716437],[23.749034,35.716437],[23.748668,35.716498],[23.748057,35.716498],[23.736827,35.720465],[23.733653,35.720404],[23.730846,35.719611],[23.729747,35.719001],[23.727672,35.717353],[23.725963,35.715277],[23.723399,35.71015],[23.707774,35.697821],[23.69276,35.68067],[23.687511,35.671515],[23.682994,35.658881],[23.678477,35.652167],[23.675304,35.649237],[23.671641,35.647223],[23.665904,35.645636],[23.661388,35.645331],[23.657237,35.645636],[23.653331,35.646552],[23.649669,35.648139],[23.643077,35.652167],[23.6244,35.669989],[23.622569,35.670844],[23.593883,35.675849],[23.58253,35.675482],[23.573009,35.673407],[23.565074,35.669745],[23.558849,35.664557],[23.554088,35.657965],[23.550426,35.650214],[23.546397,35.631354],[23.549327,35.557624],[23.537608,35.537421],[23.536265,35.531745],[23.536021,35.526007],[23.536876,35.520209],[23.536632,35.519782],[23.536388,35.518012],[23.536388,35.517585],[23.536265,35.516669],[23.536265,35.516242],[23.536021,35.515326],[23.536021,35.514472],[23.536021,35.513983],[23.536388,35.502509],[23.537364,35.498114],[23.539073,35.494025],[23.54127,35.49018],[23.53297,35.469184],[23.532848,35.468512],[23.532603,35.468146],[23.532481,35.467475],[23.532359,35.467047],[23.531993,35.465583],[23.531993,35.465277],[23.531749,35.464545],[23.531627,35.464179],[23.529796,35.450446],[23.53065,35.44422],[23.53297,35.438361],[23.536388,35.433051],[23.53651,35.432624],[23.534312,35.428046],[23.522594,35.410468],[23.510997,35.385749],[23.509166,35.378485],[23.509044,35.371894],[23.487315,35.332465],[23.484752,35.322699]],[[27.127208,35.733466],[27.107432,35.715094],[27.098399,35.698249],[27.094127,35.672675],[27.090709,35.663336],[27.068614,35.650763],[27.068248,35.650397],[27.067515,35.649787],[27.053599,35.634589],[27.053355,35.634345],[27.052989,35.633673],[27.052745,35.633429],[27.052379,35.632758],[27.052135,35.632453],[27.051768,35.631842],[27.051524,35.631537],[27.051036,35.630927],[27.050914,35.630561],[27.050426,35.62995],[27.042979,35.6164],[27.039561,35.605475],[27.038219,35.584967],[27.039561,35.579291],[27.042003,35.57392],[27.048595,35.56507],[27.048473,35.540168],[27.045055,35.524482],[27.041759,35.517035],[27.036998,35.509772],[27.03065,35.502814],[27.018443,35.494574],[27.002696,35.488959],[26.833263,35.468451],[26.816417,35.46015],[26.802379,35.448676],[26.792247,35.433417],[26.786388,35.413703],[26.785655,35.389045],[26.79066,35.358832],[26.7942,35.3487],[26.799571,35.340522],[26.806407,35.334052],[26.814586,35.329291],[26.824229,35.326056],[26.834727,35.324164],[26.858531,35.324042],[26.867076,35.321112],[26.884776,35.320624],[26.896373,35.323981],[26.906749,35.329291],[26.914317,35.335395],[26.998302,35.367804],[27.011974,35.368354],[27.018932,35.370612],[27.022105,35.372443],[27.027843,35.377143],[27.032237,35.383002],[27.052745,35.385932],[27.119029,35.380194],[27.125865,35.376288],[27.13026,35.374884],[27.134776,35.374213],[27.141002,35.374579],[27.15858,35.380927],[27.169566,35.387519],[27.207408,35.419135],[27.22755,35.442939],[27.233165,35.442633],[27.23878,35.443305],[27.244029,35.445014],[27.24879,35.447577],[27.253184,35.451056],[27.256602,35.455207],[27.25941,35.46015],[27.266124,35.48664],[27.264659,35.504523],[27.264659,35.504828],[27.264415,35.505378],[27.264293,35.505683],[27.264171,35.506171],[27.263805,35.506842],[27.263682,35.507392],[27.263438,35.508002],[27.263194,35.508551],[27.263072,35.508857],[27.27064,35.526801],[27.270518,35.526862],[27.250011,35.547065],[27.250377,35.55268],[27.249522,35.558356],[27.247447,35.56391],[27.244395,35.568915],[27.240489,35.573188],[27.231944,35.578925],[27.210826,35.610053],[27.200328,35.650885],[27.200328,35.650946],[27.20045,35.651007],[27.200572,35.651007],[27.200572,35.651068],[27.200694,35.651129],[27.200694,35.65119],[27.200816,35.651252],[27.200816,35.651374],[27.200816,35.651435],[27.206798,35.659796],[27.211192,35.668647],[27.215465,35.681403],[27.241832,35.707404],[27.248424,35.726813],[27.248302,35.727362],[27.248302,35.732795],[27.248057,35.733832],[27.248057,35.73548],[27.244762,35.748603],[27.244517,35.748969],[27.244273,35.749579],[27.243785,35.750312],[27.243419,35.750983],[27.243053,35.751654],[27.242686,35.752326],[27.242198,35.753058],[27.241832,35.753669],[27.24171,35.754035],[27.24171,35.754096],[27.255992,35.798346],[27.256236,35.79859],[27.256358,35.798957],[27.256602,35.799201],[27.257213,35.800849],[27.257335,35.801032],[27.260997,35.814887],[27.260997,35.815253],[27.261119,35.815558],[27.261119,35.816169],[27.260997,35.816474],[27.260997,35.81745],[27.260875,35.818061],[27.265147,35.861212],[27.262584,35.875983],[27.26002,35.881842],[27.256724,35.886664],[27.252574,35.890387],[27.247447,35.893073],[27.241588,35.894782],[27.234874,35.895331],[27.218639,35.893256],[27.188609,35.882209],[27.172862,35.870917],[27.166759,35.864325],[27.157603,35.849311],[27.151744,35.832343],[27.135997,35.822882],[27.130992,35.816596],[27.12794,35.809272],[27.12672,35.794379],[27.128307,35.784674],[27.132457,35.77265],[27.131969,35.751532],[27.127208,35.733466]],[[27.702647,35.790839],[27.71461,35.785834],[27.728892,35.786078],[27.74525,35.7909],[27.763194,35.79975],[27.966685,35.982795],[28.049815,36.03443],[28.086436,36.025397],[28.090831,36.025275],[28.095103,36.025763],[28.103282,36.028632],[28.11024,36.033759],[28.11317,36.037116],[28.117442,36.044928],[28.118541,36.04914],[28.119151,36.053412],[28.118419,36.062018],[28.117076,36.06623],[28.115123,36.070197],[28.115123,36.070258],[28.115123,36.07038],[28.115001,36.070502],[28.114879,36.070563],[28.114757,36.070807],[28.114757,36.070868],[28.114635,36.071112],[28.114635,36.071173],[28.114513,36.071418],[28.11439,36.07154],[28.114268,36.071662],[28.114268,36.071723],[28.114146,36.071845],[28.114268,36.071906],[28.114268,36.071967],[28.114635,36.072272],[28.114635,36.072394],[28.114757,36.072516],[28.114757,36.072577],[28.115123,36.072943],[28.115123,36.073004],[28.115123,36.073065],[28.121349,36.084418],[28.125621,36.099555],[28.125621,36.104438],[28.124766,36.10932],[28.123302,36.114142],[28.128551,36.156989],[28.136851,36.157477],[28.144542,36.15998],[28.148082,36.161933],[28.151256,36.164496],[28.154063,36.167487],[28.156505,36.171088],[28.173595,36.209235],[28.173961,36.209296],[28.177989,36.211615],[28.190807,36.226325],[28.190929,36.22663],[28.190929,36.226752],[28.191051,36.227118],[28.191051,36.22724],[28.191661,36.228461],[28.191661,36.228644],[28.191783,36.228827],[28.200938,36.238288],[28.261119,36.358466],[28.261485,36.358771],[28.281261,36.416877],[28.28419,36.441107],[28.283336,36.450995],[28.28065,36.459296],[28.278575,36.462836],[28.273814,36.468756],[28.268565,36.473578],[28.26295,36.477301],[28.256969,36.480048],[28.244273,36.482856],[28.230601,36.482795],[28.220348,36.485724],[28.206187,36.484259],[28.200938,36.482428],[28.1963,36.479621],[28.192027,36.475836],[28.191905,36.475653],[28.191539,36.475409],[28.191417,36.475165],[28.191051,36.474921],[28.190929,36.474616],[28.190684,36.474372],[28.19044,36.474189],[28.190318,36.474066],[28.075694,36.455573],[28.01649,36.43476],[27.897838,36.370551],[27.891368,36.368781],[27.880626,36.363166],[27.871349,36.355536],[27.871349,36.355475],[27.871226,36.355414],[27.871226,36.355353],[27.871226,36.355292],[27.871104,36.355231],[27.870982,36.35517],[27.87086,36.355048],[27.870738,36.354926],[27.870616,36.354926],[27.870616,36.354865],[27.870616,36.354804],[27.870616,36.354743],[27.796641,36.329535],[27.710704,36.309638],[27.521983,36.269965],[27.511974,36.266425],[27.502696,36.260932],[27.494151,36.253058],[27.486217,36.242438],[27.473155,36.211188],[27.471934,36.205329],[27.472301,36.200629],[27.474132,36.196906],[27.476939,36.194037],[27.480968,36.192023],[27.485728,36.190619],[27.569469,36.177375],[27.600352,36.179633],[27.62025,36.18183],[27.647472,36.188849],[27.660411,36.174689],[27.657359,36.170539],[27.655772,36.166999],[27.654307,36.159919],[27.654674,36.152777],[27.656749,36.146064],[27.669566,36.128302],[27.672496,36.1258],[27.678966,36.122016],[27.680186,36.118109],[27.680308,36.117987],[27.680308,36.117865],[27.680431,36.117743],[27.680553,36.117621],[27.680675,36.117499],[27.680675,36.117377],[27.680675,36.117255],[27.680675,36.117133],[27.680797,36.11695],[27.681041,36.116767],[27.681041,36.116706],[27.681163,36.116523],[27.678599,35.843451],[27.686778,35.811957],[27.693614,35.799933],[27.702647,35.790839]],[[25.917369,36.292304],[25.926646,36.318854],[25.925914,36.318793],[25.924327,36.320197],[25.881236,36.384772],[25.873302,36.406501],[25.86964,36.412665],[25.865489,36.417731],[25.860728,36.421942],[25.855601,36.425177],[25.844249,36.429328],[25.831798,36.430793],[25.818492,36.430121],[25.792003,36.424689],[25.770885,36.431159],[25.764293,36.431159],[25.757823,36.429694],[25.742931,36.421332],[25.73463,36.414374],[25.719981,36.408881],[25.711681,36.403266],[25.709239,36.40058],[25.705211,36.394416],[25.681285,36.378119],[25.667857,36.360724],[25.664073,36.342841],[25.668468,36.325019],[25.680064,36.307807],[25.697398,36.291693],[25.719371,36.27735],[25.772472,36.256049],[25.829723,36.248481],[25.8567,36.251227],[25.881114,36.259101],[25.901866,36.272589],[25.917369,36.292304]],[[27.264659,36.435736],[27.26588,36.42652],[27.270152,36.413825],[27.273204,36.409125],[27.276988,36.405097],[27.287852,36.398078],[27.287974,36.397956],[27.288219,36.397528],[27.288341,36.397345],[27.288463,36.39704],[27.288585,36.396857],[27.288829,36.396552],[27.288951,36.396308],[27.289073,36.396003],[27.289195,36.395819],[27.289439,36.395514],[27.294444,36.389594],[27.300426,36.385199],[27.307262,36.382514],[27.318126,36.381537],[27.328868,36.382453],[27.335582,36.385077],[27.335826,36.384589],[27.335948,36.384345],[27.336192,36.383857],[27.336192,36.383673],[27.336436,36.383246],[27.336558,36.383063],[27.336803,36.382575],[27.336925,36.382331],[27.337047,36.381842],[27.337169,36.381659],[27.337291,36.381415],[27.345103,36.370795],[27.364879,36.35517],[27.370494,36.353156],[27.376598,36.35224],[27.381358,36.352484],[27.381724,36.352484],[27.382091,36.352484],[27.382579,36.352607],[27.382823,36.352607],[27.383311,36.352668],[27.383556,36.352668],[27.384044,36.35279],[27.384166,36.35279],[27.384776,36.352484],[27.38502,36.352423],[27.385142,36.352362],[27.385387,36.35224],[27.385509,36.352118],[27.392223,36.349677],[27.399058,36.348883],[27.405528,36.349616],[27.411632,36.35163],[27.426646,36.352607],[27.43922,36.357428],[27.43922,36.357489],[27.43922,36.35755],[27.439464,36.357672],[27.439586,36.357733],[27.44984,36.359626],[27.455577,36.361884],[27.460582,36.364936],[27.466563,36.371161],[27.471812,36.380255],[27.473399,36.384955],[27.474376,36.389777],[27.474376,36.39466],[27.473033,36.404608],[27.473033,36.405219],[27.473033,36.405524],[27.473277,36.406134],[27.473277,36.40644],[27.473643,36.407782],[27.473643,36.408087],[27.473643,36.408698],[27.473643,36.409003],[27.473888,36.409613],[27.472789,36.416205],[27.472667,36.416632],[27.472545,36.417121],[27.469615,36.425971],[27.469371,36.426154],[27.469249,36.42652],[27.469005,36.426703],[27.468639,36.427863],[27.461558,36.437018],[27.461192,36.437445],[27.460948,36.437628],[27.460582,36.437995],[27.460338,36.438178],[27.459972,36.438605],[27.459727,36.438788],[27.459361,36.439154],[27.459117,36.439399],[27.454845,36.442939],[27.450694,36.445136],[27.446788,36.446601],[27.442393,36.447577],[27.399425,36.476386],[27.395518,36.484931],[27.383189,36.498175],[27.367442,36.507025],[27.360728,36.508979],[27.353892,36.509345],[27.347057,36.508124],[27.329356,36.500678],[27.329356,36.500556],[27.329234,36.500495],[27.329112,36.500434],[27.32899,36.500373],[27.328868,36.500312],[27.328746,36.500251],[27.328624,36.50019],[27.32838,36.500067],[27.328136,36.499945],[27.31129,36.500983],[27.305186,36.502753],[27.298595,36.503119],[27.293101,36.502143],[27.288219,36.499945],[27.27064,36.486823],[27.2671,36.482856],[27.264537,36.478644],[27.262706,36.474311],[27.261851,36.469855],[27.261485,36.465277],[27.262096,36.460578],[27.265025,36.450995],[27.264659,36.435736]],[[26.371104,36.496711],[26.428722,36.503913],[26.466197,36.516913],[26.480846,36.526252],[26.49232,36.537604],[26.500133,36.551154],[26.504649,36.569464],[26.505138,36.588446],[26.501475,36.604377],[26.49818,36.611335],[26.48939,36.623481],[26.477672,36.633185],[26.463878,36.640876],[26.432017,36.650885],[26.406016,36.663336],[26.394542,36.666205],[26.358897,36.667487],[26.352916,36.666327],[26.347423,36.663947],[26.342662,36.660468],[26.340709,36.658698],[26.340587,36.658454],[26.340343,36.658149],[26.340221,36.657904],[26.339976,36.657599],[26.339122,36.65589],[26.338634,36.655341],[26.338512,36.655097],[26.334605,36.654792],[26.284557,36.645758],[26.208995,36.618842],[26.14503,36.582221],[26.125011,36.562751],[26.119395,36.553168],[26.117198,36.543769],[26.118663,36.534857],[26.120006,36.533149],[26.122813,36.531378],[26.167125,36.517462],[26.273448,36.500067],[26.273936,36.499335],[26.274425,36.498847],[26.276134,36.496344],[26.276378,36.496039],[26.291148,36.484992],[26.308238,36.479254],[26.319835,36.477851],[26.343761,36.47956],[26.359996,36.486029],[26.368663,36.492987],[26.368785,36.493354],[26.368907,36.493598],[26.369151,36.493903],[26.369395,36.494147],[26.369884,36.495063],[26.370128,36.495307],[26.370372,36.495917],[26.371104,36.496711]],[[34.575572,35.732856],[34.542613,35.718817],[34.537486,35.719184],[34.528453,35.718268],[34.521251,35.715644],[34.515147,35.711859],[34.501353,35.69892],[34.496959,35.695868],[34.137096,35.56272],[33.777232,35.429572],[33.740855,35.427497],[33.730113,35.424689],[33.705577,35.413336],[33.315807,35.380133],[33.026012,35.413031],[32.895763,35.455695],[32.890636,35.455817],[32.886607,35.45484],[32.868297,35.444342],[32.854625,35.432624],[32.845225,35.419867],[32.839,35.406134],[32.833751,35.376288],[32.832164,35.311103],[32.824351,35.277777],[32.816295,35.261359],[32.804454,35.245307],[32.788097,35.229743],[32.766612,35.214789],[32.759532,35.211798],[32.751475,35.210517],[32.732432,35.211859],[32.603038,35.241278],[32.574718,35.238837],[32.565562,35.23609],[32.555919,35.231513],[32.410045,35.127692],[32.382701,35.118842],[32.373302,35.118354],[32.363414,35.120307],[32.275035,35.160712],[32.264171,35.161628],[32.253307,35.160102],[32.242931,35.155524],[32.233043,35.147467],[32.223521,35.135382],[32.21461,35.118842],[32.211803,35.109992],[32.210948,35.099921],[32.213634,35.07685],[32.233165,35.022284],[32.293224,34.911566],[32.293224,34.911444],[32.293101,34.911383],[32.292979,34.911261],[32.292979,34.910834],[32.292979,34.910712],[32.292979,34.910285],[32.292735,34.910041],[32.293346,34.896918],[32.296764,34.884711],[32.302989,34.872382],[32.303477,34.871711],[32.303599,34.871405],[32.304088,34.870734],[32.30421,34.870429],[32.304698,34.869818],[32.30482,34.869452],[32.305308,34.868781],[32.305431,34.868476],[32.305919,34.867865],[32.306041,34.867499],[32.31422,34.857489],[32.323253,34.849555],[32.386363,34.696051],[32.414683,34.652716],[32.430675,34.6388],[32.440562,34.633857],[32.453014,34.629889],[32.79066,34.590827],[32.862559,34.542853],[32.915172,34.52558],[32.957896,34.520697],[32.993297,34.525824],[33.023448,34.538764],[33.034434,34.539069],[33.04005,34.540534],[33.045421,34.542914],[33.050059,34.546332],[33.053355,34.549933],[33.055675,34.553778],[33.058604,34.562201],[33.058849,34.563361],[33.139537,34.622809],[33.174693,34.6388],[33.194591,34.643744],[33.34254,34.6388],[33.678599,34.782843],[33.681895,34.786444],[33.684459,34.7909],[33.688365,34.801825],[33.698131,34.869086],[33.702525,34.878791],[33.711314,34.889594],[33.722057,34.898871],[33.748668,34.913092],[33.817638,34.928229],[33.828502,34.919135],[33.838145,34.913947],[33.853526,34.909369],[33.869884,34.909003],[33.882091,34.912421],[33.893565,34.918463],[33.902843,34.926154],[33.903209,34.92652],[33.907481,34.93122],[34.105479,34.935981],[34.110118,34.937506],[34.114268,34.939643],[34.118175,34.942389],[34.121471,34.945685],[34.124278,34.949469],[34.126475,34.953742],[34.127818,34.95838],[34.128429,34.963935],[34.12794,34.969306],[34.126475,34.974433],[34.124156,34.979377],[34.125987,34.996955],[34.123546,35.014716],[34.11732,35.03266],[34.010875,35.176886],[33.992076,35.211982],[33.987437,35.229193],[33.986705,35.246161],[33.990611,35.262885],[33.997813,35.277228],[34.005504,35.28675],[34.013682,35.285041],[34.04481,35.285407],[34.058849,35.289496],[34.058971,35.289618],[34.059215,35.289801],[34.059581,35.289984],[34.059825,35.290168],[34.060191,35.290412],[34.060435,35.290534],[34.060802,35.290778],[34.06129,35.291022],[34.091441,35.287055],[34.12025,35.28852],[34.153819,35.29737],[34.188365,35.314704],[34.302623,35.45484],[34.398692,35.502814],[34.442149,35.547736],[34.551036,35.607611],[34.551036,35.607672],[34.55128,35.607856],[34.55189,35.608161],[34.552013,35.608344],[34.552379,35.608466],[34.552623,35.60871],[34.552867,35.608893],[34.552989,35.608954],[34.573253,35.612616],[34.587657,35.617987],[34.592784,35.621649],[34.596934,35.626288],[34.602794,35.638556],[34.602794,35.639045],[34.603404,35.641059],[34.603648,35.642035],[34.604259,35.643988],[34.604381,35.645026],[34.604869,35.64643],[34.604869,35.64704],[34.604991,35.647345],[34.604991,35.648444],[34.605113,35.64881],[34.605113,35.64942],[34.612193,35.662055],[34.616466,35.677069],[34.620982,35.687506],[34.621837,35.693854],[34.621471,35.697089],[34.620128,35.702399],[34.619395,35.70362],[34.615733,35.707587],[34.614635,35.718817],[34.612437,35.724982],[34.609019,35.72956],[34.604747,35.732733],[34.599742,35.734626],[34.594249,35.735419],[34.588145,35.735236],[34.575572,35.732856]],[[15.248302,34.761359],[15.313487,34.821234],[15.336436,34.831977],[15.362926,34.839606],[15.674327,34.864264],[15.696178,34.873542],[15.713756,34.886237],[15.726573,34.902838],[15.72816,34.908637],[15.727916,34.916877],[15.718639,34.953009],[15.688853,35.014472],[15.64503,35.070258],[15.61964,35.088996],[15.606578,35.094794],[15.600841,35.096198],[15.589,35.096381],[15.577037,35.093695],[15.565684,35.089118],[15.535533,35.071112],[15.534557,35.070807],[15.314342,35.08216],[15.246593,35.070807],[15.206798,35.048774],[15.107677,34.963935],[15.078624,34.926825],[15.077281,34.922431],[15.076671,34.916877],[15.077281,34.910529],[15.102916,34.812628],[15.10255,34.80683],[15.099376,34.792609],[15.093761,34.779792],[15.078258,34.757758],[15.029063,34.709723],[15.025523,34.702765],[15.024303,34.695624],[15.026134,34.688239],[15.031505,34.680426],[15.040904,34.672003],[15.074718,34.652961],[15.094005,34.647467],[15.112193,34.645941],[15.129405,34.647773],[15.145518,34.652533],[15.174693,34.668952],[15.199351,34.691169],[15.248302,34.761359]],[[24.133311,34.785102],[24.133311,34.785041],[24.136119,34.785163],[24.137584,34.785529],[24.145885,34.789435],[24.167735,34.797492],[24.181285,34.811164],[24.187144,34.829352],[24.186168,34.850959],[24.178844,34.874945],[24.166026,34.900031],[24.126475,34.949469],[24.073253,34.990546],[24.043101,35.005072],[24.011729,35.014289],[23.979625,35.016974],[23.947642,35.01203],[23.916392,34.998358],[23.886607,34.974799],[23.87086,34.955878],[23.866832,34.948249],[23.865001,34.941596],[23.865245,34.935858],[23.86732,34.930976],[23.87086,34.926825],[23.875865,34.923163],[23.941783,34.898932],[23.9546,34.888556],[24.009044,34.81977],[24.022838,34.810248],[24.094005,34.790229],[24.094737,34.789862],[24.094981,34.789801],[24.095592,34.789496],[24.095958,34.789435],[24.096202,34.789252],[24.096324,34.789191],[24.106578,34.78675],[24.133311,34.785102]],[[14.294566,34.30036],[14.313975,34.298529],[14.359996,34.303778],[14.428722,34.325263],[14.430553,34.32685],[14.441173,34.346625],[14.446666,34.364691],[14.447398,34.380988],[14.44398,34.395575],[14.437022,34.408515],[14.427135,34.419806],[14.414806,34.42945],[14.385142,34.443915],[14.352428,34.452155],[14.321056,34.454413],[14.295787,34.450751],[14.286632,34.446845],[14.275523,34.441474],[14.250499,34.435736],[14.247569,34.434394],[14.245128,34.43244],[14.242931,34.429816],[14.241344,34.426215],[14.240001,34.421454],[14.238658,34.407965],[14.240001,34.383857],[14.246226,34.356452],[14.258922,34.327948],[14.268321,34.315741],[14.279918,34.306281],[14.286632,34.302802],[14.294566,34.30036]],[[25.684459,38.572821],[25.638682,38.67005],[25.63856,38.670844],[25.631236,38.673896],[25.616344,38.677436],[25.601451,38.67768],[25.571422,38.670905],[25.501353,38.63703],[25.474498,38.613837],[25.464976,38.60102],[25.457652,38.587653],[25.452769,38.574042],[25.450084,38.56037],[25.449596,38.547065],[25.451427,38.534186],[25.455211,38.522101],[25.46107,38.510932],[25.469005,38.501044],[25.478526,38.492621],[25.490123,38.485968],[25.503429,38.481269],[25.518565,38.478827],[25.528575,38.478705],[25.578502,38.488837],[25.632091,38.510077],[25.673228,38.534735],[25.684337,38.545966],[25.686656,38.550849],[25.687144,38.556952],[25.684459,38.572821]],[[25.444102,38.916815],[25.396861,38.945746],[25.342662,38.967475],[25.236949,38.988105],[25.19691,38.98664],[25.182628,38.982856],[25.087535,38.889838],[25.086558,38.886847],[25.087169,38.88703],[25.088634,38.886603],[25.134654,38.86286],[25.303966,38.734442],[25.327525,38.722846],[25.339122,38.719733],[25.350597,38.718817],[25.364024,38.720465],[25.405284,38.732489],[25.451671,38.756354],[25.47169,38.772773],[25.486583,38.792304],[25.491588,38.803168],[25.49464,38.814765],[25.49525,38.838446],[25.489757,38.860541],[25.478892,38.880988],[25.463512,38.899787],[25.444102,38.916815]],[[24.581065,38.736518],[24.586436,38.740424],[24.590831,38.745368],[24.593883,38.751166],[24.604015,38.744757],[24.615733,38.74079],[24.617686,38.740668],[24.620616,38.741156],[24.632823,38.739203],[24.644664,38.740302],[24.65211,38.738593],[24.661632,38.739691],[24.67689,38.746772],[24.683482,38.752631],[24.683604,38.752753],[24.683849,38.753058],[24.684215,38.753302],[24.684581,38.753607],[24.684703,38.753913],[24.685069,38.754157],[24.68568,38.754767],[24.68568,38.754828],[24.685924,38.75495],[24.687022,38.75495],[24.687511,38.755011],[24.687999,38.755011],[24.688487,38.755072],[24.689586,38.755072],[24.689952,38.755133],[24.690684,38.755439],[24.691295,38.755683],[24.691661,38.755866],[24.691905,38.755927],[24.699962,38.759955],[24.703136,38.76258],[24.70814,38.768866],[24.711436,38.776557],[24.712413,38.781745],[24.712413,38.782233],[24.712657,38.783332],[24.712657,38.78382],[24.713267,38.78797],[24.713267,38.78852],[24.71339,38.789008],[24.71339,38.795783],[24.713267,38.796271],[24.713267,38.796759],[24.713023,38.797736],[24.713023,38.798163],[24.712901,38.799262],[24.712901,38.799689],[24.712779,38.800605],[24.712779,38.801154],[24.712657,38.80213],[24.712657,38.80268],[24.709483,38.813971],[24.709361,38.813971],[24.709361,38.814032],[24.709361,38.814154],[24.709361,38.814215],[24.718272,38.841376],[24.727183,38.89173],[24.726573,38.910834],[24.724376,38.916693],[24.719493,38.923163],[24.575206,39.03321],[24.531993,39.083319],[24.527476,39.094184],[24.512096,39.171088],[24.458018,39.255927],[24.419932,39.350409],[24.40443,39.370307],[24.395152,39.378302],[24.384532,39.384589],[24.340709,39.393073],[24.326793,39.395209],[24.311046,39.394965],[24.305064,39.393561],[24.300304,39.390692],[24.296764,39.386664],[24.294078,39.381415],[24.292369,39.375434],[24.291515,39.368598],[24.292003,39.353583],[24.299449,39.322394],[24.342662,39.294867],[24.346934,39.290168],[24.358775,39.282172],[24.431041,39.2555],[24.434825,39.252814],[24.437511,39.249945],[24.438487,39.246772],[24.428477,39.138739],[24.408946,39.065375],[24.369762,38.996894],[24.326915,38.860968],[24.3296,38.829657],[24.333751,38.819098],[24.339854,38.811225],[24.348155,38.805609],[24.358653,38.801642],[24.46754,38.787482],[24.505992,38.78266],[24.508311,38.77851],[24.549937,38.737555],[24.555186,38.73487],[24.560557,38.733222],[24.566295,38.732672],[24.570567,38.732978],[24.57484,38.733893],[24.581065,38.736518]],[[23.917247,36.827399],[23.913097,36.855292],[23.909801,36.860175],[23.884776,36.874091],[23.877086,36.874213],[23.87672,36.874213],[23.854991,36.865058],[23.846202,36.84278],[23.846446,36.835578],[23.861949,36.809821],[23.869273,36.805732],[23.882823,36.802863],[23.900645,36.806159],[23.917247,36.827399]],[[23.463023,36.873725],[23.486095,36.882697],[23.496593,36.914862],[23.493419,36.925544],[23.484996,36.939399],[23.484019,36.940436],[23.482677,36.942633],[23.462413,36.957648],[23.456065,36.958991],[23.449596,36.959723],[23.425914,36.94831],[23.421886,36.916632],[23.422496,36.915351],[23.42689,36.901129],[23.429942,36.894232],[23.446544,36.878119],[23.452647,36.875678],[23.463023,36.873725]],[[15.036998,38.377021],[15.036754,38.381964],[15.028453,38.403754],[15.028087,38.404364],[15.027476,38.405707],[15.026866,38.406317],[15.026256,38.40766],[15.015636,38.42237],[15.000987,38.435492],[14.999034,38.436591],[14.998668,38.436713],[14.997203,38.437567],[14.994517,38.449591],[14.994762,38.450019],[14.995128,38.450507],[14.995128,38.45069],[14.995372,38.451178],[14.99586,38.452582],[14.99586,38.452826],[14.995982,38.453009],[14.995982,38.456732],[14.997935,38.458136],[14.99818,38.45838],[14.998546,38.458625],[14.99879,38.458808],[14.999156,38.459052],[15.004161,38.464789],[15.006847,38.469855],[15.008556,38.47547],[15.009044,38.482856],[15.008067,38.49494],[15.005382,38.501715],[15.001231,38.507697],[14.995494,38.512397],[14.995372,38.520453],[14.993175,38.528083],[14.989024,38.534919],[14.974864,38.546393],[14.957896,38.551703],[14.941173,38.551886],[14.913219,38.582343],[14.890269,38.59925],[14.889903,38.599677],[14.889781,38.599921],[14.889781,38.599982],[14.889293,38.600409],[14.873912,38.609992],[14.858409,38.613837],[14.813731,38.613471],[14.799937,38.609442],[14.778819,38.59748],[14.777232,38.596442],[14.771495,38.591437],[14.767223,38.585211],[14.764537,38.578131],[14.763927,38.57038],[14.765147,38.562934],[14.768199,38.556159],[14.772838,38.550238],[14.814342,38.523444],[14.83839,38.515387],[14.873668,38.459479],[14.91627,38.409186],[14.91627,38.408759],[14.916148,38.408454],[14.916148,38.408149],[14.916026,38.407843],[14.916026,38.407721],[14.915782,38.407416],[14.915782,38.406806],[14.918956,38.390876],[14.927257,38.375006],[14.97401,38.337104],[14.978404,38.335395],[14.983165,38.334479],[14.987804,38.334235],[14.995616,38.335517],[15.002696,38.338813],[15.02711,38.355414],[15.033214,38.363166],[15.035289,38.36756],[15.03651,38.37226],[15.036998,38.377021]],[[1.439342,38.499579],[1.474498,38.50965],[1.504405,38.524909],[1.615977,38.624579],[1.622325,38.635504],[1.625743,38.645514],[1.626353,38.654792],[1.625133,38.66352],[1.619517,38.680487],[1.619517,38.680915],[1.619517,38.684821],[1.619762,38.685736],[1.619517,38.69245],[1.618053,38.697699],[1.615489,38.702582],[1.612437,38.706977],[1.608653,38.736823],[1.61024,38.760932],[1.615855,38.780341],[1.624522,38.796027],[1.662608,38.838813],[1.668346,38.850348],[1.680919,38.923651],[1.686656,38.934821],[1.766246,39.016181],[1.777965,39.035102],[1.781749,39.045233],[1.783946,39.055854],[1.784434,39.067084],[1.782725,39.078864],[1.774058,39.104804],[1.761729,39.126899],[1.746226,39.145453],[1.72755,39.160651],[1.706309,39.172797],[1.68275,39.182074],[1.630015,39.193183],[1.572398,39.196051],[1.45399,39.184821],[1.207774,39.115424],[1.02357,38.993903],[1.014659,38.982856],[1.00587,38.962592],[1.004527,38.95539],[1.004771,38.949652],[1.006358,38.945136],[1.009166,38.941291],[1.030162,38.920356],[1.033946,38.913275],[1.036998,38.904303],[1.038829,38.893195],[1.038585,38.86286],[1.035045,38.844794],[1.028575,38.828864],[0.991588,38.77442],[0.990611,38.770575],[0.990733,38.766852],[0.991222,38.765753],[1.037364,38.720526],[1.04127,38.714362],[1.056163,38.661566],[1.120128,38.5539],[1.128062,38.547187],[1.135753,38.543219],[1.143809,38.54151],[1.278575,38.550849],[1.28004,38.550238],[1.348399,38.50373],[1.350597,38.502875],[1.398326,38.496649],[1.439342,38.499579]],[[2.767589,38.949042],[2.778819,38.948493],[2.789073,38.949836],[2.918712,38.986884],[2.951182,39.005255],[3.12672,39.174811],[3.335338,39.306769],[3.349864,39.310797],[3.36671,39.318793],[3.570689,39.498816],[3.774669,39.678839],[3.777476,39.684516],[3.779307,39.690924],[3.780284,39.697821],[3.771373,39.77851],[3.772716,39.792548],[3.774669,39.798835],[3.781261,39.811774],[3.789317,39.821906],[3.798595,39.829535],[3.808849,39.834967],[3.820079,39.838507],[3.831798,39.840277],[3.856578,39.839789],[3.942638,39.822821],[3.981578,39.826972],[4.037608,39.845649],[4.049937,39.847602],[4.062633,39.846808],[4.084849,39.840216],[4.214366,39.770819],[4.278575,39.7508],[4.412364,39.739997],[4.438975,39.745734],[4.461925,39.756842],[4.471812,39.764716],[4.480601,39.774237],[4.49464,39.798835],[4.498546,39.819403],[4.495738,39.843329],[4.473399,39.898566],[4.383678,40.021796],[4.277354,40.129584],[4.206554,40.182807],[4.144542,40.199897],[4.089244,40.20539],[4.04005,40.202155],[3.881847,40.161322],[3.846568,40.15882],[3.843761,40.159552],[3.749766,40.207404],[3.750743,40.206855],[3.750743,40.206488],[3.750743,40.183051],[3.750743,40.182807],[3.743297,40.179023],[3.736095,40.173529],[3.656505,40.071357],[3.633678,40.052558],[3.6067,40.038764],[3.603038,40.037909],[3.599376,40.037848],[3.595592,40.038398],[3.550792,40.060004],[3.540172,40.062506],[3.528697,40.062506],[3.517833,40.060431],[3.463634,40.040473],[3.425426,40.039496],[3.266856,40.063544],[3.213512,40.061713],[3.106822,40.023444],[2.720836,39.945746],[2.631602,39.911628],[2.422496,39.771369],[2.405284,39.766608],[2.294932,39.753974],[2.276744,39.74549],[2.094737,39.582831],[2.09193,39.568976],[2.090465,39.534735],[2.119029,39.37287],[2.13856,39.323371],[2.142589,39.318793],[2.154796,39.311713],[2.168224,39.307318],[2.198131,39.305243],[2.373912,39.343817],[2.406627,39.342841],[2.420665,39.339179],[2.554698,39.264716],[2.712901,39.136298],[2.718639,39.126776],[2.727428,39.097419],[2.729747,39.070624],[2.721812,39.00495],[2.722423,38.987616],[2.72462,38.979682],[2.728526,38.972235],[2.734386,38.965277],[2.742686,38.958808],[2.755382,38.952216],[2.767589,38.949042]],[[8.02711,40.31037],[8.042491,40.194831],[8.046519,40.182807],[8.080211,40.131598],[8.147838,40.057685],[8.15919,40.037787],[8.166637,40.014838],[8.167003,40.009345],[8.164073,39.995307],[8.130504,39.909735],[8.119029,39.859259],[8.119884,39.827094],[8.128429,39.788153],[8.20753,39.619269],[8.214366,39.594001],[8.21461,39.582831],[8.211803,39.567939],[8.205943,39.555976],[8.142711,39.486823],[8.094615,39.342841],[8.093394,39.341132],[8.091441,39.339545],[8.053355,39.323798],[8.048228,39.320563],[8.046519,39.318793],[8.044444,39.315497],[7.993297,39.160468],[7.990611,39.120124],[7.994884,39.08161],[8.005382,39.044989],[8.042491,38.977423],[8.096446,38.917426],[8.161143,38.864875],[8.378551,38.740668],[8.520396,38.624762],[8.526622,38.62287],[8.560069,38.622687],[8.596446,38.630255],[8.838512,38.718817],[8.85377,38.719733],[8.866222,38.717963],[8.908092,38.699408],[8.920299,38.696051],[8.934703,38.69477],[9.126598,38.718817],[9.130748,38.721869],[9.134532,38.726752],[9.138316,38.7331],[9.17213,38.8357],[9.174693,38.838813],[9.270518,38.86286],[9.273692,38.870673],[9.275157,38.877387],[9.275157,38.883002],[9.273692,38.887641],[9.271251,38.891486],[9.267833,38.894477],[9.263682,38.896979],[9.225352,38.908637],[9.222667,38.910834],[9.212901,38.923529],[9.206065,38.935981],[9.202037,38.94831],[9.200206,38.960395],[9.20045,38.972113],[9.202525,38.983649],[9.211314,39.005805],[9.22462,39.026557],[9.320445,39.136542],[9.330089,39.142646],[9.341685,39.146979],[9.355846,39.149726],[9.365489,39.145514],[9.365489,39.145392],[9.365611,39.145331],[9.365977,39.145087],[9.366099,39.145026],[9.366344,39.144782],[9.366466,39.144721],[9.366588,39.144599],[9.36671,39.144477],[9.366954,39.144416],[9.367198,39.144171],[9.36732,39.14411],[9.367564,39.143988],[9.367686,39.143866],[9.388438,39.124152],[9.398082,39.11817],[9.415538,39.111701],[9.417979,39.107795],[9.420909,39.104315],[9.427257,39.098883],[9.434581,39.095526],[9.438609,39.094733],[9.450084,39.094428],[9.454478,39.095526],[9.48817,39.067694],[9.51356,39.055548],[9.527599,39.052619],[9.542491,39.052253],[9.558604,39.054816],[9.568492,39.058478],[9.578868,39.06446],[9.624889,39.105414],[9.697032,39.207221],[9.702647,39.222846],[9.676036,39.321662],[9.676646,39.336859],[9.678599,39.342841],[9.685802,39.35517],[9.694713,39.366278],[9.783092,39.435248],[9.791026,39.445197],[9.79359,39.45069],[9.79481,39.456488],[9.794566,39.464789],[9.765025,39.58454],[9.78181,39.8357],[9.798595,40.086859],[9.789317,40.108344],[9.708995,40.218634],[9.701793,40.237738],[9.700938,40.246588],[9.702647,40.254828],[9.705577,40.260077],[9.71046,40.264655],[9.724986,40.272345],[9.846934,40.311835],[9.870616,40.32685],[9.896617,40.350592],[9.947765,40.416327],[9.989757,40.49256],[10.013072,40.562995],[10.014659,40.590827],[10.012462,40.600043],[10.007945,40.608222],[10.001231,40.615546],[9.901622,40.680487],[9.882945,40.704047],[9.875743,40.718451],[9.870616,40.734809],[9.870494,40.739203],[9.872081,40.744147],[9.928477,40.826361],[9.937755,40.85102],[9.942638,40.878852],[9.846568,41.214789],[9.839366,41.223578],[9.831065,41.231086],[9.811168,41.242804],[9.695445,41.276557],[9.678599,41.286811],[9.469005,41.71485],[9.462291,41.743598],[9.460948,41.774482],[9.464122,41.798163],[9.469371,41.810004],[9.472911,41.814887],[9.481456,41.822943],[9.524425,41.851691],[9.534679,41.862799],[9.662974,42.095893],[9.678599,42.150824],[9.681041,42.188422],[9.670055,42.259833],[9.632701,42.37226],[9.630504,42.390815],[9.634044,42.413153],[9.641246,42.433051],[9.67689,42.500495],[9.680308,42.517157],[9.680186,42.525824],[9.678599,42.534857],[9.674815,42.545966],[9.668712,42.55744],[9.5442,42.720526],[9.534679,42.7508],[9.534312,42.754706],[9.561168,42.952155],[9.605357,43.053778],[9.607188,43.075019],[9.605968,43.090338],[9.516734,43.27735],[9.511729,43.283515],[9.506358,43.288092],[9.500377,43.291022],[9.493419,43.292426],[9.485606,43.292426],[9.476207,43.290961],[9.428599,43.273566],[9.420299,43.266486],[9.413585,43.257758],[9.408336,43.247443],[9.378795,43.110541],[9.36671,43.086859],[9.36378,43.083503],[9.360362,43.080817],[9.356456,43.078681],[9.347423,43.075812],[9.306895,43.06922],[9.298228,43.065497],[9.294688,43.062812],[9.270763,43.036628],[9.256602,43.009894],[9.250621,42.982978],[9.251109,42.956305],[9.264903,42.905219],[9.28419,42.860175],[9.280528,42.855536],[9.277843,42.850226],[9.276134,42.84455],[9.275767,42.838629],[9.2765,42.832709],[9.278331,42.827216],[9.281139,42.822089],[9.293712,42.809211],[9.292125,42.806586],[9.29005,42.804267],[9.284557,42.800238],[9.276744,42.797248],[9.266612,42.795233],[9.112071,42.802436],[9.084972,42.796027],[9.063609,42.785651],[9.022716,42.757392],[8.958629,42.726813],[8.936412,42.72132],[8.785289,42.708686],[8.766612,42.702826],[8.763927,42.701239],[8.705699,42.639289],[8.620128,42.575568],[8.61671,42.570075],[8.614757,42.564399],[8.608409,42.50373],[8.595714,42.455268],[8.591685,42.448249],[8.581065,42.435858],[8.554698,42.416083],[8.548106,42.416083],[8.541515,42.414496],[8.535533,42.411444],[8.530528,42.407172],[8.526378,42.401862],[8.52064,42.386176],[8.519054,42.375434],[8.519908,42.363044],[8.520152,42.362494],[8.520274,42.361518],[8.520396,42.361029],[8.521007,42.357001],[8.521129,42.356513],[8.521251,42.356024],[8.523814,42.348639],[8.52296,42.345526],[8.522349,42.339179],[8.52296,42.332709],[8.525035,42.326422],[8.528453,42.320624],[8.530772,42.318183],[8.536388,42.314399],[8.542491,42.311957],[8.549205,42.310797],[8.550426,42.303168],[8.55067,42.294867],[8.547374,42.272162],[8.54713,42.272101],[8.546886,42.27204],[8.544078,42.271552],[8.543956,42.271491],[8.54359,42.271491],[8.536754,42.269232],[8.530772,42.26557],[8.525645,42.260443],[8.51588,42.237982],[8.515636,42.231269],[8.516856,42.224677],[8.519664,42.218451],[8.507213,42.203192],[8.502208,42.193],[8.501231,42.187445],[8.501231,42.181464],[8.502696,42.174872],[8.506602,42.164984],[8.511974,42.156012],[8.526378,42.140448],[8.562999,42.115546],[8.566539,42.111884],[8.570567,42.108954],[8.575206,42.106757],[8.580089,42.105292],[8.600597,42.091864],[8.613292,42.080085],[8.617808,42.073554],[8.620982,42.066535],[8.622569,42.058905],[8.621959,42.04859],[8.620006,42.043036],[8.617198,42.038153],[8.609264,42.029547],[8.56422,41.999213],[8.554454,41.988898],[8.534434,41.94892],[8.525767,41.921515],[8.523936,41.89997],[8.527843,41.883368],[8.536388,41.871161],[8.548961,41.862616],[8.564342,41.85694],[8.667003,41.843329],[8.677013,41.837836],[8.682384,41.829413],[8.682506,41.817389],[8.68214,41.816901],[8.680186,41.808905],[8.667125,41.784674],[8.667003,41.784674],[8.666637,41.784613],[8.666392,41.784613],[8.666026,41.784491],[8.665782,41.784491],[8.665416,41.78443],[8.665172,41.78443],[8.664806,41.784308],[8.664561,41.784308],[8.640025,41.77558],[8.635997,41.772773],[8.632579,41.769477],[8.629771,41.765692],[8.627574,41.761481],[8.626231,41.756903],[8.625377,41.752143],[8.625377,41.747199],[8.626231,41.742377],[8.627818,41.737799],[8.630138,41.733649],[8.632823,41.729865],[8.636241,41.72663],[8.640391,41.723944],[8.644664,41.721869],[8.66212,41.718207],[8.668468,41.715705],[8.673961,41.708564],[8.680675,41.703437],[8.688609,41.700385],[8.697032,41.699652],[8.727306,41.702094],[8.733775,41.696845],[8.73939,41.690497],[8.743785,41.683051],[8.746837,41.674262],[8.748424,41.663947],[8.748302,41.652045],[8.740245,41.615668],[8.738536,41.612372],[8.739513,41.610175],[8.746715,41.577216],[8.748668,41.510932],[8.723155,41.410651],[8.731212,41.133734],[8.726573,41.116278],[8.719127,41.101203],[8.708385,41.088935],[8.693736,41.079413],[8.674815,41.073065],[8.651378,41.070136],[8.610973,41.072333],[8.591807,41.077765],[8.577037,41.085761],[8.565684,41.095587],[8.531993,41.138617],[8.510509,41.152655],[8.474498,41.168402],[8.393809,41.183783],[8.314098,41.178351],[8.279307,41.167914],[8.250377,41.152472],[8.238536,41.142829],[8.178477,41.075385],[7.998546,40.782843],[7.939952,40.637213],[7.926524,40.562934],[7.926646,40.494818],[7.927989,40.48963],[7.930553,40.48371],[8.010142,40.357245],[8.02711,40.31037]],[[13.392955,40.764716],[13.414683,40.755439],[13.426158,40.757697],[13.438365,40.762641],[13.454356,40.777777],[13.459483,40.788275],[13.456554,40.819403],[13.43214,40.831855],[13.427623,40.831549],[13.419932,40.830451],[13.403941,40.823065],[13.398692,40.818305],[13.391124,40.807929],[13.386851,40.798224],[13.392955,40.764716]],[[15.188243,38.750495],[15.200084,38.745307],[15.211558,38.742987],[15.217296,38.742499],[15.2317,38.746039],[15.238902,38.749945],[15.248546,38.757758],[15.253429,38.763983],[15.257335,38.770148],[15.259044,38.773749],[15.261851,38.777716],[15.267345,38.78974],[15.268932,38.797858],[15.2588,38.827216],[15.254405,38.831061],[15.245128,38.836432],[15.238414,38.838935],[15.233165,38.840399],[15.223888,38.841986],[15.218639,38.842414],[15.212169,38.841742],[15.205577,38.840277],[15.187389,38.828376],[15.187022,38.827887],[15.183604,38.826667],[15.175548,38.822272],[15.168468,38.81684],[15.156505,38.790412],[15.1692,38.764228],[15.188243,38.750495]],[[13.201182,38.743842],[13.185802,38.747931],[13.185191,38.747931],[13.168956,38.747748],[13.152721,38.742804],[13.141368,38.735419],[13.132091,38.726142],[13.12733,38.718512],[13.122691,38.700873],[13.122935,38.693427],[13.144298,38.665656],[13.156261,38.661933],[13.165172,38.66059],[13.170177,38.661017],[13.181773,38.662909],[13.195079,38.668524],[13.215587,38.683844],[13.227183,38.711554],[13.211436,38.737738],[13.201182,38.743842]],[[14.512218,38.583869],[14.513438,38.571479],[14.517711,38.558722],[14.525523,38.545783],[14.54481,38.531928],[14.566783,38.526923],[14.573253,38.526129],[14.57606,38.52619],[14.587657,38.527167],[14.614024,38.549018],[14.60609,38.583197],[14.605968,38.583319],[14.604991,38.586371],[14.592784,38.602301],[14.580577,38.610175],[14.569835,38.614447],[14.552013,38.617926],[14.546641,38.618476],[14.523936,38.610053],[14.512218,38.583869]],[[14.386485,38.560126],[14.357188,38.581671],[14.349254,38.580634],[14.334849,38.576728],[14.316051,38.562018],[14.313609,38.538398],[14.317271,38.526313],[14.346568,38.504706],[14.354503,38.505683],[14.368907,38.509711],[14.387706,38.524359],[14.390147,38.54798],[14.386485,38.560126]]]}},{"type":"Feature","properties":{"depth_m":200},"bbox":[-0.000539,57.515937,89.9994,89.999762],"geometry":{"type":"MultiPolygon","coordinates":[[[[89.999278,89.999762],[89.999285,89.523404],[89.999293,89.047047],[89.9993,88.570689],[89.999307,88.094331],[89.999314,87.617973],[89.999321,87.141615],[89.999328,86.665257],[89.999336,86.188899],[89.999343,85.712542],[89.99935,85.236184],[89.999357,84.759826],[89.999364,84.283468],[89.999372,83.80711],[89.999379,83.330752],[89.999386,82.854394],[89.999393,82.378037],[89.9994,81.901679],[89.63441,81.918616],[89.26942,81.935553],[88.907359,81.838111],[88.545299,81.740668],[88.439708,81.663764],[88.244151,81.593817],[88.230479,81.582831],[88.223277,81.572394],[88.219371,81.561469],[88.212291,81.500251],[88.206554,81.486762],[88.201305,81.479987],[88.194835,81.475043],[88.172862,81.463324],[88.166515,81.457648],[88.161632,81.449713],[88.158458,81.438788],[88.155772,81.397284],[88.175914,81.28144],[88.172862,81.256415],[88.160167,81.229438],[88.134532,81.198798],[88.125255,81.19361],[88.083873,81.185309],[88.071422,81.179145],[88.062511,81.168524],[88.058971,81.151679],[88.062511,81.126776],[88.069469,81.106208],[88.078258,81.088935],[88.088878,81.07453],[88.100841,81.062628],[88.128184,81.044501],[88.158458,81.030768],[88.307262,81.005194],[88.331309,80.990729],[88.34669,80.968024],[88.350474,80.934821],[88.326182,80.896918],[88.322765,80.885565],[88.32252,80.873969],[88.326549,80.862799],[88.626475,80.756354],[88.660045,80.752936],[88.902599,80.790778],[89.238536,80.766791],[89.262584,80.754218],[89.401134,80.615058],[89.430553,80.598761],[89.442882,80.595465],[89.485728,80.596137],[89.493297,80.593329],[89.499034,80.586676],[89.502574,80.574774],[89.50172,80.552558],[89.492686,80.531317],[89.47755,80.510993],[89.229259,80.274726],[89.216685,80.253852],[89.21461,80.238776],[89.232188,80.205817],[89.257213,80.18537],[89.289317,80.174628],[89.550548,80.166754],[89.766612,80.118781],[89.781627,80.118842],[89.86964,80.141608],[89.9994,80.128607],[89.9994,80.023749],[89.766612,80.022773],[89.726207,80.037543],[89.679942,80.044562],[89.383433,80.039222],[89.086925,80.033881],[89.046641,80.046759],[89.023814,80.063788],[89.013316,80.076911],[89.011485,80.088141],[89.026988,80.132086],[89.028331,80.157111],[89.022472,80.190802],[89.012828,80.21192],[88.997569,80.225409],[88.976451,80.232978],[88.543834,80.250922],[88.111217,80.268866],[87.678599,80.286811],[87.414561,80.382758],[87.045787,80.38703],[87.005626,80.375434],[86.982555,80.358771],[86.981212,80.341254],[86.995616,80.319953],[87.243053,80.149176],[87.270518,80.118781],[87.302013,80.058173],[87.30067,80.010688],[87.270763,79.975409],[87.216563,79.951545],[87.051524,79.934027],[86.838512,79.950751],[86.694591,79.998786],[86.334483,79.998786],[86.104503,80.076667],[86.069102,80.079169],[86.046519,80.070807],[86.040782,80.044867],[86.06544,80.015876],[86.4546,79.830756],[86.457896,79.827155],[86.475597,79.78559],[86.478526,79.782782],[86.529796,79.75965],[86.549327,79.742804],[86.608043,79.668402],[86.622081,79.657721],[86.638682,79.651801],[86.811168,79.635321],[86.94044,79.594306],[86.978526,79.588996],[87.104503,79.591986],[87.495677,79.53324],[87.886851,79.474494],[88.278026,79.415747],[88.6692,79.357001],[88.686534,79.350775],[88.713145,79.327521],[88.723888,79.309272],[88.722789,79.294257],[88.690684,79.25141],[88.684093,79.231879],[88.686534,79.206794],[88.705577,79.165351],[88.732921,79.132758],[88.847911,79.043769],[88.858653,79.019965],[88.854503,78.99079],[88.828014,78.969062],[88.772105,78.952643],[88.463267,78.934973],[88.15443,78.917304],[87.729015,78.967719],[87.303599,79.018134],[87.055553,79.004096],[86.958507,79.014777],[86.928966,79.028083],[86.729625,79.191474],[86.694591,79.206794],[86.671764,79.210822],[86.649181,79.210089],[86.544688,79.183417],[86.5265,79.182807],[86.495128,79.186835],[86.439952,79.203864],[86.418712,79.217108],[86.403575,79.233466],[86.395518,79.25318],[86.396251,79.276252],[86.417979,79.328009],[86.421031,79.347113],[86.41627,79.362067],[86.404796,79.374945],[86.293224,79.458197],[86.272227,79.464057],[86.070567,79.470771],[86.054454,79.475592],[85.966319,79.52674],[85.926524,79.542792],[85.686534,79.566779],[85.518565,79.614814],[85.038585,79.662787],[85.007579,79.677924],[84.978648,79.698981],[84.865489,79.808295],[84.798595,79.854804],[84.778819,79.862494],[84.630504,79.878791],[84.558482,79.902777],[84.559215,79.902838],[84.48878,79.927375],[84.486583,79.926825],[84.47877,79.944464],[84.478038,79.964911],[84.497203,80.047553],[84.495372,80.061835],[84.486583,80.070807],[84.464732,80.076545],[84.239513,80.069525],[84.022472,80.094672],[83.681163,80.024482],[83.605235,80.024665],[83.500987,80.065497],[83.436168,80.075995],[83.17982,80.067389],[83.123424,80.075019],[82.955577,80.148383],[82.856822,80.16828],[82.834727,80.178839],[82.817638,80.193854],[82.806529,80.214789],[82.807628,80.234748],[82.819102,80.259284],[82.895763,80.377265],[82.904796,80.405524],[82.902599,80.430793],[82.885265,80.462775],[82.862071,80.487067],[82.833507,80.505072],[82.800304,80.518195],[82.723888,80.53559],[82.365001,80.565497],[82.328868,80.578131],[82.302623,80.598761],[82.289439,80.621283],[82.291515,80.636664],[82.304576,80.647284],[82.371104,80.676459],[82.389171,80.69361],[82.398448,80.718817],[82.397105,80.733954],[82.379405,80.774848],[82.349498,80.818671],[82.316905,80.853217],[82.302623,80.862799],[82.271983,80.873542],[81.990611,80.910773],[81.97755,80.917426],[81.887584,80.998236],[81.870616,81.006781],[81.835704,81.016608],[81.806895,81.01966],[81.730846,81.012763],[81.716685,81.018012],[81.702525,81.030768],[81.69752,81.043402],[81.706554,81.166144],[81.702525,81.17475],[81.663341,81.194403],[81.334972,81.256598],[81.006602,81.318793],[80.979381,81.33454],[80.853038,81.464057],[80.790538,81.51081],[80.690684,81.549994],[80.250255,81.641852],[80.175182,81.671332],[80.142589,81.678778],[79.652989,81.664374],[79.16339,81.64997],[78.67379,81.635565],[78.18419,81.621161],[77.694591,81.606757],[77.204991,81.592353],[76.715391,81.577948],[76.225792,81.563544],[75.736192,81.54914],[75.246593,81.534735],[75.054576,81.462775],[74.838512,81.438788],[74.801524,81.423835],[74.734874,81.383734],[74.694591,81.366767],[74.502208,81.329779],[74.342174,81.26673],[74.152721,81.159003],[74.125865,81.129889],[74.118541,81.10279],[74.135387,81.070014],[74.168468,81.049689],[74.355846,81.018683],[74.389293,81.005439],[74.406505,80.982795],[74.409679,80.960883],[74.405772,80.946967],[74.395763,80.938849],[74.313365,80.92182],[74.270274,80.901313],[74.199351,80.843512],[74.190562,80.838813],[73.993419,80.804755],[73.960216,80.791388],[73.936656,80.77143],[73.926524,80.742743],[73.93214,80.69953],[73.953624,80.673407],[73.987193,80.660712],[74.028453,80.657721],[74.190562,80.670722],[74.406505,80.598761],[74.398326,80.573554],[74.374644,80.556769],[74.339244,80.546454],[74.118541,80.526801],[73.967662,80.478217],[73.905284,80.444403],[73.886119,80.42591],[73.878673,80.406806],[73.884532,80.377204],[73.904063,80.354804],[73.933726,80.338202],[74.118541,80.286811],[74.123912,80.283271],[74.159434,80.243842],[74.166515,80.238776],[74.227794,80.212775],[74.242076,80.202155],[74.253429,80.18769],[74.260753,80.168219],[74.262584,80.142768],[74.260753,80.138007],[74.238536,80.099677],[74.235118,80.088874],[74.23463,80.078986],[74.238536,80.070807],[74.253917,80.057929],[74.271617,80.049628],[74.367442,80.030951],[74.382579,80.022773],[74.402354,80.004828],[74.416759,79.984748],[74.427257,79.961737],[74.434703,79.935309],[74.478526,79.590766],[74.491344,79.582099],[74.961925,79.487769],[75.432506,79.393439],[75.536388,79.335395],[75.578502,79.321662],[75.725963,79.307318],[75.975658,79.242957],[76.225352,79.178595],[76.254649,79.158759],[76.278087,79.122016],[76.282237,79.098822],[76.272472,79.08454],[76.233165,79.064948],[76.214488,79.050727],[76.203868,79.027472],[76.206554,78.99079],[76.226817,78.945746],[76.259044,78.917243],[76.301036,78.901374],[76.527843,78.88404],[76.895396,78.745307],[77.118297,78.600775],[77.202647,78.514167],[77.254405,78.419745],[77.262584,78.318793],[77.253307,78.304389],[77.111339,78.168769],[77.095592,78.144599],[77.094493,78.126776],[77.116222,78.119818],[77.609386,78.075324],[78.10255,78.030829],[78.107188,78.028022],[78.111461,78.017035],[78.116588,78.008857],[78.127452,77.998908],[78.177745,77.973822],[78.255748,77.950812],[78.431285,77.936469],[78.438487,77.93476],[78.444713,77.92237],[78.445445,77.909064],[78.442149,77.895331],[78.416759,77.846808],[78.414561,77.838752],[78.416148,77.82746],[78.441783,77.764838],[78.442271,77.753241],[78.438487,77.742743],[78.426524,77.732672],[78.222545,77.670783],[77.942393,77.524482],[77.718639,77.478766],[77.563609,77.487067],[77.534679,77.483161],[77.510509,77.470587],[77.49171,77.446112],[77.478648,77.406745],[77.480479,77.40882],[77.482921,77.403754],[77.487315,77.380072],[77.487559,77.351752],[77.484508,77.340888],[77.478648,77.334784],[77.4546,77.328681],[77.00338,77.329901],[76.552159,77.331122],[76.100938,77.332343],[75.649718,77.333564],[75.198497,77.334784],[75.165172,77.323615],[74.982921,77.221625],[74.958507,77.214789],[74.927623,77.21369],[74.684093,77.260138],[74.588878,77.260871],[74.270457,77.211035],[73.952037,77.1612],[73.84608,77.120246],[73.830577,77.11872],[73.79127,77.121772],[73.76356,77.129523],[73.744151,77.140448],[73.704845,77.177497],[73.687389,77.186286],[73.662608,77.190741],[73.633189,77.191107],[73.583263,77.182868],[73.563121,77.174628],[73.546275,77.163886],[73.533214,77.150946],[73.523814,77.13581],[73.518565,77.11872],[73.517589,77.088141],[73.526866,77.072211],[73.544444,77.06623],[73.592906,77.065558],[73.619151,77.06153],[73.643199,77.048774],[73.662608,77.022773],[73.663585,77.016974],[73.660289,76.955085],[73.662608,76.950812],[73.667125,76.953681],[73.684093,76.957099],[73.736705,76.959418],[73.762706,76.955146],[73.782115,76.94538],[73.790294,76.928412],[73.782481,76.902777],[73.768809,76.881171],[73.758678,76.871772],[73.750255,76.871772],[73.714976,76.896369],[73.693126,76.902594],[73.662608,76.902777],[73.640636,76.898749],[73.552745,76.856757],[73.542491,76.854804],[73.53004,76.85633],[73.442638,76.898871],[73.422496,76.902777],[73.278575,76.878791],[73.150157,76.885321],[73.140758,76.88349],[73.134532,76.878791],[73.121104,76.848395],[73.12733,76.825446],[73.147349,76.808417],[73.251353,76.768866],[73.254527,76.758795],[73.250621,76.749457],[73.249156,76.741278],[73.249156,76.728095],[73.248424,76.722724],[73.24586,76.718207],[73.240245,76.71424],[72.966807,76.59809],[72.902354,76.584662],[72.465831,76.568549],[72.447398,76.573493],[72.363658,76.611457],[72.34254,76.614753],[72.325816,76.613837],[72.310069,76.609381],[72.236949,76.570502],[72.222667,76.566779],[72.07252,76.586982],[72.0442,76.582587],[72.021495,76.568732],[72.006602,76.542792],[72.005504,76.519843],[72.015636,76.49964],[72.034557,76.481513],[72.178844,76.396979],[72.184825,76.396796],[72.212901,76.40119],[72.218516,76.400824],[72.222667,76.398749],[72.227306,76.390631],[72.237804,76.320075],[72.241344,76.309272],[72.246593,76.302741],[72.272472,76.292914],[72.409434,76.273139],[72.43275,76.260199],[72.443736,76.238898],[72.438609,76.206732],[72.414561,76.185858],[72.366466,76.174079],[71.919078,76.211127],[71.827525,76.25257],[71.814586,76.254767],[71.334483,76.206732],[71.3119,76.212287],[71.165538,76.274909],[71.142589,76.278754],[71.095103,76.278144],[70.886241,76.243415],[70.782848,76.242316],[70.677989,76.276557],[70.662608,76.278754],[70.646739,76.27619],[70.631358,76.270148],[70.571666,76.236579],[70.557017,76.231757],[70.542491,76.23078],[70.20399,76.311469],[70.182506,76.326728],[70.180553,76.340277],[70.190318,76.353034],[70.29481,76.411139],[70.302623,76.422797],[70.302623,76.460639],[70.289195,76.485297],[70.266124,76.499274],[70.236827,76.50495],[70.205455,76.504889],[70.117442,76.491523],[70.028453,76.453681],[69.921641,76.443915],[69.908946,76.439765],[69.901866,76.433234],[69.899913,76.423896],[69.902354,76.411322],[69.91859,76.374762],[69.931529,76.324836],[69.90919,76.304816],[69.860484,76.307318],[69.580821,76.394721],[69.534434,76.398749],[69.521495,76.395453],[69.485362,76.380194],[69.447032,76.355048],[69.431285,76.339301],[69.419932,76.321784],[69.414561,76.302741],[69.416148,76.290778],[69.422984,76.281012],[69.434825,76.272406],[69.558482,76.206732],[69.5619,76.203192],[69.5796,76.161566],[69.58253,76.158759],[69.750499,76.086737],[69.995006,76.082343],[70.138438,76.041205],[70.176768,76.039008],[70.305186,76.060736],[70.787852,76.010627],[70.830577,76.014716],[70.84547,76.022162],[70.853038,76.034491],[70.858043,76.105536],[70.864879,76.121833],[70.878551,76.134772],[70.906383,76.142157],[71.1421,76.1305],[71.241099,76.104132],[71.262584,76.086737],[71.27357,76.050849],[71.266856,76.030707],[71.246593,76.022406],[71.117442,76.025336],[71.094615,76.014716],[71.092052,76.006964],[71.098277,75.885932],[71.094615,75.870734],[71.088634,75.866645],[71.046519,75.8581],[71.032359,75.851508],[71.022105,75.840399],[71.018077,75.82331],[71.022594,75.798712],[71.041881,75.777411],[71.300914,75.680976],[71.339488,75.657538],[71.358531,75.630805],[71.357188,75.612616],[71.346934,75.587897],[71.329356,75.559211],[71.27943,75.499213],[71.219859,75.451789],[71.190562,75.438788],[71.163463,75.43537],[70.830577,75.462714],[70.63856,75.41474],[70.323619,75.4495],[70.008678,75.484259],[69.990977,75.48133],[69.97523,75.470343],[69.91627,75.371466],[69.885875,75.348273],[69.850963,75.340827],[69.58253,75.390753],[69.430064,75.365912],[69.414561,75.366706],[69.377574,75.376288],[69.347179,75.390204],[69.320445,75.410346],[69.294566,75.438788],[69.244029,75.463996],[69.164073,75.466742],[68.979137,75.425238],[68.906261,75.390998],[68.867931,75.35456],[68.880015,75.320746],[68.958507,75.294745],[69.052867,75.297065],[69.068126,75.293097],[69.077281,75.284735],[69.078624,75.270819],[69.072887,75.248297],[69.066173,75.234381],[69.057506,75.227118],[69.046275,75.224494],[68.840099,75.214911],[68.698619,75.262946],[68.653087,75.270575],[68.631114,75.268256],[68.610362,75.260321],[68.591441,75.245551],[68.574596,75.222724],[68.571056,75.213507],[68.559825,75.144232],[68.555797,75.133673],[68.550426,75.126776],[68.53651,75.119574],[68.52064,75.116706],[68.429088,75.117438],[68.358531,75.102729],[68.326182,75.088996],[68.163585,74.967719],[68.142589,74.958747],[67.806529,74.958747],[67.785533,74.96485],[67.751231,74.980841],[67.743053,74.982733],[67.734508,74.982795],[67.681651,74.970771],[67.478404,74.891425],[67.423961,74.888007],[67.365733,74.900824],[67.302623,74.93476],[67.241466,74.992682],[67.225841,75.000617],[67.206554,75.00672],[67.124156,75.019843],[66.971202,75.013373],[66.915904,74.99726],[66.884776,74.97486],[66.885875,74.947821],[66.926524,74.917914],[67.014537,74.886725],[67.046519,74.867011],[67.05128,74.836127],[67.03419,74.798224],[67.000133,74.757514],[66.902354,74.683417],[66.848521,74.658393],[66.798595,74.646796],[66.724376,74.650702],[66.654552,74.670722],[66.548228,74.719062],[66.526988,74.719916],[66.509288,74.71015],[66.495616,74.686774],[66.486583,74.646796],[66.487071,74.634528],[66.503062,74.587958],[66.502696,74.580329],[66.497813,74.575751],[66.486583,74.574713],[66.465953,74.57746],[66.45399,74.581977],[66.448131,74.588263],[66.446788,74.596259],[66.447398,74.617804],[66.445323,74.631293],[66.438609,74.646796],[66.434947,74.650214],[66.393443,74.667792],[66.390514,74.670722],[66.369517,74.706977],[66.344493,74.731147],[66.314586,74.745978],[66.016551,74.780371],[65.718516,74.814765],[65.358531,74.718756],[64.947581,74.716956],[64.536632,74.715155],[64.529796,74.711859],[64.523814,74.70539],[64.518565,74.69477],[64.51234,74.667975],[64.517345,74.652961],[64.529796,74.647284],[64.546764,74.648322],[64.564586,74.653754],[64.580089,74.660956],[64.589732,74.667426],[64.590465,74.670722],[64.605357,74.666327],[64.641734,74.646491],[64.657725,74.63288],[64.668224,74.618109],[64.670543,74.602912],[64.66151,74.588202],[64.63856,74.574713],[64.577647,74.559638],[64.221751,74.586798],[63.865855,74.613959],[63.847667,74.608588],[63.832774,74.596137],[63.822642,74.574713],[63.822642,74.541449],[63.841319,74.515082],[63.875011,74.49433],[64.188365,74.409857],[64.210216,74.395819],[64.223888,74.380866],[64.226573,74.366156],[64.214732,74.352851],[64.185191,74.341986],[63.876231,74.338111],[63.567271,74.334235],[63.512706,74.316046],[63.486583,74.28675],[63.486583,74.249823],[63.506236,74.228522],[63.537974,74.21778],[63.609752,74.207343],[63.635387,74.197516],[63.644786,74.17768],[63.630626,74.142768],[63.618175,74.13111],[63.599864,74.123725],[63.414561,74.094733],[63.312633,74.05506],[63.269664,74.028876],[63.254893,74.014228],[63.246593,73.998725],[63.248302,73.982611],[63.307384,73.896003],[63.315196,73.87287],[63.312266,73.850898],[63.294566,73.830756],[63.281993,73.82807],[63.03065,73.830756],[63.015391,73.824958],[62.926768,73.744513],[62.910533,73.734809],[62.902843,73.732733],[62.893932,73.732611],[62.854381,73.738105],[62.845836,73.737555],[62.838634,73.734809],[62.71107,73.621955],[62.694591,73.614814],[62.604015,73.601935],[62.417735,73.604254],[62.334483,73.590766],[62.30189,73.577155],[62.162608,73.477545],[62.142467,73.470771],[61.646983,73.489142],[61.614513,73.470771],[61.609752,73.44831],[61.618541,73.423896],[61.693248,73.321967],[61.69752,73.29914],[61.686534,73.278754],[61.672252,73.272528],[61.470592,73.278754],[61.447642,73.270758],[61.326671,73.172065],[61.302501,73.158759],[61.283458,73.152289],[61.173473,73.141364],[61.15858,73.134772],[61.145396,73.125617],[61.028331,73.008918],[60.963145,72.967108],[60.543468,72.865973],[60.470714,72.82508],[60.462657,72.822821],[60.44337,72.822211],[60.317882,72.845587],[60.258678,72.844794],[59.824046,72.777045],[59.389415,72.709296],[59.344127,72.686957],[59.31898,72.659735],[59.321788,72.627265],[59.345714,72.602668],[59.383678,72.585273],[59.659434,72.563788],[59.935191,72.542304],[59.969371,72.531195],[59.993663,72.513312],[60.006602,72.486762],[60.006724,72.416205],[59.974498,72.380439],[59.917735,72.371344],[59.608409,72.437506],[59.550548,72.438788],[59.493053,72.41944],[59.414439,72.376288],[59.406505,72.366767],[59.371837,72.301154],[59.338878,72.258734],[59.292247,72.218146],[59.252086,72.193793],[59.142589,72.17475],[58.950572,72.078742],[58.720225,72.061835],[58.681773,72.051215],[58.660411,72.029364],[58.660289,71.992011],[58.686534,71.93476],[58.690074,71.931281],[58.7317,71.913825],[58.734508,71.910773],[58.735973,71.905463],[58.736095,71.899482],[58.732677,71.873847],[58.732921,71.867987],[58.734508,71.862738],[58.794566,71.7461],[58.8119,71.684088],[58.812877,71.653266],[58.806529,71.622748],[58.799083,71.608283],[58.790172,71.599677],[58.77296,71.59162],[58.767833,71.587775],[58.766612,71.581122],[58.771129,71.569525],[58.782603,71.550788],[58.804576,71.527594],[58.83546,71.508002],[58.87318,71.4914],[59.163341,71.420569],[59.453502,71.349738],[59.558116,71.270819],[59.574596,71.262763],[59.58839,71.259406],[59.680431,71.265143],[59.694591,71.262763],[59.702891,71.258979],[59.745006,71.222968],[59.75526,71.217719],[59.76649,71.214789],[59.929698,71.231879],[59.964976,71.229682],[59.99171,71.216864],[60.006602,71.189215],[60.006602,71.142768],[60.003551,71.133368],[59.998057,71.125678],[59.961803,71.100165],[59.958507,71.094794],[59.955821,71.080817],[59.955699,71.015204],[59.952525,70.999762],[59.945933,70.986029],[59.934581,70.974799],[59.908458,70.964789],[59.88087,70.967353],[59.79127,71.001349],[59.759532,71.005561],[59.727306,70.998297],[59.694591,70.974799],[59.666759,70.945441],[59.662242,70.937873],[59.630015,70.825873],[59.61024,70.79621],[59.586314,70.783637],[59.475963,70.785956],[59.422618,70.779364],[59.313975,70.742743],[59.307262,70.738593],[59.300914,70.732611],[59.28651,70.710761],[59.271007,70.648932],[59.267345,70.641852],[59.262584,70.6388],[59.246837,70.640753],[59.22877,70.649237],[59.117686,70.725714],[59.094493,70.734809],[58.831126,70.75318],[58.56776,70.771552],[58.347667,70.849005],[58.098155,70.873847],[58.086681,70.878791],[58.076549,70.899726],[58.079723,70.926581],[58.09962,70.989569],[58.103648,71.021552],[58.094981,71.051215],[58.067515,71.0763],[58.014537,71.094794],[57.996837,71.096015],[57.985728,71.091376],[57.980113,71.082282],[57.97877,71.070319],[57.983531,71.043586],[57.990611,71.022773],[57.998546,71.008612],[58.009654,70.999457],[58.031871,70.989325],[58.038707,70.984626],[58.039317,70.977912],[58.032115,70.96717],[58.014537,70.950751],[57.983531,70.93183],[57.951793,70.92475],[57.919688,70.92768],[57.887706,70.938544],[57.8567,70.955512],[57.757091,71.036139],[57.481212,71.124213],[57.438121,71.151007],[57.419688,71.168524],[57.403819,71.189521],[57.368663,71.25788],[57.358775,71.268744],[57.347057,71.275702],[57.190318,71.324897],[57.18214,71.328925],[57.174571,71.334784],[57.171641,71.33869],[57.153575,71.379767],[57.150523,71.382758],[57.136485,71.3888],[57.044932,71.40119],[57.030528,71.406745],[56.838634,71.526801],[56.809947,71.532843],[56.626109,71.541022],[56.598521,71.550788],[56.595103,71.554511],[56.541026,71.633307],[56.514903,71.654914],[56.440318,71.687506],[56.430553,71.69477],[56.325206,71.828131],[56.286632,71.862738],[56.119884,71.937506],[56.095958,71.956061],[56.070567,71.982733],[56.066905,71.985602],[56.025157,72.004096],[56.022594,72.006781],[56.00233,72.047431],[55.904185,72.150153],[55.902599,72.150763],[55.901866,72.173896],[55.909923,72.195441],[55.952891,72.264228],[55.961803,72.292853],[55.962169,72.326606],[55.939586,72.400214],[55.938609,72.426337],[55.947276,72.447333],[55.965099,72.465644],[56.335704,72.699774],[56.459849,72.833686],[56.478526,72.846747],[56.51588,72.863044],[56.757213,72.905402],[56.790538,72.918769],[56.812633,72.933356],[56.831187,72.951606],[56.893932,73.042548],[56.934581,73.086737],[56.949107,73.09632],[57.10255,73.158759],[57.135509,73.187201],[57.190807,73.251654],[57.222545,73.278754],[57.390514,73.350775],[57.462535,73.398749],[57.534557,73.413886],[57.558604,73.422736],[57.760387,73.555609],[58.062633,73.686774],[58.278575,73.734809],[58.30775,73.751349],[58.374522,73.806769],[58.382091,73.810981],[58.438365,73.825873],[58.590587,73.926764],[58.705333,73.95893],[59.031932,73.990851],[59.358531,74.022773],[59.388072,74.035956],[59.574596,74.190741],[59.838512,74.28675],[59.865733,74.303046],[59.934581,74.358771],[60.054576,74.406806],[60.222667,74.574713],[60.366588,74.622748],[60.678599,74.790717],[61.038585,74.862738],[61.278575,74.958747],[61.734508,74.958747],[62.049449,75.075934],[62.063487,75.087653],[62.070567,75.102729],[62.070811,75.127387],[62.062511,75.150397],[62.047618,75.171515],[62.027476,75.190863],[61.977916,75.223334],[61.926524,75.246772],[61.899425,75.252509],[61.767467,75.249945],[61.740489,75.25611],[61.720714,75.270148],[61.710582,75.294745],[61.713634,75.301703],[61.722423,75.309027],[61.776134,75.335883],[61.801158,75.328192],[61.814098,75.327277],[61.8567,75.334357],[61.862804,75.337714],[61.867931,75.342353],[61.876109,75.356513],[62.002452,75.398993],[62.011363,75.403693],[62.026134,75.415229],[62.035899,75.419379],[62.046153,75.420356],[62.065562,75.416571],[62.095714,75.415229],[62.152354,75.423407],[62.217052,75.407111],[62.227061,75.406195],[62.62733,75.486396],[62.741466,75.489875],[63.036388,75.558661],[63.168224,75.550544],[63.225474,75.559027],[63.30421,75.558661],[63.526988,75.603339],[63.535533,75.606391],[63.624522,75.654792],[63.631358,75.660041],[63.639415,75.66828],[63.644664,75.663764],[63.664439,75.654792],[63.674327,75.652655],[63.684703,75.652167],[63.682384,75.648078],[63.680919,75.643927],[63.679698,75.635504],[63.680797,75.627387],[63.682384,75.623481],[63.686778,75.616339],[63.68983,75.613349],[63.696544,75.608771],[63.704478,75.606269],[63.764903,75.611823],[63.774791,75.614691],[63.942515,75.534735],[63.983531,75.527106],[64.023082,75.528388],[64.24464,75.59571],[64.704768,75.655242],[65.164897,75.714774],[65.625026,75.774306],[66.085155,75.833838],[66.545283,75.89337],[67.005412,75.952903],[67.465541,76.012435],[67.92567,76.071967],[68.047618,76.150824],[68.070567,76.158759],[68.466563,76.182746],[68.862559,76.206732],[69.10255,76.182746],[69.185435,76.196234],[69.261485,76.222785],[69.289317,76.241889],[69.306041,76.265265],[69.308849,76.293402],[69.294566,76.326728],[69.290538,76.330512],[69.285167,76.333075],[69.257579,76.34101],[69.251475,76.344916],[69.221446,76.384101],[69.218639,76.390448],[69.217784,76.398322],[69.222545,76.422797],[69.240245,76.462409],[69.262706,76.48725],[69.287974,76.501105],[69.361949,76.515998],[69.379527,76.525092],[69.390514,76.542792],[69.395152,76.573004],[69.388194,76.590033],[69.372691,76.597357],[69.304332,76.597357],[69.284312,76.601935],[69.270518,76.614753],[69.26002,76.648444],[69.266002,76.67298],[69.282481,76.691474],[69.323863,76.723334],[69.336925,76.74317],[69.337047,76.769904],[69.318492,76.806769],[69.313121,76.812018],[69.054576,76.950812],[68.790538,76.974738],[68.785167,76.977668],[68.746593,77.020087],[68.742442,77.022773],[68.256358,77.105597],[68.118541,77.190741],[68.098643,77.189399],[68.080821,77.183112],[67.98109,77.125983],[67.95045,77.11872],[67.578441,77.128394],[67.206432,77.138068],[67.134532,77.11872],[67.088267,77.093817],[67.076182,77.072089],[67.089732,77.05329],[67.119884,77.037421],[67.222057,77.005011],[67.230601,76.998786],[67.226939,76.992377],[67.224986,76.986518],[67.20692,76.982062],[66.942882,76.978827],[66.913097,76.973944],[66.903697,76.970649],[66.870006,76.951972],[66.650767,76.930182],[66.633067,76.925482],[66.622935,76.920233],[66.617931,76.916083],[66.611095,76.908149],[66.608287,76.903754],[66.566905,76.894232],[66.46046,76.890265],[66.397105,76.876166],[66.37672,76.866034],[66.368907,76.859931],[66.352183,76.841132],[66.340221,76.833686],[66.324718,76.830817],[66.278941,76.831183],[66.230235,76.82392],[66.140147,76.790534],[66.104259,76.782782],[65.943492,76.779303],[65.883311,76.768622],[65.814342,76.737921],[65.7765,76.731086],[65.749889,76.720954],[65.736949,76.711066],[65.726085,76.694892],[65.724132,76.68891],[65.723399,76.682685],[65.724132,76.676337],[65.726085,76.670233],[65.729503,76.664862],[65.733653,76.660285],[65.757335,76.646735],[65.844859,76.623358],[65.872813,76.610907],[65.897227,76.592353],[65.907725,76.573432],[65.614024,76.609809],[65.483287,76.604621],[65.423595,76.592841],[65.026988,76.77497],[64.969981,76.788031],[64.670055,76.804511],[64.56129,76.763068],[64.129039,76.727362],[63.967418,76.667731],[63.913097,76.660895],[63.727183,76.669379],[63.702647,76.662787],[63.687511,76.655341],[63.674083,76.645941],[63.629283,76.595465],[63.561656,76.492133],[63.549571,76.480536],[63.534557,76.470771],[63.318492,76.422797],[63.250377,76.424384],[63.246593,76.422797],[63.240367,76.401984],[63.24464,76.383734],[63.25648,76.367499],[63.324107,76.315619],[63.33192,76.303534],[63.217296,76.292243],[63.16212,76.272162],[62.968516,76.239081],[62.943614,76.248908],[62.941417,76.251471],[62.936534,76.255927],[62.930919,76.259284],[62.924693,76.261054],[62.917247,76.261298],[62.779918,76.346503],[62.76649,76.350775],[62.713145,76.357489],[62.419688,76.342353],[62.161632,76.404883],[61.903575,76.467414],[61.882091,76.479438],[61.865733,76.4961],[61.854503,76.518805],[61.847667,76.560492],[61.856456,76.58985],[61.876475,76.610053],[61.962413,76.648078],[61.98524,76.663886],[61.998546,76.686774],[62.000865,76.705634],[61.997081,76.717597],[61.988536,76.724982],[61.963267,76.736396],[61.949351,76.745429],[61.936656,76.760077],[61.926524,76.782782],[61.920787,76.818183],[61.926524,76.926764],[61.946178,76.972357],[61.974864,77.003852],[62.058482,77.057563],[62.067149,77.076606],[62.05714,77.103583],[62.022594,77.142768],[61.98109,77.165351],[61.970103,77.175482],[61.963634,77.187201],[61.964366,77.200385],[61.974498,77.214789],[61.994029,77.227057],[62.022349,77.236518],[62.099132,77.24726],[62.286632,77.238837],[62.335704,77.224677],[62.428722,77.180609],[62.478648,77.166815],[62.838634,77.166815],[62.992686,77.096259],[63.03004,77.088996],[63.062266,77.098212],[63.087291,77.130072],[63.10255,77.190741],[63.101329,77.190253],[63.098765,77.195502],[63.095958,77.204962],[63.092052,77.230536],[63.092662,77.243598],[63.095836,77.254828],[63.10255,77.262763],[63.116588,77.268378],[63.161388,77.2732],[63.272105,77.26612],[63.352428,77.247626],[63.387096,77.230902],[63.452647,77.180487],[63.466685,77.175727],[63.542979,77.177558],[63.606578,77.166815],[63.615001,77.163153],[63.667613,77.122504],[63.678599,77.11872],[63.799693,77.097602],[63.894542,77.094794],[63.943004,77.108039],[63.969127,77.12403],[63.980235,77.141913],[63.986095,77.180976],[63.995372,77.200995],[64.018443,77.220465],[64.062633,77.238837],[64.094981,77.243476],[64.195445,77.238227],[64.302501,77.214667],[64.343639,77.19654],[64.368175,77.174445],[64.370372,77.148566],[64.215221,77.060492],[64.207408,77.052253],[64.206554,77.046759],[64.2317,77.030463],[64.270396,77.022834],[64.605846,77.034339],[64.941295,77.045844],[65.033214,77.02265],[65.046641,77.022773],[65.262584,77.094794],[65.598521,77.11872],[65.654307,77.139289],[65.690562,77.160346],[65.751842,77.220771],[65.779307,77.237677],[65.82191,77.251899],[66.274181,77.269355],[66.726451,77.286811],[66.73817,77.326239],[66.711681,77.353095],[66.656993,77.369696],[66.278331,77.387336],[66.012218,77.447669],[65.746104,77.508002],[65.303599,77.54383],[65.075206,77.613471],[65.031993,77.610419],[64.990855,77.59101],[64.95045,77.550788],[64.945445,77.541083],[64.932872,77.501776],[64.925548,77.490058],[64.91505,77.481391],[64.899791,77.477118],[64.878551,77.478766],[64.87379,77.481757],[64.869151,77.488288],[64.864635,77.497382],[64.857432,77.519904],[64.854137,77.54206],[64.854625,77.550788],[64.856334,77.553534],[64.876231,77.574836],[64.879771,77.582282],[64.88087,77.590277],[64.878551,77.598761],[64.866954,77.61225],[64.844005,77.630683],[64.691173,77.717231],[64.614635,77.742743],[64.182567,77.73075],[63.750499,77.718756],[63.558482,77.670783],[63.202159,77.663611],[62.845836,77.65644],[62.773936,77.63642],[62.718516,77.598761],[62.704234,77.573004],[62.705089,77.545111],[62.73878,77.462043],[62.740733,77.438788],[62.727916,77.419989],[62.638682,77.38996],[62.627086,77.381171],[62.620982,77.369574],[62.621471,77.354499],[62.629527,77.335089],[62.646495,77.310797],[62.649303,77.310675],[62.670299,77.303107],[62.694957,77.288764],[62.702403,77.280219],[62.703136,77.27143],[62.694591,77.262763],[62.657237,77.244452],[62.631236,77.240485],[62.612804,77.247565],[62.565318,77.30268],[62.539561,77.321357],[62.502574,77.334784],[62.272349,77.333869],[62.180675,77.312079],[62.146861,77.311469],[62.036876,77.334052],[61.707408,77.31092],[61.333629,77.341376],[61.302501,77.334784],[61.267345,77.31623],[61.199229,77.259406],[61.182506,77.238837],[61.172374,77.207099],[61.172252,77.17829],[61.199962,77.084845],[61.196666,77.065314],[61.182506,77.046759],[61.16151,77.038275],[60.950938,77.010443],[60.92567,76.996039],[60.918468,76.974738],[60.926036,76.950995],[60.939708,76.935736],[60.959972,76.927253],[61.388805,76.920233],[61.427257,76.927069],[61.457896,76.941107],[61.480235,76.964423],[61.49464,76.998786],[61.49232,76.996588],[61.488048,76.997016],[61.482432,76.999457],[61.476817,77.003363],[61.471812,77.008185],[61.468516,77.013373],[61.467784,77.018378],[61.49464,77.070746],[61.531139,77.08039],[61.779063,77.082526],[61.879405,77.062201],[61.902476,77.046759],[61.903941,77.031378],[61.878062,76.925299],[61.830577,76.806769],[61.803233,76.790839],[61.643077,76.768012],[61.607677,76.757697],[61.580943,76.73963],[61.566539,76.710761],[61.565684,76.689399],[61.57252,76.675605],[61.58546,76.667426],[61.666759,76.649787],[61.686534,76.6388],[61.721324,76.607306],[61.742686,76.576728],[61.750011,76.548102],[61.743297,76.522406],[61.722057,76.5008],[61.68568,76.48432],[61.634044,76.473944],[61.514781,76.473151],[61.42689,76.489997],[61.394908,76.505011],[61.374034,76.524604],[61.366222,76.549384],[61.373668,76.579291],[61.39857,76.614753],[61.4192,76.632758],[61.43922,76.642707],[61.482188,76.652045],[61.486217,76.657172],[61.482799,76.667914],[61.470592,76.686774],[61.449229,76.707221],[61.422008,76.718329],[61.050304,76.714545],[60.678599,76.710761],[60.462657,76.6388],[60.150523,76.6388],[60.127452,76.633673],[59.979869,76.570014],[59.958507,76.566779],[59.947887,76.568671],[59.862682,76.614753],[59.843883,76.608466],[59.829234,76.599677],[59.772472,76.54798],[59.718516,76.518805],[59.704967,76.515204],[59.612559,76.521369],[59.598521,76.518805],[59.511485,76.479438],[59.398204,76.467536],[59.39088,76.463446],[59.385509,76.456732],[59.382579,76.446784],[59.397716,76.412848],[59.444713,76.389594],[59.620616,76.344733],[59.639781,76.325019],[59.613536,76.296332],[59.508067,76.248603],[59.388316,76.237128],[59.098765,76.162177],[59.049205,76.158881],[58.913707,76.182746],[58.902599,76.182746],[58.8744,76.174018],[58.806529,76.134772],[58.710582,76.110785],[58.636363,76.068671],[58.550304,76.038947],[58.508433,76.037848],[58.472423,76.052191],[58.446544,76.086737],[58.444957,76.096808],[58.450572,76.199652],[58.446544,76.206732],[58.429698,76.213752],[58.410655,76.215155],[58.285411,76.186286],[58.236827,76.182929],[58.222301,76.185248],[58.170299,76.205573],[58.15858,76.206732],[57.856822,76.17475],[57.716441,76.122504],[57.685435,76.117438],[57.656627,76.120612],[57.630626,76.134772],[57.620128,76.145392],[57.617686,76.153205],[57.621593,76.159796],[57.655162,76.188422],[57.667857,76.206244],[57.678599,76.23078],[57.679088,76.235175],[57.676768,76.275336],[57.678599,76.278754],[57.696666,76.294684],[57.707164,76.301398],[57.71339,76.301276],[57.726329,76.28974],[57.739879,76.282904],[57.76295,76.27851],[57.834483,76.28266],[57.888194,76.296515],[57.906016,76.306769],[57.918101,76.319586],[57.924205,76.335028],[57.924327,76.353339],[57.901744,76.417792],[57.901378,76.426337],[57.904552,76.434394],[57.95338,76.482062],[58.009044,76.617072],[58.023082,76.635077],[58.040538,76.65058],[58.062633,76.662787],[58.073131,76.665351],[58.120372,76.665473],[58.128795,76.668708],[58.1338,76.67536],[58.134532,76.686774],[58.126353,76.706244],[58.108287,76.721991],[57.942515,76.782782],[57.774547,76.926764],[57.663829,76.986151],[57.600597,77.057379],[57.57838,77.059149],[57.561412,77.0362],[57.515147,76.899176],[57.492686,76.857306],[57.462535,76.830756],[57.126598,76.830756],[57.122203,76.838324],[57.129405,76.965888],[57.126598,76.974738],[57.112682,76.982856],[57.099132,76.98371],[57.049327,76.967108],[57.025401,76.96369],[56.995494,76.965338],[56.958507,76.974738],[56.940074,76.983954],[56.925182,76.996588],[56.883678,77.055243],[56.87379,77.065253],[56.862559,77.070746],[56.845714,77.07276],[56.829723,77.071418],[56.81483,77.067755],[56.771739,77.048163],[56.766612,77.046759],[56.286632,77.094794],[56.277354,77.10694],[56.275523,77.124701],[56.279552,77.167609],[56.277965,77.187812],[56.269054,77.204047],[56.249156,77.213813],[56.21461,77.214789],[56.183604,77.20716],[56.170055,77.193732],[56.168712,77.175788],[56.187144,77.110053],[56.183604,77.088935],[56.166515,77.070746],[56.137828,77.065497],[55.807506,77.099066],[55.740977,77.09162],[55.686534,77.070746],[55.66627,77.055121],[55.65089,77.037726],[55.612559,76.96955],[55.602794,76.958075],[55.590587,76.950812],[55.568004,76.94599],[55.350597,76.950812],[55.300059,76.937262],[55.031627,76.79328],[54.97523,76.781073],[54.83607,76.784735],[54.740245,76.807807],[54.726573,76.806769],[54.688975,76.795783],[54.656383,76.780158],[54.486583,76.6388],[54.471812,76.6305],[54.450572,76.623664],[54.418346,76.599128],[54.009532,76.46485],[53.980968,76.463935],[53.952647,76.471503],[53.922008,76.489203],[53.828502,76.585883],[53.8213,76.590399],[53.814586,76.590766],[53.805553,76.582709],[53.799083,76.566718],[53.775523,76.442084],[53.766612,76.422797],[53.752086,76.40412],[53.734874,76.38819],[53.446056,76.265021],[53.353892,76.246772],[52.946178,76.268195],[52.910655,76.257025],[52.885387,76.233344],[52.873546,76.193671],[52.878551,76.134772],[52.91505,76.108161],[52.925914,76.094672],[52.932872,76.07862],[52.933971,76.059943],[52.926524,76.038764],[52.918468,76.02967],[52.906016,76.023383],[52.758556,75.99079],[52.639659,75.945502],[52.611339,75.941596],[52.579356,75.943061],[52.49464,75.966742],[52.422618,76.014716],[52.356578,76.008673],[52.295299,75.988654],[52.249889,75.963629],[52.236217,75.952094],[52.230601,75.942755],[52.23463,75.911689],[52.255015,75.890326],[52.286998,75.876105],[52.402354,75.850836],[52.431041,75.839606],[52.446666,75.82276],[52.451671,75.782233],[52.438487,75.744513],[52.410411,75.710761],[52.370738,75.681647],[52.322398,75.658149],[52.213145,75.631903],[52.15858,75.630805],[52.038585,75.654731],[52.00941,75.644416],[51.98524,75.630011],[51.903819,75.550544],[51.846568,75.510749],[51.678477,75.462714],[51.534557,75.390753],[51.49586,75.383612],[51.259166,75.378791],[51.222667,75.366706],[51.214854,75.361518],[51.161876,75.301032],[51.150645,75.294745],[50.958507,75.246772],[50.814586,75.150763],[50.809825,75.120917],[50.816417,75.095587],[50.858287,75.032721],[50.864635,75.011298],[50.859508,74.987067],[50.838634,74.958747],[50.816539,74.943488],[50.790172,74.93592],[50.644786,74.940192],[50.622569,74.93476],[50.602794,74.92182],[50.587291,74.90351],[50.522716,74.78498],[50.502574,74.766791],[50.496226,74.763434],[50.123546,74.669928],[49.995494,74.675482],[49.97462,74.670722],[49.921275,74.648139],[49.767589,74.539435],[49.717662,74.523444],[49.652354,74.518195],[49.566661,74.526801],[49.528453,74.538153],[49.496715,74.556586],[49.392955,74.657904],[49.362559,74.679267],[49.326549,74.69477],[48.876598,74.712958],[48.848888,74.706855],[48.788829,74.674262],[48.774669,74.670722],[48.759288,74.6706],[48.667247,74.695014],[48.654674,74.69477],[48.613902,74.68299],[48.558482,74.652289],[48.546641,74.648017],[48.534557,74.646796],[48.47877,74.653815],[48.331309,74.71369],[48.303722,74.719184],[48.276134,74.714118],[48.246593,74.69477],[48.229625,74.678046],[48.225108,74.668586],[48.229991,74.663947],[48.25648,74.658698],[48.272349,74.653022],[48.286021,74.641913],[48.294566,74.622748],[48.296153,74.610419],[48.29481,74.601386],[48.291759,74.595099],[48.287364,74.590583],[48.277354,74.58393],[48.273326,74.580024],[48.270518,74.574713],[48.252208,74.513617],[48.246104,74.507453],[48.23878,74.512702],[48.211436,74.542792],[48.186412,74.56037],[48.150645,74.574713],[48.09254,74.584906],[47.747935,74.550544],[47.609019,74.56977],[47.598521,74.574713],[47.591685,74.583014],[47.587901,74.593817],[47.581065,74.629645],[47.575572,74.638983],[47.565807,74.645087],[47.55067,74.646796],[47.503062,74.64234],[47.495372,74.638922],[47.396983,74.538459],[47.38026,74.527777],[47.360973,74.52143],[47.337901,74.520697],[47.266002,74.543219],[47.227428,74.549506],[47.20692,74.547492],[47.186656,74.54029],[47.166515,74.526801],[47.133678,74.482428],[47.14857,74.453315],[47.19984,74.435981],[47.598521,74.406806],[47.611095,74.402106],[47.681163,74.36225],[47.694591,74.358771],[47.847423,74.362494],[47.862682,74.358771],[47.994151,74.245673],[48.006602,74.238776],[48.055064,74.23194],[48.198619,74.238776],[48.342662,74.190741],[48.489146,74.187506],[48.504161,74.181098],[48.518565,74.16706],[48.541637,74.128302],[48.541637,74.125983],[48.54005,74.125495],[48.537974,74.125678],[48.535899,74.125373],[48.534557,74.12342],[48.545787,74.037299],[48.551158,74.028327],[48.558604,74.022773],[48.604259,74.010077],[48.644786,74.009223],[48.77064,74.042304],[48.796886,74.038947],[48.82252,74.022773],[48.83314,74.005683],[48.825206,73.993598],[48.80421,73.985053],[48.68922,73.960944],[48.678599,73.950751],[48.685069,73.912055],[48.722179,73.895819],[48.78004,73.896918],[49.062511,73.974799],[49.11317,73.973334],[49.349864,73.928778],[49.469005,73.873236],[49.542491,73.854804],[49.632701,73.854926],[49.902476,73.902777],[49.924815,73.90119],[50.012462,73.87226],[50.029063,73.872748],[50.046641,73.87873],[50.06129,73.891852],[50.089,73.941169],[50.11964,74.0409],[50.118541,74.046759],[50.145396,74.047248],[50.174693,74.040045],[50.205089,74.026801],[50.265025,73.988593],[50.340587,73.919379],[50.358165,73.892096],[50.364146,73.886725],[50.372203,73.882209],[50.382579,73.87873],[50.574596,73.87873],[50.59193,73.88581],[50.680919,73.965644],[50.742564,73.998725],[51.161571,74.06269],[51.580577,74.126654],[51.606578,74.142768],[51.625499,74.17359],[51.628062,74.203131],[51.619762,74.231391],[51.592418,74.284735],[51.584361,74.310004],[51.587291,74.334662],[51.606578,74.358771],[51.631114,74.370795],[51.906871,74.3888],[52.182628,74.406806],[52.397472,74.366034],[52.49464,74.382758],[52.614635,74.430732],[52.625865,74.445563],[52.630015,74.462714],[52.628917,74.481513],[52.611949,74.558539],[52.614635,74.574713],[52.782481,74.718756],[52.786876,74.726325],[52.806651,74.790717],[52.830577,74.838813],[52.891124,74.913703],[52.896495,74.928778],[52.896495,74.947577],[52.862437,75.057074],[52.864024,75.070441],[52.871959,75.079596],[52.98939,75.136298],[53.059825,75.194648],[53.070567,75.198798],[53.358531,75.198798],[53.574474,75.270819],[53.934581,75.294745],[54.010387,75.329413],[54.059581,75.343146],[54.126598,75.34278],[54.127208,75.341742],[54.131969,75.330695],[54.134898,75.3263],[54.138927,75.322455],[54.144054,75.31977],[54.150523,75.318793],[54.157359,75.31977],[54.162608,75.322516],[54.166637,75.326361],[54.169688,75.330756],[54.174571,75.34278],[54.318614,75.318793],[54.438609,75.390753],[54.452159,75.392096],[54.464122,75.390448],[54.507091,75.3711],[54.519908,75.367743],[54.534557,75.366706],[54.774547,75.41474],[55.110606,75.390753],[55.113292,75.378546],[55.109508,75.361945],[55.003795,75.202765],[54.919566,75.132209],[54.816905,75.077643],[54.365977,74.919318],[54.323497,74.891974],[54.290904,74.857611],[54.27064,74.814765],[54.24818,74.721381],[54.231578,74.685431],[54.198619,74.646796],[54.129649,74.602607],[54.126598,74.598761],[54.127208,74.56745],[54.136363,74.540534],[54.19691,74.453803],[54.202769,74.431525],[54.198619,74.406806],[54.191539,74.395453],[54.140147,74.346503],[54.054576,74.28675],[54.000621,74.266852],[53.838634,74.238776],[53.694591,74.166754],[53.406566,74.070777],[53.118541,73.974799],[52.830577,73.998725],[52.819102,74.011481],[52.811046,74.030402],[52.794322,74.121405],[52.789439,74.136054],[52.782481,74.142768],[52.752452,74.144599],[52.730724,74.136176],[52.714366,74.12049],[52.686534,74.080512],[52.669444,74.062567],[52.646495,74.050238],[52.614635,74.046759],[52.584361,74.057929],[52.556773,74.084357],[52.447887,74.235297],[52.413951,74.257514],[52.374644,74.262763],[52.330943,74.250495],[52.314098,74.229315],[52.315684,74.201056],[52.340465,74.131293],[52.346446,74.093634],[52.336558,74.05683],[52.302623,74.022773],[52.278941,74.010077],[52.255748,74.002997],[52.233287,74.000556],[52.211681,74.001654],[52.134532,74.022773],[52.118663,74.031134],[52.062877,74.083014],[52.04835,74.087958],[52.032359,74.084723],[52.014659,74.070746],[52.003062,74.04682],[52.005015,74.016974],[52.018932,73.98371],[52.042979,73.949591],[52.07545,73.91706],[52.114635,73.888739],[52.158946,73.867133],[52.206554,73.854804],[52.385997,73.845343],[52.413463,73.838141],[52.434215,73.825812],[52.446666,73.806769],[52.439952,73.77497],[52.404063,73.744757],[52.091197,73.598639],[52.062633,73.566718],[52.058604,73.553473],[52.05482,73.499396],[52.052379,73.487921],[52.04713,73.478217],[52.038585,73.470771],[51.995616,73.454413],[51.952281,73.45008],[51.844981,73.455329],[51.82484,73.445197],[51.816661,73.420111],[51.830821,73.309699],[51.826427,73.283026],[51.815929,73.258612],[51.798717,73.235175],[51.702525,73.158759],[51.534557,73.062751],[51.227672,73.064856],[50.920787,73.066962],[50.85731,73.041815],[50.814586,72.990729],[50.813243,72.966742],[50.905894,72.768378],[50.914806,72.73194],[50.910533,72.702765],[50.889293,72.676032],[50.857555,72.65644],[50.817393,72.643439],[50.721446,72.634467],[50.481334,72.665595],[50.319835,72.628974],[50.165782,72.626715],[50.036021,72.584357],[50.022594,72.58277],[50.000011,72.585334],[49.889659,72.629828],[49.878551,72.630744],[49.84608,72.623969],[49.82191,72.614814],[49.803599,72.603583],[49.758067,72.562995],[49.710582,72.534796],[49.697154,72.530524],[49.586314,72.516852],[49.325572,72.442816],[49.210216,72.433234],[49.11085,72.450507],[49.009044,72.529181],[48.9994,72.533271],[48.990611,72.534796],[48.974498,72.530036],[48.960582,72.518012],[48.908214,72.440436],[48.891124,72.424689],[48.870494,72.41474],[48.862804,72.415351],[48.730601,72.457465],[48.474132,72.4784],[48.445445,72.488898],[48.425182,72.506964],[48.414683,72.534796],[48.414317,72.55152],[48.418346,72.567084],[48.426036,72.581366],[48.43629,72.594245],[48.461314,72.615668],[48.486583,72.630744],[48.506969,72.636908],[48.588634,72.63758],[48.597057,72.6435],[48.595958,72.65644],[48.58253,72.678778],[48.555308,72.692816],[48.078502,72.702765],[47.929332,72.771796],[47.910655,72.774726],[47.892833,72.773749],[47.767955,72.731879],[47.697765,72.722907],[47.555553,72.731879],[47.527721,72.729254],[47.502086,72.720282],[47.478526,72.702765],[47.473521,72.695624],[47.470225,72.686957],[47.459605,72.638068],[47.4546,72.630744],[47.428111,72.607611],[47.359508,72.567267],[47.343883,72.552924],[47.333873,72.532782],[47.330333,72.503852],[47.334605,72.462775],[47.361583,72.405463],[47.362193,72.396186],[47.358653,72.390753],[47.32838,72.37873],[47.304698,72.376105],[47.285655,72.380683],[47.270274,72.390448],[47.230479,72.429511],[47.112315,72.479132],[47.070567,72.486762],[47.007335,72.486274],[46.992442,72.481269],[46.952281,72.456427],[46.878673,72.438788],[46.420665,72.431464],[46.369395,72.416083],[46.350597,72.390753],[46.360973,72.350287],[46.38734,72.333808],[46.425059,72.333808],[46.557506,72.357856],[46.592296,72.348822],[46.614635,72.318793],[46.621226,72.293463],[46.620738,72.277899],[46.613658,72.269538],[46.600352,72.265876],[46.557017,72.262213],[46.494517,72.246772],[46.48939,72.243476],[46.450694,72.201422],[46.446544,72.198737],[46.438487,72.197333],[46.382213,72.201178],[46.374522,72.198737],[46.313731,72.164984],[46.279796,72.13935],[46.264293,72.11994],[46.253795,72.09278],[46.241222,72.081549],[46.15858,72.054755],[46.075328,72.044989],[45.798595,72.054755],[45.390636,72.006781],[45.370128,72.012213],[45.25941,72.076606],[45.246593,72.078742],[45.233409,72.075629],[45.126598,72.006781],[44.670543,71.93476],[44.406627,71.838752],[44.194469,71.84986],[44.118541,71.838752],[44.091685,71.826361],[44.06837,71.809882],[43.950694,71.670783],[43.946056,71.662726],[43.92335,71.580512],[43.914439,71.564215],[43.902599,71.550788],[43.889049,71.542243],[43.8744,71.538031],[43.781749,71.534125],[43.758556,71.526801],[43.739146,71.516364],[43.590587,71.382758],[43.46339,71.325019],[43.424571,71.290595],[43.408214,71.280463],[43.39503,71.278266],[43.317638,71.305609],[43.278575,71.310797],[42.930308,71.259223],[42.798595,71.262763],[42.774913,71.268744],[42.631236,71.330756],[42.606578,71.334784],[42.532359,71.331488],[42.294566,71.28675],[41.799144,71.299659],[41.303722,71.312567],[41.190562,71.28675],[41.147838,71.266059],[41.067515,71.210395],[41.022594,71.190741],[40.714488,71.152899],[40.674693,71.139777],[40.63856,71.118781],[40.61085,71.089606],[40.510753,70.831122],[40.49464,70.806769],[40.475841,70.792426],[40.452403,70.781317],[40.278575,70.734809],[40.091807,70.636054],[40.085582,70.63465],[40.086558,70.6388],[40.071666,70.60987],[40.066905,70.581855],[40.081309,70.48371],[40.076915,70.464057],[40.062633,70.446723],[40.045787,70.437323],[40.026744,70.432563],[39.846568,70.422797],[39.630626,70.326789],[39.366588,70.326789],[39.138927,70.2685],[39.096202,70.26911],[39.023448,70.290717],[39.020396,70.293524],[39.006602,70.326789],[39.00648,70.32685],[38.978526,70.386786],[38.978038,70.395819],[38.982677,70.398749],[38.962047,70.396979],[38.945079,70.388495],[38.8838,70.325385],[38.863536,70.311774],[38.838634,70.302802],[38.80067,70.298285],[38.768687,70.301459],[38.740855,70.310492],[38.633678,70.36579],[38.598643,70.374762],[38.581187,70.376166],[38.565196,70.374701],[38.550792,70.371161],[38.509044,70.352545],[38.502574,70.350775],[38.325084,70.367499],[38.222911,70.397345],[38.194347,70.419379],[38.190684,70.446723],[38.200816,70.4607],[38.283214,70.525336],[38.295909,70.545111],[38.298228,70.56684],[38.286632,70.590766],[38.255748,70.617011],[38.219371,70.628424],[38.17921,70.628607],[38.010875,70.591132],[37.97462,70.590766],[37.96046,70.593634],[37.948863,70.597724],[37.895274,70.630866],[37.577037,70.729071],[37.566661,70.734809],[37.554332,70.747016],[37.468272,70.886176],[37.446666,70.902777],[37.379283,70.923774],[37.374644,70.926764],[37.368541,70.938361],[37.334972,71.061591],[37.326671,71.070746],[37.301158,71.080024],[36.990611,71.118781],[36.937266,71.145087],[36.844981,71.213629],[36.798595,71.238837],[36.558604,71.262763],[36.299937,71.396674],[36.247081,71.411383],[35.815278,71.432359],[35.383474,71.453335],[34.951671,71.474311],[34.775523,71.414923],[34.513011,71.402869],[34.250499,71.390815],[34.230601,71.382758],[34.220348,71.36518],[34.219493,71.350898],[34.225597,71.339423],[34.236339,71.330512],[34.278575,71.310797],[34.297374,71.269843],[34.276134,71.249762],[34.224986,71.245551],[33.870616,71.28675],[33.75294,71.249945],[33.713878,71.226996],[33.702525,71.214789],[33.621349,71.013373],[33.604259,70.990485],[33.582652,70.974799],[33.276866,70.98548],[32.97108,70.996161],[32.934703,70.974799],[32.928844,70.947882],[32.940318,70.932318],[32.965221,70.925055],[33.132945,70.915778],[33.174693,70.902777],[33.209849,70.87873],[33.34669,70.740851],[33.378673,70.729743],[33.409312,70.741461],[33.438609,70.782782],[33.441051,70.792182],[33.441661,70.841742],[33.445079,70.850531],[33.451671,70.855353],[33.462535,70.854804],[33.504893,70.839545],[33.527354,70.823188],[33.535655,70.805365],[33.531016,70.741034],[33.538097,70.715155],[33.558604,70.686774],[33.574474,70.674872],[33.593394,70.66706],[33.706187,70.647223],[33.726695,70.6388],[33.728526,70.636115],[33.841319,70.544501],[33.846568,70.542792],[33.839244,70.5138],[33.813609,70.486762],[33.698497,70.410102],[33.671641,70.383979],[33.66273,70.356391],[33.678599,70.326789],[33.703136,70.313239],[33.796886,70.295356],[33.917247,70.292975],[34.025279,70.309882],[34.062511,70.326789],[34.083995,70.346381],[34.094127,70.367194],[34.096202,70.388617],[34.081554,70.474921],[34.086681,70.494757],[34.115611,70.540961],[34.131847,70.55744],[34.149425,70.569281],[34.168101,70.5763],[34.187877,70.578376],[34.208751,70.575263],[34.230601,70.566779],[34.248057,70.549994],[34.250255,70.527167],[34.201427,70.406501],[34.197765,70.37696],[34.206676,70.350775],[34.234019,70.321967],[34.262706,70.309699],[34.292369,70.309455],[34.392467,70.334601],[34.430186,70.336249],[34.470592,70.326789],[34.48585,70.316962],[34.498912,70.301642],[34.552989,70.198065],[34.566661,70.182807],[34.576549,70.176459],[34.587901,70.172797],[34.651622,70.164252],[34.662608,70.158759],[34.669444,70.152472],[34.703868,70.092353],[34.710582,70.086798],[34.722423,70.081977],[34.798595,70.072333],[34.830577,70.062812],[34.838878,70.057807],[34.880992,70.021613],[34.891246,70.016974],[34.902599,70.014777],[34.917247,70.015692],[34.947032,70.025702],[35.007457,70.057135],[35.142223,70.084662],[35.142589,70.086798],[35.173106,70.077033],[35.176524,70.073127],[35.175914,70.066474],[35.142589,70.014777],[35.136851,70.009833],[35.090587,69.981208],[35.080211,69.970465],[35.073009,69.957709],[35.070567,69.942816],[35.078014,69.913947],[35.095714,69.890815],[35.165416,69.838263],[35.179332,69.820624],[35.181407,69.800116],[35.166637,69.774787],[35.145152,69.760138],[35.117931,69.755561],[35.086681,69.75849],[34.950694,69.798774],[34.934581,69.79682],[34.845348,69.754828],[34.830577,69.7508],[34.812755,69.749091],[34.798228,69.750556],[34.786143,69.754218],[34.756724,69.769721],[34.746593,69.773322],[34.73463,69.774787],[34.618419,69.761298],[34.590709,69.763617],[34.564342,69.773078],[34.540294,69.791938],[34.518687,69.82276],[34.514171,69.842108],[34.524913,69.852362],[34.631358,69.863776],[34.652354,69.87464],[34.662608,69.894721],[34.662486,69.908271],[34.658214,69.919989],[34.649669,69.93006],[34.636974,69.93891],[34.598399,69.953803],[34.542613,69.966742],[34.541026,69.965461],[34.505382,69.947821],[34.481456,69.942206],[34.470592,69.942816],[34.464854,69.945502],[34.449596,69.958564],[34.423717,69.988166],[34.422374,69.990729],[34.414195,69.982672],[34.379039,69.964423],[34.294078,69.939826],[34.282237,69.940558],[34.268687,69.949225],[34.256602,69.964606],[34.212291,70.057746],[34.206676,70.062812],[34.170543,70.059149],[34.137218,70.045966],[34.02064,69.961066],[33.993663,69.947333],[33.966685,69.942816],[33.947765,69.947577],[33.932384,69.95893],[33.881847,70.033576],[33.866099,70.05036],[33.846568,70.062812],[33.831432,70.06623],[33.814586,70.064826],[33.705577,70.037665],[33.678599,70.038764],[33.534679,70.110785],[33.198619,70.206794],[33.006602,70.23078],[32.990733,70.237677],[32.903697,70.297126],[32.886607,70.302802],[32.651622,70.327826],[32.574718,70.350775],[32.403209,70.433905],[32.338145,70.454901],[32.310557,70.455207],[32.286632,70.446723],[32.266368,70.426154],[32.267711,70.403876],[32.284434,70.380255],[32.365245,70.305121],[32.381724,70.279731],[32.382701,70.254767],[32.361827,70.228217],[32.323253,70.206488],[32.271251,70.189154],[32.142711,70.166632],[31.889659,70.164496],[31.610606,70.201728],[31.57252,70.194953],[31.563121,70.173896],[31.590709,70.134772],[31.662608,70.110785],[31.670665,70.076789],[31.672252,70.045172],[31.669078,70.016669],[31.662608,69.991889],[31.646983,69.956],[31.638682,69.942816],[31.612315,69.930609],[31.586436,69.930915],[31.56129,69.940436],[31.468028,70.007025],[31.446544,70.014777],[31.417247,70.018134],[31.308482,70.009406],[31.045665,69.934027],[30.968516,69.877875],[30.921275,69.853766],[30.871226,69.843695],[30.685557,69.84455],[30.338023,69.896796],[29.990489,69.949042],[29.931529,69.938971],[29.795421,69.960517],[29.739024,69.982672],[29.72047,69.997931],[29.712657,70.016608],[29.718639,70.038764],[29.72877,70.046576],[29.744517,70.048041],[29.78419,70.038398],[29.838634,70.014777],[30.158214,70.026068],[30.477794,70.03736],[30.592662,70.013861],[30.6067,70.014777],[30.627452,70.021308],[30.645518,70.030951],[30.750621,70.110785],[30.918712,70.158759],[31.062633,70.23078],[31.076427,70.234076],[31.091075,70.234992],[31.153331,70.229132],[31.182628,70.23078],[31.18983,70.233649],[31.254527,70.278754],[31.261119,70.279975],[31.313487,70.275336],[31.321544,70.27619],[31.326549,70.278754],[31.328136,70.282721],[31.328258,70.288642],[31.324351,70.318061],[31.324596,70.323432],[31.326549,70.326789],[31.333385,70.329901],[31.388072,70.341925],[31.395274,70.34571],[31.398692,70.350775],[31.398448,70.369147],[31.39149,70.385871],[31.378673,70.401801],[31.110606,70.614753],[30.774669,70.662787],[30.766002,70.666754],[30.708507,70.708075],[30.702647,70.710761],[30.302623,70.774766],[29.902599,70.838772],[29.502574,70.902777],[29.313731,70.99317],[29.211192,71.02381],[29.147349,71.028266],[29.017833,71.012641],[28.722667,70.88935],[28.710582,70.878791],[28.529918,70.797553],[28.505138,70.796149],[28.49464,70.806769],[28.498302,70.828315],[28.512462,70.847602],[28.534557,70.864936],[28.772716,70.987189],[28.792857,71.005683],[28.805186,71.025702],[28.806651,71.046759],[28.784801,71.07807],[28.740367,71.100898],[28.479015,71.161658],[28.217662,71.222419],[27.769603,71.214759],[27.321544,71.207099],[27.281627,71.19007],[27.246593,71.166754],[27.198741,71.118781],[27.149669,71.097174],[27.072642,71.081732],[27.061412,71.077399],[27.054576,71.070746],[27.046886,71.043769],[27.046886,71.010993],[27.081309,70.831549],[27.078624,70.806769],[26.975597,70.695136],[26.958751,70.686774],[26.943614,70.684149],[26.904918,70.684211],[26.862926,70.690619],[26.827159,70.702826],[26.814586,70.710761],[26.803355,70.726935],[26.80482,70.743293],[26.815807,70.760016],[26.869273,70.81391],[26.882091,70.833747],[26.886607,70.854804],[26.884044,70.882148],[26.879039,70.894843],[26.871593,70.89765],[26.848521,70.892218],[26.83253,70.893378],[26.813243,70.903327],[26.79066,70.926764],[26.78004,70.944342],[26.775767,70.960028],[26.774791,70.997382],[26.770763,71.006964],[26.760875,71.015387],[26.742686,71.022773],[26.703746,71.027106],[26.657481,71.021003],[26.252208,70.845587],[26.190684,70.830756],[26.137584,70.828376],[26.092906,70.836188],[26.075206,70.843695],[26.061168,70.853339],[26.051524,70.865058],[26.046641,70.878791],[26.043956,70.914679],[26.046641,70.930487],[26.049327,70.936469],[26.052745,70.941474],[26.056895,70.945685],[26.071788,70.945258],[26.080821,70.946479],[26.104869,70.954962],[26.121349,70.966193],[26.190684,70.97486],[26.217296,70.985419],[26.231578,70.997138],[26.243907,71.016913],[26.245128,71.021552],[26.411388,71.096198],[26.424693,71.107856],[26.430553,71.118781],[26.427867,71.130316],[26.416026,71.133429],[26.397472,71.130316],[26.31068,71.094794],[26.292369,71.099372],[26.27943,71.107367],[26.270518,71.117926],[26.253917,71.152411],[26.247569,71.1612],[26.238658,71.166754],[25.838634,71.190782],[25.438609,71.214809],[25.038585,71.238837],[24.726573,71.166754],[24.294566,71.190741],[24.004039,71.15351],[23.822642,71.187934],[23.794078,71.186042],[23.769176,71.175727],[23.750987,71.154242],[23.742686,71.118781],[23.767345,71.067328],[23.771007,71.05213],[23.771129,71.037055],[23.766612,71.022773],[23.75648,71.009406],[23.742686,70.998847],[23.59315,70.932929],[23.523814,70.877143],[23.510753,70.871955],[23.496226,70.872199],[23.478648,70.878791],[23.467296,70.891364],[23.469127,70.908149],[23.480479,70.927924],[23.547374,71.008918],[23.55067,71.022773],[23.532359,71.061225],[23.500255,71.082099],[23.457774,71.089057],[23.072724,71.058966],[22.687673,71.028876],[22.302623,70.998786],[22.269298,70.982795],[22.11732,70.849738],[22.039317,70.807379],[22.038585,70.806769],[21.687755,70.701606],[21.629405,70.667548],[21.602061,70.629828],[21.615367,70.588324],[21.678599,70.542792],[21.705577,70.531745],[21.904674,70.504462],[21.954234,70.490058],[22.026378,70.449225],[22.038585,70.446723],[22.138438,70.447943],[22.155162,70.44245],[22.187266,70.443305],[22.22755,70.451422],[22.254649,70.462104],[22.267955,70.473395],[22.290416,70.479804],[22.305186,70.473761],[22.338267,70.469489],[22.385265,70.475775],[22.404918,70.48432],[22.410167,70.482978],[22.437144,70.47016],[22.439098,70.469672],[22.472057,70.465277],[22.479869,70.467353],[22.486705,70.471381],[22.501964,70.490485],[22.506114,70.498236],[22.507945,70.498236],[22.508433,70.498114],[22.509166,70.498114],[22.552623,70.47663],[22.573497,70.474433],[22.587291,70.479315],[22.594249,70.483588],[22.605601,70.493354],[22.700206,70.478583],[22.707042,70.47486],[22.710582,70.470771],[22.716075,70.451911],[22.716319,70.444403],[22.714976,70.438117],[22.712169,70.432929],[22.708018,70.428717],[22.702769,70.425421],[22.696056,70.422919],[22.683971,70.426947],[22.667735,70.427802],[22.653819,70.424628],[22.64564,70.420172],[22.529552,70.427191],[22.49464,70.422797],[22.427257,70.390204],[22.415782,70.390998],[22.392467,70.38703],[22.382701,70.38349],[22.36378,70.37287],[22.350108,70.356269],[22.34962,70.355048],[22.349498,70.354254],[22.34901,70.353034],[22.274913,70.337836],[22.213145,70.33747],[21.847667,70.407172],[21.482188,70.476874],[21.340709,70.465705],[21.319591,70.457465],[21.241588,70.40412],[21.222667,70.398749],[21.20045,70.397223],[21.180919,70.399604],[21.122569,70.421881],[21.112071,70.424262],[21.102672,70.422797],[21.035533,70.401801],[21.030528,70.398749],[21.025645,70.391669],[21.022472,70.38288],[21.015147,70.342292],[21.011851,70.333686],[21.006602,70.326789],[20.998912,70.321295],[20.990489,70.317816],[20.943492,70.307929],[20.934703,70.302802],[20.927501,70.296454],[20.923106,70.290595],[20.921031,70.285224],[20.920787,70.280463],[20.922008,70.276435],[20.923717,70.2732],[20.927135,70.269416],[20.897594,70.286811],[20.875011,70.308417],[20.86671,70.321173],[20.860728,70.334601],[20.857921,70.348334],[20.858287,70.361884],[20.862682,70.374762],[20.869029,70.380133],[20.954234,70.396552],[20.958629,70.398749],[20.961803,70.418341],[20.959361,70.438422],[20.932506,70.514167],[20.930797,70.529547],[20.934703,70.542792],[20.938853,70.545844],[21.006602,70.566779],[21.042369,70.603583],[21.041637,70.633979],[21.012218,70.659003],[20.896739,70.696479],[20.550853,70.730353],[20.204967,70.764228],[20.139293,70.788092],[20.128307,70.825263],[20.190684,70.878791],[20.286632,70.926764],[20.357799,70.927253],[20.455089,70.913642],[20.486583,70.917121],[20.738048,70.99842],[20.766612,70.998786],[20.789806,70.994696],[20.808116,70.988654],[20.823009,70.980902],[20.886607,70.926764],[20.894054,70.922736],[20.95045,70.907538],[21.075328,70.823676],[21.126598,70.806769],[21.18629,70.801703],[21.320445,70.811957],[21.454723,70.845038],[21.566417,70.896064],[21.702769,70.9961],[21.704356,70.998603],[21.702647,70.998786],[21.7942,70.997077],[21.798595,70.998786],[21.799815,71.013129],[21.796641,71.033026],[21.788829,71.056464],[21.759166,71.107367],[21.737193,71.131232],[21.710338,71.151557],[21.678599,71.166754],[21.647838,71.17182],[21.299815,71.160041],[21.226939,71.172003],[21.117442,71.213446],[21.102672,71.214789],[21.084361,71.212043],[20.956187,71.166388],[20.934703,71.166754],[20.858165,71.186591],[20.797862,71.213752],[20.763927,71.235419],[20.760142,71.24018],[20.766612,71.238837],[20.6963,71.274726],[20.64857,71.289313],[20.623546,71.290839],[20.598643,71.28675],[20.557506,71.268378],[20.542857,71.247504],[20.546397,71.224494],[20.59193,71.147711],[20.59315,71.1211],[20.574718,71.094794],[20.298656,71.058783],[20.022594,71.022773],[20.002696,71.031256],[19.854625,71.142768],[19.84962,71.163336],[19.853892,71.179511],[19.865123,71.193],[19.896617,71.219794],[19.911632,71.236701],[19.922496,71.258429],[19.926646,71.28675],[19.924571,71.30683],[19.918956,71.323859],[19.910167,71.338629],[19.75587,71.469184],[19.741588,71.475775],[19.726695,71.479071],[19.710582,71.478766],[19.678477,71.468207],[19.653453,71.448615],[19.634288,71.423041],[19.590709,71.310797],[19.574718,71.300116],[19.27064,71.185431],[18.966563,71.070746],[18.95338,71.07154],[18.939708,71.076178],[18.862804,71.116034],[18.846568,71.118781],[18.837291,71.117255],[18.764293,71.082038],[18.726573,71.070746],[18.377696,71.037909],[18.339244,71.021857],[18.318614,70.998786],[18.321788,70.969062],[18.347301,70.935553],[18.439464,70.8664],[18.6067,70.782782],[18.631236,70.779731],[18.652599,70.780829],[18.779307,70.806159],[18.839732,70.804816],[18.966563,70.758734],[19.278575,70.758734],[19.662608,70.662787],[19.97462,70.6388],[20.007213,70.652045],[20.048473,70.661017],[20.068248,70.660102],[20.084239,70.653266],[20.094615,70.6388],[20.099376,70.619574],[20.098033,70.606879],[20.091319,70.598822],[19.670787,70.451972],[19.542613,70.446723],[19.506358,70.453009],[19.480846,70.462531],[19.462413,70.474555],[19.413585,70.517279],[19.387584,70.530829],[19.350597,70.542792],[19.296886,70.549689],[18.882782,70.539394],[18.468679,70.5291],[18.054576,70.518805],[17.886607,70.470771],[17.633189,70.467902],[17.379771,70.465033],[17.334727,70.450385],[17.310557,70.422797],[17.318004,70.395331],[17.354381,70.368659],[17.753917,70.252997],[17.827647,70.257575],[17.838512,70.254767],[17.844981,70.2508],[17.850108,70.245002],[17.863048,70.22309],[17.868785,70.216254],[17.876475,70.210639],[17.886607,70.206794],[18.267345,70.147101],[18.29066,70.132636],[18.297984,70.114325],[18.284801,70.091315],[18.246593,70.062812],[18.22877,70.05329],[18.212779,70.047736],[18.198253,70.045905],[18.184337,70.047614],[18.170909,70.052741],[18.157115,70.061103],[18.126598,70.086798],[18.094127,70.126899],[18.086925,70.131598],[18.078624,70.134772],[17.72462,70.172858],[17.370616,70.210944],[17.310557,70.206794],[17.28358,70.197943],[17.260875,70.184699],[17.169932,70.105414],[17.094615,70.062812],[17.081432,70.059027],[16.97462,70.062812],[16.763682,69.95484],[16.758556,69.942816],[16.782725,69.923041],[16.823253,69.912665],[17.21461,69.918769],[17.646617,69.82276],[17.732555,69.82099],[17.834605,69.83747],[17.849864,69.833686],[17.862559,69.82276],[17.875255,69.792609],[17.867808,69.765326],[17.844493,69.741217],[17.810069,69.720587],[17.768565,69.703742],[17.682506,69.682563],[17.587779,69.680121],[17.540172,69.688544],[17.501231,69.701972],[17.387828,69.766181],[17.358653,69.774787],[17.107432,69.781317],[16.856212,69.787848],[16.757335,69.769965],[16.710704,69.7508],[16.706432,69.747565],[16.665538,69.704901],[16.662608,69.702765],[16.648814,69.70185],[16.636851,69.70362],[16.581432,69.72547],[16.566661,69.726813],[16.552135,69.725836],[16.539928,69.723273],[16.498546,69.707221],[16.259532,69.69007],[16.231456,69.681891],[16.222301,69.669867],[16.236461,69.653083],[16.510997,69.533759],[16.616466,69.46369],[16.652232,69.421027],[16.669444,69.37287],[16.662608,69.318793],[16.643565,69.278815],[16.622325,69.255988],[16.59901,69.245734],[16.515147,69.244635],[16.482188,69.238837],[16.446544,69.222785],[16.401378,69.186774],[16.303477,69.045661],[16.282237,69.027289],[16.257945,69.013678],[16.230601,69.006781],[16.196178,69.010993],[16.141124,69.026801],[16.134654,69.030768],[16.120372,69.05091],[16.116099,69.072028],[16.119395,69.093756],[16.128551,69.115668],[16.274425,69.339057],[16.279674,69.35456],[16.278575,69.366767],[16.260875,69.388861],[16.229747,69.407843],[16.188243,69.423468],[16.084361,69.443122],[15.971568,69.445197],[15.892711,69.432196],[15.770763,69.371344],[15.750621,69.366767],[15.705577,69.367255],[15.609752,69.385443],[15.496226,69.38996],[15.174205,69.340888],[14.983531,69.269477],[14.563731,69.21247],[14.275279,69.081671],[14.264049,69.067206],[14.260875,69.050299],[14.267711,69.030402],[14.286632,69.006781],[14.305553,68.993476],[14.421886,68.94068],[14.44398,68.924994],[14.455943,68.907172],[14.4546,68.886786],[14.444469,68.87464],[14.428233,68.869208],[14.407481,68.869269],[14.358165,68.881171],[14.257701,68.927191],[14.197032,68.97248],[14.190684,68.982733],[14.191783,69.051459],[14.190684,69.054755],[14.168956,69.057807],[14.151012,69.052802],[14.135265,69.042121],[14.089366,68.998725],[14.070079,68.987921],[14.046641,68.982733],[14.021373,68.985663],[13.996471,68.995917],[13.877086,69.074286],[13.854625,69.078803],[13.840221,69.077948],[13.383678,68.902716],[13.295299,68.844794],[13.243541,68.831],[13.000865,68.811103],[12.857066,68.757209],[12.752208,68.743232],[12.734019,68.734565],[12.717662,68.719123],[12.680064,68.649604],[12.672252,68.638983],[12.662852,68.634345],[12.414561,68.646796],[12.362682,68.635871],[12.198619,68.574774],[11.958629,68.550788],[11.718639,68.430793],[11.454661,68.394782],[11.190684,68.358771],[10.782603,68.166754],[10.783092,68.16236],[10.744029,68.012152],[10.73463,67.998786],[10.717906,67.988959],[10.542613,67.950751],[10.538829,67.947394],[10.535533,67.941657],[10.521739,67.905768],[10.518687,67.902777],[10.420421,67.874701],[10.406383,67.865607],[10.398692,67.854804],[10.395763,67.831427],[10.402354,67.808173],[10.485484,67.688422],[10.49464,67.662787],[10.470592,67.446784],[10.452281,67.441291],[10.291759,67.44715],[10.268077,67.439154],[10.254649,67.422797],[10.248668,67.393744],[10.253062,67.372016],[10.26588,67.355658],[10.398692,67.278754],[10.507457,67.155646],[10.523082,67.143988],[10.542613,67.134833],[10.826793,67.111151],[11.180512,67.182481],[11.534231,67.253811],[11.88795,67.325141],[12.164928,67.337897],[12.329967,67.305243],[12.350474,67.307929],[12.370738,67.314826],[12.390636,67.326789],[12.393809,67.330512],[12.411632,67.371894],[12.414561,67.374762],[12.428966,67.379645],[12.545055,67.393561],[12.558604,67.398749],[12.607188,67.435614],[12.700084,67.529425],[12.750621,67.566779],[13.086619,67.686774],[13.422618,67.806769],[13.662608,67.854804],[13.854625,67.950751],[14.094615,67.998786],[14.334727,68.094794],[14.646617,68.118781],[14.802867,68.165839],[14.87318,68.197211],[14.899547,68.200507],[14.914561,68.196784],[14.922374,68.192206],[14.932872,68.188544],[14.951427,68.187567],[14.982677,68.190741],[15.189586,68.246405],[15.331309,68.259223],[15.384166,68.246405],[15.414561,68.214789],[15.409923,68.199103],[15.389659,68.177069],[15.319102,68.123542],[15.174571,68.046759],[15.030528,68.046759],[14.765697,67.961341],[14.500865,67.875922],[14.362071,67.799323],[14.321056,67.758918],[14.257823,67.652594],[14.250987,67.631171],[14.24879,67.627021],[14.229503,67.603766],[14.22462,67.590033],[14.223155,67.574713],[14.224986,67.559027],[14.229869,67.544074],[14.237071,67.531134],[14.246715,67.521308],[14.258189,67.515876],[14.247081,67.502509],[14.236949,67.493415],[14.227428,67.48786],[14.21754,67.485419],[14.207164,67.485419],[14.166637,67.494818],[14.157237,67.498725],[14.120982,67.522528],[14.088267,67.537726],[14.068614,67.54206],[14.046641,67.542792],[14.004283,67.535224],[13.957042,67.51911],[13.720592,67.395453],[13.633311,67.364569],[13.518565,67.350775],[13.463145,67.357367],[13.374278,67.380927],[13.36024,67.3805],[13.350597,67.374762],[13.337291,67.348761],[13.343516,67.331],[13.364024,67.318549],[13.458018,67.282782],[13.482555,67.261542],[13.49464,67.23078],[13.492198,67.184272],[13.474254,67.153327],[13.443736,67.13465],[13.403697,67.125006],[13.206676,67.110785],[12.952525,67.035865],[12.698375,66.960944],[12.630626,66.91883],[12.582652,66.870795],[12.550304,66.855902],[12.346812,66.795295],[12.318614,66.774787],[12.312022,66.767096],[12.286632,66.716437],[12.279552,66.708441],[12.27064,66.702826],[11.934581,66.630805],[11.78712,66.548407],[11.734874,66.502265],[11.721324,66.481208],[11.718639,66.462775],[11.741466,66.426764],[11.78651,66.404792],[12.038219,66.37696],[12.081798,66.364997],[12.102672,66.34278],[12.106212,66.317267],[12.104869,66.303778],[12.100108,66.290473],[12.091319,66.277716],[12.077403,66.265876],[12.057506,66.255439],[12.03065,66.246772],[12.041515,66.251776],[12.038097,66.256842],[11.999766,66.265998],[11.886607,66.270819],[11.87672,66.268134],[11.806407,66.226081],[11.79066,66.222785],[11.777843,66.223334],[11.707896,66.248908],[11.690318,66.249945],[11.670665,66.246772],[11.606578,66.218512],[11.363048,66.060492],[11.358653,66.054816],[11.353404,66.018561],[11.361827,65.991767],[11.416637,65.929572],[11.427501,65.902289],[11.425792,65.865241],[11.406505,65.814765],[11.386485,65.787238],[11.358409,65.764899],[11.022594,65.622809],[11.015514,65.610663],[11.012584,65.593512],[11.012828,65.499518],[11.008189,65.475898],[10.998668,65.454779],[10.985728,65.447333],[10.771007,65.370185],[10.758678,65.358771],[10.760875,65.344367],[10.773082,65.328253],[10.829356,65.272956],[10.841197,65.253424],[10.843028,65.233954],[10.830577,65.214789],[10.686656,65.238776],[10.651012,65.227729],[10.625011,65.211432],[10.605846,65.19068],[10.518687,65.04682],[10.487193,65.021979],[10.40919,64.978278],[10.374644,64.950812],[10.36964,64.944281],[10.366466,64.938056],[10.362682,64.920417],[10.360484,64.914618],[10.3567,64.908759],[10.350597,64.902777],[10.350352,64.902045],[10.278575,64.830817],[10.282237,64.790229],[10.296031,64.762519],[10.315929,64.744086],[10.359019,64.720282],[10.374522,64.707709],[10.380992,64.689765],[10.374644,64.662787],[10.35255,64.633002],[10.319835,64.613105],[10.16627,64.56745],[10.143077,64.54798],[10.134654,64.518805],[10.149425,64.478278],[10.188243,64.471503],[10.244151,64.489997],[10.518687,64.662787],[10.565684,64.672675],[10.716563,64.682196],[10.743663,64.675482],[10.758678,64.662787],[10.762828,64.636786],[10.7494,64.616645],[10.722423,64.601142],[10.518687,64.542792],[10.504893,64.53443],[10.411632,64.453131],[10.398692,64.446784],[10.372569,64.441169],[10.243907,64.450385],[10.230601,64.446784],[10.223643,64.441657],[10.217052,64.433722],[10.182628,64.374762],[10.125377,64.328131],[10.082774,64.307685],[10.060557,64.302558],[10.038585,64.302802],[10.03297,64.305304],[10.016856,64.318488],[9.990611,64.348517],[9.990611,64.350775],[9.973155,64.345099],[9.933604,64.319403],[9.893199,64.28321],[9.831798,64.207221],[9.782725,64.078803],[9.768687,64.057135],[9.750621,64.038825],[9.606578,64.014838],[9.589854,64.007331],[9.397227,63.878791],[9.330577,63.797309],[9.292369,63.76258],[9.270518,63.7508],[9.201793,63.728278],[9.139537,63.721198],[9.112437,63.725043],[9.088756,63.73487],[9.069347,63.751166],[9.054576,63.774787],[9.055797,63.794257],[9.070323,63.821479],[9.164439,63.926032],[9.283458,64.022589],[9.39503,64.074652],[9.531871,64.176947],[9.534679,64.182807],[9.525035,64.216986],[9.50294,64.242621],[9.469981,64.260443],[9.427745,64.271003],[9.377818,64.275031],[9.18336,64.250556],[9.093639,64.210334],[9.054942,64.204291],[8.926646,64.209418],[8.910655,64.206794],[8.57484,64.045752],[8.239024,63.884711],[8.166637,63.870795],[8.053355,63.873969],[8.046519,63.870795],[8.038219,63.847052],[8.046275,63.827826],[8.066173,63.812018],[8.177013,63.763922],[8.190684,63.7508],[8.1869,63.749884],[8.169566,63.592963],[8.166637,63.58277],[8.164439,63.583197],[8.123546,63.605658],[8.118663,63.606818],[8.103526,63.605292],[8.093394,63.602057],[8.081554,63.596015],[8.076793,63.596503],[8.070201,63.601447],[8.046519,63.630805],[8.046397,63.630927],[8.020152,63.670844],[8.019176,63.676825],[8.022594,63.678778],[8.013072,63.677863],[8.007579,63.673896],[8.005138,63.667609],[8.004527,63.643317],[8.002818,63.636176],[7.998546,63.630805],[7.902599,63.58277],[7.896251,63.582221],[7.817515,63.586798],[7.782603,63.58277],[7.688365,63.551337],[7.662608,63.534796],[7.642833,63.514655],[7.559459,63.373053],[7.540294,63.353583],[7.518687,63.34278],[7.485484,63.339545],[7.456676,63.345526],[7.431041,63.358344],[7.332774,63.428778],[7.302623,63.438788],[7.284068,63.440253],[7.11732,63.416083],[6.804576,63.44361],[6.769298,63.437934],[6.750133,63.421332],[6.750621,63.390815],[6.769298,63.358588],[6.777965,63.336249],[6.778331,63.326422],[6.774669,63.318793],[6.753795,63.300238],[6.739879,63.29505],[6.730357,63.299628],[6.71339,63.323676],[6.700938,63.335883],[6.68214,63.343451],[6.654552,63.34278],[6.646495,63.339667],[6.604015,63.302802],[6.593883,63.297431],[6.582652,63.294806],[6.238373,63.307095],[5.894094,63.319383],[5.549815,63.331671],[5.484386,63.311835],[5.428111,63.276679],[5.382701,63.222846],[5.379405,63.215216],[5.380138,63.209906],[5.383556,63.206183],[5.388805,63.203803],[5.404796,63.200263],[5.406627,63.198798],[5.405284,63.193793],[5.358653,63.126776],[5.341197,63.116217],[5.211803,63.088324],[5.190684,63.078803],[5.165416,63.061469],[5.043712,62.926276],[5.022594,62.910773],[4.977061,62.889228],[4.65034,62.819556],[4.323619,62.749884],[4.258922,62.717475],[4.216441,62.685309],[4.200084,62.680915],[4.08961,62.678534],[4.062633,62.670783],[4.034801,62.658026],[3.893565,62.56037],[3.870616,62.550788],[3.843394,62.547003],[3.705943,62.556586],[3.674693,62.549689],[3.649058,62.532782],[3.630626,62.502814],[3.628307,62.453498],[3.650645,62.398749],[3.743907,62.284247],[3.951305,62.105536],[4.158702,61.926825],[4.187144,61.913031],[4.330577,61.871344],[4.354137,61.854743],[4.374644,61.830817],[4.390269,61.80036],[4.394298,61.77619],[4.389903,61.756476],[4.35731,61.706427],[4.350352,61.686835],[4.350719,61.662787],[4.358165,61.638495],[4.370494,61.617011],[4.431895,61.549811],[4.442027,61.534552],[4.446544,61.518805],[4.444957,61.447089],[4.366954,61.095404],[4.373057,61.029792],[4.398692,60.966803],[4.408824,60.957221],[4.425304,60.949713],[4.530894,60.924689],[4.542735,60.91883],[4.551036,60.907477],[4.70283,60.601142],[4.854625,60.294806],[4.867442,60.208014],[4.878551,60.17475],[4.886729,60.16175],[4.947398,60.108466],[4.950694,60.10279],[4.926646,59.862799],[4.936046,59.805121],[4.950694,59.766791],[4.968394,59.735785],[4.97523,59.716681],[4.976207,59.706122],[4.97462,59.69477],[4.96339,59.666388],[4.948009,59.649298],[4.929576,59.639777],[4.888072,59.628485],[4.867198,59.619269],[4.847667,59.602607],[4.830577,59.574836],[4.806529,59.310797],[4.817882,59.289069],[4.833263,59.272162],[4.998546,59.190802],[5.143687,59.086859],[5.171641,59.074591],[5.202525,59.070807],[5.239757,59.077033],[5.286632,59.094794],[5.295543,59.10871],[5.320079,59.136542],[5.33546,59.148566],[5.351817,59.155524],[5.367808,59.154608],[5.382701,59.142829],[5.388194,59.127753],[5.386851,59.108466],[5.379527,59.086066],[5.367076,59.061957],[5.330943,59.013983],[5.286632,58.974799],[5.25526,58.957465],[5.134654,58.930243],[5.123546,58.92005],[5.118663,58.902777],[5.12025,58.881232],[5.128429,58.866767],[5.142467,58.857306],[5.286632,58.80683],[5.430553,58.686835],[5.457042,58.671759],[5.483043,58.661811],[5.486705,58.654853],[5.506724,58.634955],[5.55067,58.606208],[5.600719,58.542304],[5.607555,58.536811],[5.630992,58.522956],[5.644298,58.518378],[5.715953,58.456427],[5.805919,58.401313],[6.06483,58.309363],[6.323741,58.217414],[6.342052,58.217597],[6.411998,58.236274],[6.469493,58.234137],[6.478404,58.223517],[6.484752,58.212165],[6.504283,58.133429],[6.50294,58.131781],[6.502574,58.131171],[6.500865,58.123175],[6.501109,58.11518],[6.503673,58.107611],[6.508067,58.100775],[6.51942,58.087958],[6.526622,58.081916],[6.580455,58.050116],[6.608897,58.039862],[6.640269,58.038031],[6.942638,57.942816],[7.29066,57.942816],[7.638682,57.942816],[7.782603,57.99079],[7.97462,57.99079],[8.238658,58.062812],[8.502696,58.134833],[8.542125,58.159735],[8.646617,58.254828],[8.838512,58.326789],[8.8567,58.341925],[8.890391,58.381537],[8.910655,58.39881],[8.92628,58.406989],[8.946544,58.41352],[8.952037,58.41706],[8.958629,58.422797],[9.186656,58.554816],[9.414683,58.686835],[9.510631,58.710822],[9.514659,58.71424],[9.517833,58.719916],[9.531383,58.755683],[9.534679,58.758795],[9.727061,58.827704],[9.837901,58.897223],[9.857677,58.903205],[9.87794,58.903388],[9.89857,58.89588],[9.91859,58.878791],[9.922374,58.871955],[9.933116,58.818305],[9.937144,58.810858],[9.942638,58.80683],[9.966807,58.804877],[9.987804,58.812384],[10.04774,58.859748],[10.071666,58.87342],[10.100108,58.880805],[10.134654,58.878791],[10.146251,58.874457],[10.400951,58.676764],[10.65565,58.479071],[10.662608,58.470771],[10.669078,58.456183],[10.679088,58.32685],[10.686656,58.302802],[10.707652,58.268927],[10.845225,58.153022],[10.870372,58.120429],[10.883067,58.082892],[10.878673,58.038825],[10.861339,58.008795],[10.836436,58.00196],[10.806285,58.012702],[10.668101,58.119818],[10.63856,58.134833],[10.491466,58.152655],[10.133067,58.107733],[9.774669,58.062812],[9.737071,58.047248],[9.670055,58.006781],[9.630504,57.99079],[9.438609,57.966803],[9.40565,57.952094],[9.318614,57.894843],[9.198619,57.846808],[8.838512,57.798774],[8.526622,57.678778],[8.513927,57.678412],[8.4192,57.70362],[8.406627,57.702826],[8.176524,57.613044],[8.120616,57.605231],[7.996593,57.609381],[7.59901,57.515937],[7.20399,57.541785],[6.808971,57.567633],[6.757701,57.589606],[6.558726,57.606818],[6.533946,57.616217],[6.392833,57.696051],[6.36671,57.702826],[6.150645,57.702826],[6.033214,57.739203],[5.910655,57.798774],[5.905772,57.802558],[5.86671,57.844184],[5.862559,57.846808],[5.848765,57.849555],[5.756114,57.843146],[5.742686,57.846808],[5.578746,57.953864],[5.295177,58.046332],[5.207042,58.105597],[5.190684,58.110785],[5.175914,58.112067],[5.085948,58.087836],[5.070567,58.086798],[4.662608,58.15882],[4.649547,58.164008],[4.557506,58.223334],[4.324046,58.31803],[4.090587,58.412726],[4.030406,58.454047],[3.975474,58.513129],[3.966685,58.518805],[3.943004,58.528144],[3.793956,58.556586],[3.774669,58.56684],[3.718272,58.618659],[3.486583,58.998847],[3.484874,59.009345],[3.486583,59.142829],[3.438609,59.214789],[3.438121,59.236701],[3.463634,59.359565],[3.461681,59.389777],[3.425792,59.506842],[3.306651,59.646979],[3.294566,59.670783],[3.291148,59.685492],[3.294566,59.838813],[3.236583,60.003485],[3.222545,60.078803],[3.238658,60.382819],[3.222545,60.486762],[3.215709,60.502387],[2.94276,60.834967],[2.766734,60.91883],[2.763316,60.922431],[2.745494,60.963935],[2.742686,60.966803],[2.63734,61.005194],[2.602428,61.031684],[2.517711,61.124701],[2.502574,61.134833],[2.262584,61.206794],[2.256358,61.210822],[2.220103,61.250556],[2.21461,61.254767],[2.207164,61.25849],[2.160167,61.270575],[2.142589,61.278815],[2.046641,61.374823],[1.902599,61.422797],[1.897594,61.426215],[1.858775,61.468207],[1.854625,61.470771],[1.751842,61.504828],[1.675914,61.551459],[1.623668,61.609015],[1.614635,61.614814],[1.597789,61.620917],[1.485362,61.632392],[1.470592,61.6388],[1.442271,61.65998],[1.345714,61.76081],[1.314952,61.781745],[1.277354,61.797614],[1.230601,61.80683],[1.201793,61.807929],[1.177745,61.805304],[0.98463,61.731818],[0.93275,61.724982],[0.903087,61.72724],[0.870616,61.734809],[0.843028,61.746649],[0.827891,61.759894],[0.821666,61.774787],[0.820811,61.830695],[0.81422,61.853522],[0.798595,61.878791],[0.761485,61.905951],[0.617442,61.980536],[0.558604,61.998786],[0.542491,61.999518],[0.433238,61.979071],[0.063731,61.840766],[0.054576,61.830817],[0.047496,61.8039],[0.050548,61.778876],[0.080394,61.709845],[0.083385,61.687079],[0.076182,61.663581],[0.054576,61.6388],[0.043346,61.632453],[-0.000417,61.619391],[-0.000419,62.117292],[-0.000421,62.615194],[-0.000423,63.113095],[-0.000425,63.610996],[-0.000427,64.108897],[-0.000429,64.606799],[-0.000432,65.1047],[-0.000434,65.602601],[-0.000436,66.100502],[-0.000438,66.598404],[-0.00044,67.096305],[-0.000442,67.594206],[-0.000444,68.092107],[-0.000447,68.590009],[-0.000449,69.08791],[-0.000451,69.585811],[-0.000453,70.083712],[-0.000455,70.581614],[-0.000457,71.079515],[-0.000459,71.577416],[-0.000462,72.075317],[-0.000464,72.573219],[-0.000466,73.07112],[-0.000468,73.569021],[-0.00047,74.066922],[-0.000472,74.564824],[-0.000474,75.062725],[-0.000477,75.560626],[-0.000479,76.058527],[-0.000481,76.556429],[-0.000483,77.05433],[-0.000485,77.552231],[-0.000487,78.050132],[-0.000489,78.548034],[-0.000492,79.045935],[-0.000494,79.543836],[-0.000496,80.041737],[-0.000498,80.539639],[-0.0005,81.03754],[-0.000502,81.535441],[-0.000504,82.033342],[-0.000507,82.531244],[-0.000509,83.029145],[-0.000511,83.527046],[-0.000513,84.024947],[-0.000515,84.522849],[-0.000517,85.02075],[-0.000519,85.518651],[-0.000522,86.016552],[-0.000524,86.514454],[-0.000526,87.012355],[-0.000528,87.510256],[-0.00053,88.008157],[-0.000532,88.506059],[-0.000534,89.00396],[-0.000537,89.501861],[-0.000539,89.999762],[-0.000295,89.999762],[0.499522,89.999762],[0.749583,89.999762],[0.999644,89.999762],[1.249644,89.999762],[1.499644,89.999762],[1.749705,89.999762],[1.999766,89.999762],[2.499766,89.999762],[2.749766,89.999762],[2.999766,89.999762],[3.499644,89.999762],[3.749644,89.999762],[3.999644,89.999762],[4.249705,89.999762],[4.499766,89.999762],[4.999766,89.999762],[5.499644,89.999762],[5.749644,89.999762],[5.999644,89.999762],[6.499522,89.999762],[6.749644,89.999762],[6.999766,89.999762],[7.249766,89.999762],[7.499766,89.999762],[7.749828,89.999762],[7.999889,89.999762],[8.499644,89.999762],[8.749705,89.999762],[8.999766,89.999762],[9.499766,89.999762],[9.999644,89.999762],[10.249644,89.999762],[10.499644,89.999762],[10.999522,89.999762],[11.249583,89.999762],[11.499644,89.999762],[11.749705,89.999762],[11.999766,89.999762],[12.499644,89.999762],[12.749644,89.999762],[12.999644,89.999762],[13.249705,89.999762],[13.499766,89.999762],[13.999644,89.999762],[14.249705,89.999762],[14.499766,89.999762],[14.999766,89.999762],[15.499522,89.999762],[15.749583,89.999762],[15.999644,89.999762],[16.249644,89.999762],[16.499644,89.999762],[16.999644,89.999762],[17.249644,89.999762],[17.499644,89.999762],[17.999522,89.999762],[18.249583,89.999762],[18.499644,89.999762],[18.749705,89.999762],[18.999766,89.999762],[19.499766,89.999762],[19.749766,89.999762],[19.999766,89.999762],[20.499644,89.999762],[20.749644,89.999762],[20.999644,89.999762],[21.499644,89.999762],[21.749705,89.999762],[21.999766,89.999762],[22.499522,89.999762],[22.749583,89.999762],[22.999644,89.999762],[23.249644,89.999762],[23.499644,89.999762],[23.999644,89.999762],[24.249705,89.999762],[24.499766,89.999762],[24.999644,89.999762],[25.249644,89.999762],[25.499644,89.999762],[25.999522,89.999762],[26.249644,89.999762],[26.499766,89.999762],[26.749766,89.999762],[26.999766,89.999762],[27.499644,89.999762],[27.749644,89.999762],[27.999644,89.999762],[28.499522,89.999762],[28.749644,89.999762],[28.999766,89.999762],[29.249766,89.999762],[29.499766,89.999762],[29.999644,89.999762],[30.499522,89.999762],[30.749583,89.999762],[30.999644,89.999762],[31.249705,89.999762],[31.499766,89.999762],[31.999644,89.999762],[32.249644,89.999762],[32.499644,89.999762],[32.999522,89.999762],[33.249583,89.999762],[33.499644,89.999762],[33.749705,89.999762],[33.999766,89.999762],[34.499644,89.999762],[34.999522,89.999762],[35.249522,89.999762],[35.499522,89.999762],[35.749583,89.999762],[35.999644,89.999762],[36.249644,89.999762],[36.499644,89.999762],[36.749705,89.999762],[36.999766,89.999762],[37.499522,89.999762],[37.749583,89.999762],[37.999644,89.999762],[38.499644,89.999762],[38.749644,89.999762],[38.999644,89.999762],[39.499644,89.999762],[39.999522,89.999762],[40.249583,89.999762],[40.499644,89.999762],[40.999644,89.999762],[41.249644,89.999762],[41.499644,89.999762],[41.749705,89.999762],[41.999766,89.999762],[42.499644,89.999762],[42.999644,89.999762],[43.249644,89.999762],[43.499644,89.999762],[43.749705,89.999762],[43.999766,89.999762],[44.499522,89.999762],[44.749583,89.999762],[44.999644,89.999762],[45.499522,89.999762],[45.749583,89.999762],[45.999644,89.999762],[46.249705,89.999762],[46.499766,89.999762],[46.999644,89.999762],[47.249644,89.999762],[47.499644,89.999762],[47.999522,89.999762],[48.249644,89.999762],[48.499766,89.999762],[48.999766,89.999762],[49.499644,89.999762],[49.999644,89.999762],[50.499522,89.999762],[50.749644,89.999762],[50.999766,89.999762],[51.499644,89.999762],[51.999644,89.999762],[52.499522,89.999762],[52.999522,89.999762],[53.249644,89.999762],[53.499766,89.999762],[53.999644,89.999762],[54.499644,89.999762],[54.999522,89.999762],[55.249583,89.999762],[55.499644,89.999762],[55.749644,89.999762],[55.999644,89.999762],[56.499644,89.999762],[56.999522,89.999762],[57.499522,89.999762],[57.749583,89.999762],[57.999644,89.999762],[58.249644,89.999762],[58.499644,89.999762],[58.999644,89.999762],[59.499522,89.999762],[59.749583,89.999762],[59.999644,89.999762],[60.499644,89.999762],[60.999644,89.999762],[61.499522,89.999762],[61.999522,89.999762],[62.249583,89.999762],[62.499644,89.999762],[62.749644,89.999762],[62.999644,89.999762],[63.499644,89.999762],[63.749705,89.999762],[63.999766,89.999762],[64.499522,89.999762],[64.749583,89.999762],[64.999644,89.999762],[65.249644,89.999762],[65.499644,89.999762],[65.749705,89.999762],[65.999766,89.999762],[66.499522,89.999762],[66.749583,89.999762],[66.999644,89.999762],[67.499522,89.999762],[67.749583,89.999762],[67.999644,89.999762],[68.249705,89.999762],[68.499766,89.999762],[68.999644,89.999762],[69.249644,89.999762],[69.499644,89.999762],[69.999522,89.999762],[70.249583,89.999762],[70.499644,89.999762],[70.749644,89.999762],[70.999644,89.999762],[71.499644,89.999762],[71.999522,89.999762],[72.249522,89.999762],[72.499522,89.999762],[72.749644,89.999762],[72.999766,89.999762],[73.499644,89.999762],[73.749644,89.999762],[73.999644,89.999762],[74.499522,89.999762],[74.749583,89.999762],[74.999644,89.999762],[75.249705,89.999762],[75.499766,89.999762],[75.999644,89.999762],[76.499522,89.999762],[76.749522,89.999762],[76.999522,89.999762],[77.249644,89.999762],[77.499766,89.999762],[77.999644,89.999762],[78.249644,89.999762],[78.499644,89.999762],[78.999522,89.999762],[79.249522,89.999762],[79.499522,89.999762],[79.749644,89.999762],[79.999766,89.999762],[80.499644,89.999762],[80.749705,89.999762],[80.999766,89.999762],[81.499522,89.999762],[81.749583,89.999762],[81.999644,89.999762],[82.499522,89.999762],[82.749583,89.999762],[82.999644,89.999762],[83.499522,89.999762],[83.749522,89.999762],[83.999522,89.999762],[84.249583,89.999762],[84.499644,89.999762],[84.999522,89.999762],[85.249583,89.999762],[85.499644,89.999762],[85.749705,89.999762],[85.999766,89.999762],[86.499644,89.999762],[86.999522,89.999762],[87.249583,89.999762],[87.499644,89.999762],[87.749705,89.999762],[87.999766,89.999762],[88.499522,89.999762],[88.749583,89.999762],[88.999644,89.999762],[89.499522,89.999762],[89.999278,89.999762]],[[45.953136,82.078742],[45.982066,82.055915],[46.149425,81.978583],[46.293956,81.941291],[46.738536,81.948554],[46.764659,81.942939],[46.775767,81.937628],[46.785533,81.930487],[46.793956,81.921088],[46.801036,81.909247],[46.806529,81.894782],[46.807628,81.888556],[46.806651,81.883551],[46.803966,81.879584],[46.799815,81.876532],[46.794444,81.874274],[46.780406,81.871649],[46.716075,81.871466],[46.654674,81.853095],[46.642467,81.844245],[46.63795,81.839179],[46.63087,81.82746],[46.614635,81.774787],[46.604747,81.755011],[46.588878,81.740058],[46.567393,81.729438],[46.541026,81.722724],[46.061412,81.759742],[45.581798,81.796759],[45.102183,81.833777],[44.622569,81.870795],[44.58192,81.888129],[44.555919,81.905829],[44.539317,81.924018],[44.515758,81.960822],[44.498912,81.979132],[44.472179,81.997138],[44.430553,82.014777],[44.340709,82.035956],[43.986664,82.044888],[43.63262,82.053819],[43.278575,82.062751],[43.128673,82.045722],[43.11085,82.03974],[43.105968,82.0362],[43.103282,82.032172],[43.10255,82.027411],[43.110606,81.99079],[43.114024,81.983527],[43.120982,81.977973],[43.131358,81.973822],[43.327159,81.955817],[43.340343,81.950141],[43.350597,81.942755],[43.411265,81.872931],[43.438243,81.85163],[43.49464,81.822821],[43.494517,81.82276],[43.958792,81.706549],[44.423066,81.590338],[44.88734,81.474128],[44.913341,81.454474],[44.922984,81.442755],[44.929942,81.429633],[44.934581,81.41474],[44.937389,81.386359],[44.933482,81.361274],[44.923839,81.339179],[44.909312,81.319525],[44.891002,81.302008],[44.750621,81.217353],[44.714244,81.186591],[44.702037,81.168952],[44.695201,81.149176],[44.694591,81.126776],[44.698131,81.120185],[44.70692,81.111518],[44.958629,80.958747],[45.383311,80.907447],[45.807994,80.856147],[45.824718,80.849372],[45.837169,80.840399],[45.844737,80.828986],[45.84669,80.814765],[45.843394,80.81092],[45.834483,80.806708],[45.687511,80.77619],[45.31365,80.764736],[44.939789,80.753282],[44.565929,80.741828],[44.556773,80.738288],[44.548717,80.733283],[44.541637,80.72663],[44.535655,80.718085],[44.526622,80.69477],[44.526012,80.688605],[44.527232,80.683112],[44.530284,80.678229],[44.534557,80.673957],[44.546764,80.666877],[45.03065,80.550788],[45.372325,80.543647],[45.419932,80.529242],[45.476573,80.497138],[45.51002,80.490241],[45.519176,80.490241],[45.753917,80.531562],[45.754039,80.53144],[45.757823,80.528449],[45.757945,80.528327],[45.758067,80.528205],[45.771861,80.52204],[45.78358,80.519904],[45.855357,80.524298],[45.878429,80.516181],[45.893687,80.505927],[45.927867,80.468451],[45.946544,80.455207],[45.974132,80.442511],[46.028819,80.428473],[46.034312,80.424201],[46.045177,80.418952],[46.076549,80.410834],[46.085216,80.40998],[46.485118,80.430426],[46.544566,80.448004],[46.549937,80.452033],[46.566661,80.454779],[46.647349,80.485358],[46.669688,80.487067],[46.683482,80.491645],[46.703136,80.504096],[46.708018,80.508429],[46.711925,80.513739],[46.758678,80.526801],[46.990977,80.522895],[47.015147,80.526557],[47.02589,80.530829],[47.035533,80.536872],[47.04359,80.544501],[47.054454,80.559333],[47.070567,80.567145],[47.199962,80.595221],[47.391734,80.561896],[47.432628,80.563971],[47.445689,80.568183],[47.462413,80.579047],[47.466807,80.583991],[47.469737,80.589789],[47.471568,80.596137],[47.471812,80.601691],[47.470836,80.607062],[47.468883,80.61225],[47.466075,80.617072],[47.506847,80.643439],[47.506847,80.643378],[47.50941,80.643378],[47.509654,80.643378],[47.577037,80.650702],[47.581676,80.651984],[47.585948,80.653876],[47.589854,80.65644],[47.59315,80.659491],[47.596202,80.663092],[47.598521,80.667182],[47.600963,80.675116],[47.601207,80.679816],[47.600719,80.684516],[47.598033,80.692206],[47.644298,80.708564],[47.694591,80.718817],[47.814708,80.719733],[47.910167,80.683234],[47.945933,80.67768],[47.956432,80.677985],[47.95692,80.677802],[47.957286,80.677619],[47.95753,80.677558],[47.957774,80.677436],[47.958507,80.677191],[47.958995,80.676947],[47.959239,80.676825],[47.959361,80.676703],[47.959727,80.676642],[47.959727,80.676581],[47.959849,80.676215],[47.959849,80.675482],[47.960704,80.671332],[47.962413,80.66706],[47.966563,80.660773],[47.972057,80.655829],[47.97877,80.652228],[48.062266,80.632636],[48.411632,80.623481],[48.414439,80.618476],[48.415904,80.612799],[48.416026,80.606635],[48.414683,80.599921],[48.376109,80.600775],[48.20399,80.568244],[48.001109,80.575019],[47.705394,80.535193],[47.409679,80.495368],[47.364757,80.47956],[47.36085,80.476935],[47.357188,80.473761],[47.354503,80.470038],[47.352061,80.465949],[47.350474,80.461493],[47.34962,80.456794],[47.349376,80.451972],[47.349986,80.44715],[47.351329,80.442572],[47.353404,80.4383],[47.35609,80.434455],[47.359386,80.431098],[47.363292,80.428229],[47.367442,80.425971],[47.416026,80.413886],[47.425548,80.413153],[47.524425,80.421454],[47.53712,80.413947],[47.546519,80.405097],[47.549449,80.400153],[47.55128,80.394782],[47.551768,80.388983],[47.55067,80.382758],[47.544444,80.367499],[47.536265,80.356513],[47.526256,80.349433],[47.514171,80.345771],[47.500377,80.345099],[47.238536,80.406806],[46.942088,80.375067],[46.64564,80.343329],[46.63441,80.339423],[46.603038,80.320929],[46.59669,80.315924],[46.594249,80.312934],[46.590343,80.305976],[46.589244,80.302314],[46.588267,80.294318],[46.588756,80.290351],[46.58961,80.286444],[46.592906,80.279364],[46.597911,80.273261],[46.600963,80.270819],[46.64564,80.247565],[46.654552,80.244757],[46.863658,80.210639],[46.862804,80.20362],[46.865855,80.182563],[46.867808,80.178046],[46.870372,80.173896],[46.873546,80.170233],[46.87733,80.167182],[46.881602,80.16474],[46.886241,80.163031],[47.23109,80.116523],[47.375865,80.121772],[47.549937,80.194525],[47.587169,80.200385],[47.626353,80.196906],[47.646617,80.190802],[47.648204,80.189948],[47.649547,80.18891],[47.650645,80.187567],[47.651378,80.185981],[47.652232,80.182318],[47.652232,80.177802],[47.650035,80.167243],[47.645763,80.155463],[47.621349,80.145087],[47.614268,80.140815],[47.608775,80.135016],[47.6067,80.131659],[47.604015,80.124274],[47.603282,80.120307],[47.58961,80.11402],[47.583018,80.108588],[47.57838,80.10163],[47.575816,80.093573],[47.575694,80.073981],[47.576793,80.069281],[47.578624,80.064826],[47.581187,80.060736],[47.584361,80.057196],[47.588145,80.054084],[47.592296,80.051703],[47.625743,80.042304],[47.679942,80.041205],[47.699229,80.033026],[47.996898,80.027899],[48.294566,80.022773],[48.629527,80.072455],[48.964488,80.122138],[48.964854,80.122077],[48.967662,80.122077],[48.968028,80.122016],[48.987682,80.124274],[48.988536,80.124701],[48.989757,80.125495],[48.990123,80.125983],[48.99171,80.126715],[49.11024,80.143134],[49.110484,80.142768],[49.116954,80.152777],[49.12086,80.162482],[49.130015,80.170478],[49.134288,80.177436],[49.135631,80.18122],[49.136851,80.189337],[49.136119,80.195563],[49.13502,80.199591],[49.133311,80.203437],[49.128673,80.210028],[49.125499,80.212836],[49.122081,80.215155],[49.114513,80.218329],[49.096568,80.223029],[49.066173,80.248358],[49.063487,80.255316],[49.059337,80.261359],[49.053844,80.266181],[49.03419,80.27381],[49.016124,80.291999],[49.010142,80.301215],[49.006847,80.310614],[49.006236,80.315375],[49.006602,80.320258],[49.007579,80.325141],[49.009654,80.330085],[49.016612,80.340216],[49.028087,80.350775],[49.189464,80.344794],[49.448009,80.256781],[49.47523,80.237311],[49.48524,80.22663],[49.492198,80.215338],[49.495494,80.203437],[49.49464,80.190802],[49.487071,80.175788],[49.473033,80.163886],[49.453502,80.154731],[49.118541,80.114691],[49.099742,80.106024],[49.065929,80.07746],[49.052501,80.070685],[48.629527,79.980353],[48.601451,79.963446],[48.592052,79.948065],[48.598765,79.934088],[48.619517,79.921515],[48.949046,79.876136],[49.278575,79.830756],[49.295909,79.823554],[49.310557,79.813056],[49.379039,79.744879],[49.39857,79.734809],[49.878612,79.662787],[50.358653,79.590766],[50.718639,79.614773],[51.078624,79.63878],[51.438609,79.662787],[51.449962,79.666693],[51.53358,79.715644],[51.582652,79.734809],[51.990489,79.758795],[52.252208,79.94776],[52.254527,79.950934],[52.25233,79.95362],[52.248057,79.956732],[52.134532,79.998786],[51.822581,80.010779],[51.510631,80.022773],[51.295665,80.118537],[51.198497,80.142768],[50.984141,80.14765],[50.567638,80.086371],[50.549571,80.089545],[50.536143,80.09571],[50.528453,80.105292],[50.526622,80.118781],[50.531261,80.133551],[50.541148,80.145514],[50.555675,80.155097],[50.573985,80.162726],[50.758433,80.197821],[50.773936,80.204962],[50.785045,80.213813],[50.790782,80.224921],[50.79066,80.238776],[50.787852,80.241523],[50.431285,80.311286],[50.430675,80.311225],[50.430431,80.311103],[50.430675,80.310736],[50.424937,80.318793],[50.421519,80.327216],[50.420055,80.336188],[50.432872,80.413764],[50.432017,80.422919],[50.429332,80.431708],[50.424449,80.440009],[50.417003,80.447699],[50.406505,80.454779],[50.380138,80.466742],[50.354015,80.473517],[50.328746,80.475775],[50.304698,80.474616],[50.260753,80.465094],[50.199718,80.441413],[50.191905,80.439582],[50.187511,80.441169],[50.187022,80.446906],[50.190929,80.457831],[50.212169,80.498297],[50.581004,80.502631],[50.94984,80.506964],[51.212901,80.59278],[51.704112,80.647162],[51.715343,80.650885],[51.763194,80.678168],[51.770396,80.685981],[51.77296,80.690253],[51.774547,80.69477],[51.77589,80.704657],[51.774791,80.713874],[51.771617,80.722602],[51.766124,80.732062],[51.766124,80.732367],[51.766002,80.732733],[51.765758,80.733344],[51.765636,80.73371],[51.765514,80.734076],[51.764781,80.735663],[51.754527,80.745002],[51.725597,80.763617],[51.654674,80.790778],[51.337901,80.804206],[51.337779,80.80445],[51.337657,80.804694],[51.337413,80.804938],[51.337169,80.805915],[51.337047,80.806159],[51.336803,80.806586],[51.336681,80.80683],[51.336558,80.807318],[51.33607,80.80799],[51.330821,80.813422],[51.324474,80.817206],[51.317271,80.819281],[51.153575,80.805304],[51.143077,80.801642],[51.025401,80.8086],[51.03065,80.81037],[51.030894,80.810492],[51.031261,80.810614],[51.062511,80.827277],[51.068614,80.833441],[51.071056,80.837104],[51.073985,80.845282],[51.074596,80.854193],[51.073863,80.858588],[51.07252,80.862738],[51.068004,80.870185],[51.065074,80.873358],[51.061656,80.876044],[51.057628,80.878241],[50.9994,80.896308],[51.007457,80.913398],[51.009776,80.921637],[51.01002,80.929633],[51.009288,80.9336],[51.007945,80.937445],[51.00587,80.941169],[51.003184,80.944892],[50.9994,80.948493],[50.989146,80.95539],[50.973399,80.962409],[50.723399,80.982123],[50.571056,80.959052],[50.544688,80.960334],[50.534923,80.963752],[50.527843,80.96955],[50.523936,80.977973],[50.523204,80.989447],[50.526134,81.004157],[50.577525,81.016425],[50.777843,81.014289],[50.793956,81.021674],[50.809947,81.037177],[50.813121,81.044135],[50.814586,81.051764],[50.814098,81.059455],[50.97169,81.066046],[50.990245,81.076117],[50.999522,81.086676],[50.999522,81.086859],[50.999766,81.087226],[50.999889,81.08747],[51.000011,81.087653],[51.000133,81.08808],[51.000255,81.088263],[51.000377,81.088507],[51.000499,81.088874],[51.000621,81.089118],[51.000865,81.089484],[51.027599,81.103095],[51.038097,81.111518],[51.046519,81.121283],[51.052623,81.132392],[51.056041,81.144904],[51.056773,81.159003],[51.054576,81.17475],[51.052745,81.179877],[51.045543,81.190619],[51.03419,81.201422],[51.001964,81.221991],[50.963512,81.238715],[50.924083,81.248481],[50.784068,81.242133],[50.52003,81.312445],[50.454112,81.319464],[50.374034,81.314765],[49.932506,81.196418],[49.742931,81.111029],[49.682384,81.098822],[49.196056,81.100959],[49.007213,81.033942],[48.711375,81.022834],[48.415538,81.011725],[48.381724,81.022345],[48.36732,81.030768],[48.252452,81.149726],[48.241954,81.167792],[48.239513,81.176337],[48.239268,81.184333],[48.241466,81.19184],[48.246593,81.198798],[48.25648,81.205695],[48.27003,81.2107],[48.286876,81.213996],[48.567027,81.19831],[48.875926,81.248725],[49.184825,81.29914],[49.22169,81.311957],[49.236095,81.320441],[49.247203,81.330756],[49.254649,81.34278],[49.256847,81.350287],[49.258067,81.358466],[49.257091,81.376837],[49.252086,81.396796],[49.2317,81.437812],[49.200816,81.473456],[49.182506,81.486762],[49.16273,81.494879],[49.0088,81.504706],[48.990611,81.51081],[48.964122,81.527655],[48.961681,81.530463],[48.960216,81.533149],[48.956798,81.544745],[48.951427,81.553412],[48.91859,81.582831],[48.849986,81.619269],[48.84669,81.622992],[48.844493,81.627387],[48.843272,81.632575],[48.84315,81.6388],[48.84669,81.654792],[48.851695,81.663336],[48.860973,81.67121],[48.889537,81.684882],[49.14619,81.71778],[49.402843,81.750678],[49.42921,81.760382],[49.439098,81.766913],[49.446666,81.774787],[49.453746,81.787055],[49.456554,81.798102],[49.455577,81.808112],[49.451427,81.817084],[49.444469,81.825385],[49.435191,81.833075],[49.359386,81.87757],[49.338512,81.896064],[49.331187,81.906806],[49.326549,81.918769],[49.326305,81.924994],[49.32838,81.931464],[49.337291,81.944831],[49.363048,81.973578],[49.373057,81.988959],[49.375865,81.996894],[49.376598,82.00495],[49.374889,82.01319],[49.37025,82.021552],[49.362315,82.030097],[49.350597,82.038764],[49.346446,82.040229],[48.93983,82.071743],[48.533214,82.103258],[48.126598,82.134772],[47.862682,82.206732],[47.486624,82.198737],[47.110566,82.190741],[46.734508,82.182746],[46.638682,82.15882],[46.308665,82.144904],[45.978648,82.130988],[45.954845,82.121894],[45.942515,82.110785],[45.940807,82.100653],[45.944469,82.089911],[45.953136,82.078742]],[[56.022677,81.105345],[56.021739,81.106635],[56.02003,81.107184],[56.017345,81.106879],[56.010265,81.104071],[55.96107,81.068549],[55.725474,81.04914],[55.374929,81.084337],[55.024384,81.119534],[54.673839,81.154731],[54.643565,81.151679],[54.577891,81.12818],[54.260142,81.143561],[54.229503,81.138495],[54.038341,81.074408],[54.01942,81.061957],[54.01234,81.054938],[54.007579,81.047431],[54.005504,81.039374],[54.006602,81.030768],[54.016246,81.013617],[54.032603,81.000922],[54.054576,80.992072],[54.081187,80.986396],[54.3296,80.97956],[54.349132,80.973761],[54.362437,80.96485],[54.368663,80.952094],[54.366466,80.934821],[54.354015,80.920722],[54.328868,80.911444],[54.069469,80.904364],[53.810069,80.897284],[53.774913,80.885382],[53.750499,80.86817],[53.739146,80.844916],[53.742564,80.814765],[53.743907,80.812323],[53.746226,80.810126],[53.753184,80.806037],[53.988536,80.771918],[54.00294,80.767462],[54.443004,80.753119],[54.558604,80.718817],[54.873546,80.691352],[55.256358,80.718085],[55.273204,80.712958],[55.289073,80.705268],[55.374522,80.646796],[55.427501,80.627326],[55.53773,80.60871],[55.84724,80.600379],[56.156749,80.592047],[56.204356,80.581366],[56.254649,80.560675],[56.310557,80.526801],[56.358531,80.478766],[56.360362,80.477973],[56.397349,80.466315],[56.407848,80.460211],[56.411632,80.456488],[56.414317,80.452338],[56.415416,80.447821],[56.414683,80.442633],[56.411754,80.437018],[56.406627,80.430793],[56.400157,80.426154],[56.391856,80.423163],[56.381847,80.421637],[55.998546,80.461982],[55.758678,80.448004],[55.755382,80.446479],[55.752574,80.444525],[55.750133,80.441962],[55.745616,80.434455],[55.734508,80.406806],[55.734019,80.399604],[55.737559,80.39289],[55.744884,80.386481],[55.885387,80.320258],[55.910899,80.298407],[55.919566,80.285712],[55.924815,80.271796],[55.923106,80.266913],[55.922374,80.261847],[55.92335,80.25434],[55.92628,80.247382],[55.923595,80.228034],[55.921153,80.221015],[55.917979,80.215399],[55.914073,80.211249],[55.909923,80.208014],[55.90504,80.205817],[55.871226,80.19892],[55.859874,80.194403],[55.82252,80.162421],[55.699351,80.130439],[55.694591,80.127692],[55.690562,80.124213],[55.687144,80.120063],[55.684703,80.115424],[55.682872,80.110358],[55.68214,80.104987],[55.682384,80.099433],[55.683604,80.094062],[55.685802,80.089057],[55.688731,80.084601],[55.692393,80.080878],[55.696788,80.077765],[55.701549,80.075385],[55.706798,80.074042],[55.759898,80.074408],[55.820689,80.065924],[55.924693,80.020941],[55.93922,80.008429],[55.944591,80.001166],[55.948497,79.993232],[55.95045,79.984442],[55.95045,79.974799],[55.947887,79.963202],[55.94276,79.954169],[55.935313,79.947211],[55.926036,79.942023],[55.902843,79.936469],[55.798595,79.9336],[55.789561,79.930915],[55.782603,79.926825],[55.776744,79.921332],[55.772594,79.915839],[55.769786,79.910407],[55.768077,79.905158],[55.767467,79.900031],[55.767833,79.894965],[55.770274,79.885321],[55.781871,79.861029],[55.782603,79.857795],[55.782603,79.854804],[55.77711,79.833258],[55.768443,79.816169],[55.756969,79.802863],[55.743053,79.793097],[55.727061,79.786505],[55.709361,79.78266],[55.670421,79.781501],[55.489268,79.808295],[55.071056,79.805976],[55.06068,79.802436],[55.052013,79.797431],[55.045421,79.790778],[55.040782,79.782294],[55.038585,79.771674],[55.038585,79.758795],[55.039561,79.753302],[55.041148,79.748725],[55.043468,79.745002],[55.046397,79.742072],[55.049937,79.739753],[55.053966,79.737982],[55.05836,79.736762],[55.525645,79.699286],[55.992931,79.661811],[55.998546,79.662787],[56.011241,79.673712],[56.016368,79.684027],[56.015025,79.693793],[56.008433,79.703192],[55.883189,79.779059],[55.873912,79.790534],[55.869273,79.802924],[55.870494,79.816352],[55.878551,79.830756],[55.885997,79.838263],[55.894542,79.842841],[55.904185,79.844855],[55.914928,79.844733],[56.078624,79.805976],[56.181285,79.809088],[56.355235,79.888556],[56.418956,79.904364],[56.443736,79.904608],[56.586925,79.878974],[56.638316,79.883002],[56.799571,79.924689],[57.23585,79.947089],[57.258922,79.956977],[57.275035,79.967658],[57.279552,79.972296],[57.282115,79.976691],[57.283214,79.980963],[57.283092,79.985297],[57.279918,79.99964],[57.279185,80.011725],[57.280528,80.018927],[57.283092,80.027045],[57.294566,80.046759],[57.312022,80.066046],[57.331309,80.078925],[57.351939,80.086066],[57.373912,80.088202],[57.396739,80.086066],[57.420543,80.080268],[57.613292,79.98609],[57.654552,79.974799],[57.938731,80.007148],[58.263805,80.11225],[58.499766,80.141364],[58.535411,80.159857],[58.551646,80.173529],[58.566539,80.190802],[58.575938,80.20661],[58.593516,80.263373],[58.597301,80.268805],[58.602306,80.273688],[58.608775,80.278022],[58.626475,80.284613],[58.646739,80.28736],[58.666759,80.285834],[58.68983,80.280829],[58.737193,80.260199],[58.757457,80.244696],[58.77296,80.225714],[58.778209,80.214911],[58.781505,80.203315],[58.782603,80.190802],[58.781993,80.184577],[58.780284,80.179145],[58.777476,80.174262],[58.773692,80.169928],[58.763805,80.162421],[58.703502,80.131232],[58.646495,80.088568],[58.609996,80.068793],[58.574107,80.056708],[58.288585,80.019416],[58.178355,79.980109],[58.007213,79.955451],[57.957408,79.936408],[57.800304,79.837958],[57.774547,79.830756],[57.695567,79.825202],[57.409923,79.848181],[57.124278,79.871161],[57.054698,79.854804],[57.028819,79.840827],[57.012096,79.824652],[57.001475,79.807379],[56.986095,79.772773],[56.975841,79.757392],[56.968516,79.750495],[56.959605,79.744391],[56.934581,79.734809],[56.673411,79.731513],[56.412242,79.728217],[56.393443,79.720771],[56.382579,79.710761],[56.373912,79.690009],[56.374156,79.672553],[56.382213,79.657965],[56.396983,79.646064],[56.417735,79.636603],[56.504649,79.620063],[56.847952,79.610297],[57.191254,79.600531],[57.534557,79.590766],[57.537364,79.59162],[57.664317,79.658149],[57.838634,79.684027],[57.857799,79.691962],[58.005626,79.803412],[58.050792,79.81568],[58.112193,79.819464],[58.138072,79.815497],[58.16151,79.808173],[58.202525,79.785956],[58.309215,79.695502],[58.350841,79.671332],[58.393809,79.658637],[58.667064,79.65766],[58.940318,79.656684],[58.950572,79.662787],[58.958751,79.676947],[58.961192,79.690924],[58.958873,79.704779],[58.952647,79.718329],[58.94337,79.731757],[58.875865,79.805304],[58.87086,79.816169],[58.87025,79.826545],[58.874522,79.836493],[58.885142,79.845893],[58.902599,79.854804],[58.925792,79.862372],[58.946666,79.865668],[58.965587,79.86518],[58.982677,79.861335],[58.99818,79.854682],[59.025645,79.834906],[59.098643,79.758368],[59.12672,79.74018],[59.142589,79.734809],[59.184459,79.729377],[59.572765,79.743476],[59.669688,79.728949],[60.036388,79.589911],[60.056163,79.578986],[60.063975,79.571967],[60.070323,79.563788],[60.075084,79.554145],[60.078624,79.542792],[60.080943,79.523078],[60.079234,79.506537],[60.074229,79.492865],[60.066173,79.481513],[60.056163,79.47193],[59.985728,79.426215],[59.978038,79.416022],[59.973277,79.403937],[59.972057,79.38935],[59.974986,79.371772],[59.982555,79.350775],[59.987315,79.344611],[59.99586,79.339484],[60.09901,79.313422],[60.123912,79.303046],[60.132457,79.296393],[60.137706,79.288398],[60.138927,79.278937],[60.135387,79.267829],[60.126475,79.254767],[60.11671,79.248114],[60.09962,79.242377],[59.801097,79.236579],[59.502574,79.23078],[59.154552,79.302771],[58.806529,79.374762],[58.804698,79.375739],[58.766978,79.417426],[58.761119,79.421759],[58.758556,79.422797],[58.729625,79.426276],[58.600841,79.42121],[58.564464,79.430426],[58.476939,79.469794],[58.139089,79.462266],[57.801239,79.454739],[57.46339,79.447211],[57.45692,79.445136],[57.451793,79.441779],[57.447887,79.436957],[57.444835,79.430548],[57.438609,79.398749],[57.439464,79.383429],[57.446422,79.372138],[57.458629,79.364386],[57.47523,79.359442],[57.662364,79.350287],[57.679454,79.343817],[57.692638,79.334174],[57.700572,79.320685],[57.702525,79.302741],[57.699718,79.297309],[57.692638,79.292121],[57.667247,79.282721],[57.486583,79.254767],[57.445201,79.260321],[57.411021,79.270392],[57.382091,79.283637],[57.293224,79.341681],[57.256847,79.354193],[57.033214,79.386298],[56.643993,79.383368],[56.254771,79.380439],[56.055308,79.441474],[55.810802,79.444403],[55.481578,79.515387],[55.414561,79.518439],[55.184825,79.494635],[54.919383,79.522315],[54.653941,79.549994],[54.639415,79.547492],[54.630626,79.542792],[54.620982,79.53089],[54.615977,79.519782],[54.615367,79.509467],[54.618541,79.499945],[54.624522,79.491095],[54.633067,79.4831],[54.643443,79.475775],[54.692393,79.454779],[54.72523,79.446723],[54.726573,79.446784],[54.741954,79.430793],[54.793224,79.349311],[54.806163,79.336737],[54.822642,79.326789],[54.833385,79.323004],[54.844127,79.321295],[54.865611,79.32276],[54.929576,79.341864],[54.950328,79.344184],[54.960582,79.343085],[54.970714,79.340094],[55.059093,79.278327],[55.130138,79.249274],[55.276134,79.236701],[55.301524,79.230719],[55.311534,79.225531],[55.319102,79.218451],[55.324351,79.209174],[55.326915,79.197394],[55.326549,79.182807],[55.322398,79.175116],[55.312144,79.167365],[55.296397,79.159491],[54.960094,79.088507],[54.704661,79.085822],[54.449229,79.083136],[54.43629,79.078009],[54.425792,79.071234],[54.41859,79.062567],[54.414683,79.051825],[54.414561,79.038764],[54.418224,79.033026],[54.427135,79.027655],[54.698253,78.992499],[55.000194,79.014472],[55.302135,79.036444],[55.444835,78.995246],[55.90977,78.999388],[56.374705,79.003531],[56.839641,79.007674],[57.304576,79.011817],[57.769511,79.015959],[58.234447,79.020102],[58.699382,79.024245],[59.164317,79.028388],[59.25941,79.00788],[59.338634,78.963141],[59.382091,78.946112],[59.406505,78.942816],[59.410167,78.943061],[59.516002,78.982795],[59.568004,78.993048],[59.799815,78.992621],[60.011729,79.063422],[60.183849,79.060981],[60.441783,79.131598],[60.747325,79.142279],[61.052867,79.152961],[61.062511,79.158759],[61.071056,79.170539],[61.075572,79.181525],[61.076549,79.19184],[61.074474,79.201361],[61.069835,79.210211],[61.063121,79.218268],[61.05482,79.225531],[61.01588,79.246833],[60.990855,79.254889],[60.990489,79.254767],[60.988902,79.255927],[60.987315,79.25788],[60.973888,79.29383],[60.97047,79.299506],[60.968639,79.301398],[60.966563,79.302741],[60.958018,79.305732],[60.731822,79.325812],[60.710338,79.321845],[60.705699,79.319037],[60.703868,79.315985],[60.704112,79.312751],[60.706554,79.306342],[60.70692,79.303473],[60.705333,79.300971],[60.701182,79.299018],[60.638438,79.29975],[60.414073,79.342475],[60.328136,79.377143],[60.302257,79.395636],[60.295299,79.404853],[60.292613,79.413886],[60.294566,79.422797],[60.299205,79.428229],[60.306895,79.432868],[60.316905,79.436835],[60.375499,79.446295],[60.501353,79.447211],[60.856212,79.376654],[61.172557,79.367743],[61.488902,79.358832],[61.536265,79.344428],[61.56422,79.330756],[61.584605,79.316107],[61.646495,79.253424],[61.671031,79.238105],[61.698375,79.226874],[61.899913,79.180121],[61.943004,79.160224],[61.95814,79.148505],[61.967296,79.135321],[61.969737,79.120734],[61.964488,79.104621],[61.950572,79.086737],[61.942515,79.080512],[61.93275,79.076056],[61.5265,79.060899],[61.12025,79.045742],[60.714,79.030585],[60.685069,79.015265],[60.596324,78.92591],[60.568858,78.907416],[60.534557,78.894782],[60.530406,78.894538],[60.525401,78.895514],[60.461803,78.926581],[60.416148,78.94068],[60.390514,78.942816],[60.375743,78.940985],[60.278697,78.90589],[60.222667,78.894782],[59.975108,78.917853],[59.78004,78.887397],[59.714976,78.861274],[59.694591,78.846808],[59.646251,78.791388],[59.638194,78.771796],[59.639293,78.756903],[59.648448,78.7461],[59.664073,78.738715],[59.685557,78.73432],[59.916148,78.731757],[59.934581,78.726752],[59.943858,78.721381],[59.95106,78.713874],[59.982555,78.654731],[60.008311,78.630133],[60.021007,78.62226],[60.03358,78.616828],[60.046153,78.613715],[60.058849,78.612433],[60.167613,78.630316],[60.198497,78.630805],[60.244151,78.623969],[60.280772,78.610541],[60.294932,78.60102],[60.306163,78.58924],[60.31422,78.575263],[60.318492,78.558783],[60.317638,78.555976],[60.308849,78.546515],[60.201182,78.464972],[60.184703,78.448188],[60.176402,78.435126],[60.17335,78.423529],[60.174815,78.41352],[60.180064,78.404792],[60.188975,78.397467],[60.200572,78.391547],[60.21461,78.386847],[60.247325,78.381232],[60.315684,78.383551],[60.34254,78.390815],[60.357066,78.399237],[60.367442,78.410102],[60.374522,78.422675],[60.390514,78.486762],[60.391612,78.488105],[60.395763,78.490912],[60.437022,78.509345],[60.438609,78.510749],[60.491466,78.584662],[60.521251,78.614386],[60.538829,78.62464],[60.558482,78.630805],[60.56422,78.630072],[60.931773,78.518378],[61.03004,78.511237],[61.481944,78.547431],[61.512218,78.560614],[61.542491,78.58277],[61.587535,78.635932],[61.614513,78.654731],[61.648204,78.666205],[61.774303,78.674628],[61.783458,78.677741],[61.789806,78.682563],[61.793346,78.689521],[61.79359,78.69892],[61.79005,78.711249],[61.774669,78.739203],[61.766734,78.748603],[61.758311,78.755378],[61.749278,78.759772],[61.739268,78.762152],[61.416637,78.756781],[61.102061,78.804755],[61.049693,78.827887],[61.031261,78.841803],[61.018687,78.857611],[61.01295,78.87519],[61.014659,78.894782],[61.018687,78.905707],[61.024913,78.914496],[61.032603,78.921027],[61.041637,78.925788],[61.052013,78.928961],[61.523021,78.925605],[61.994029,78.922248],[62.470348,79.041815],[62.745616,79.047736],[62.778575,79.056281],[62.790538,79.062812],[62.797618,79.068976],[62.801768,79.075202],[62.803355,79.081488],[62.802623,79.087714],[62.799937,79.093817],[62.795665,79.099738],[62.783946,79.110846],[62.73878,79.137641],[62.705821,79.150946],[62.695811,79.157172],[62.691783,79.161261],[62.688853,79.166083],[62.687022,79.171881],[62.686412,79.178717],[62.687389,79.186713],[62.694591,79.206794],[62.6963,79.207953],[62.983897,79.26081],[63.246593,79.374762],[63.702647,79.422797],[63.995494,79.512641],[64.288341,79.602484],[64.310924,79.620551],[64.331309,79.647589],[64.350474,79.686774],[64.364513,79.735297],[64.365123,79.752997],[64.362315,79.767157],[64.356578,79.778632],[64.348765,79.788092],[64.309947,79.819709],[64.301646,79.829657],[64.295299,79.841742],[64.291637,79.856879],[64.291026,79.875556],[64.302501,79.926825],[64.310313,79.942939],[64.321544,79.957099],[64.351573,79.979804],[64.48585,80.035651],[64.494395,80.042853],[64.499034,80.05091],[64.499278,80.060126],[64.49464,80.070807],[64.483165,80.081549],[64.466075,80.089545],[64.417491,80.098517],[64.112437,80.103949],[64.096446,80.110114],[64.086558,80.118781],[64.087779,80.11933],[64.13502,80.169867],[64.14442,80.186652],[64.146983,80.194281],[64.147472,80.201239],[64.146007,80.207099],[64.141612,80.211676],[64.134532,80.214789],[63.883678,80.195502],[63.865123,80.188239],[63.857799,80.183539],[63.855724,80.18122],[63.854259,80.179023],[63.853526,80.176703],[63.853404,80.15998],[63.851451,80.152289],[63.846568,80.142768],[63.838512,80.133734],[63.828014,80.126654],[63.814952,80.121405],[63.800059,80.117743],[63.606578,80.118781],[63.59669,80.115302],[63.593394,80.113349],[63.590953,80.111212],[63.589366,80.108954],[63.588634,80.106513],[63.587901,80.083747],[63.585216,80.075385],[63.58253,80.070807],[63.574962,80.06269],[63.563975,80.055976],[63.53419,80.046454],[63.456309,80.041205],[63.381602,80.050849],[63.355479,80.05976],[63.347179,80.06507],[63.34254,80.070807],[63.33839,80.085028],[63.33839,80.090583],[63.33961,80.09516],[63.34193,80.098944],[63.344981,80.102057],[63.348888,80.10456],[63.387096,80.116645],[63.427257,80.152899],[63.432384,80.1612],[63.434215,80.168219],[63.433116,80.174079],[63.429332,80.178839],[63.42335,80.182502],[63.404918,80.187506],[63.254405,80.185981],[63.234874,80.180365],[63.22169,80.172797],[63.214366,80.163764],[63.211314,80.153205],[63.211558,80.141547],[63.222789,80.087958],[63.222545,80.073981],[63.218639,80.060248],[63.210094,80.046942],[63.195811,80.034369],[63.174571,80.022773],[63.163707,80.020758],[62.781383,80.005255],[62.720958,79.99018],[62.702037,79.97956],[62.692882,79.966498],[62.694591,79.950751],[62.70106,79.941901],[62.711192,79.93476],[62.724498,79.929267],[62.758678,79.922309],[63.132457,79.932624],[63.160289,79.92713],[63.171764,79.921942],[63.181529,79.91474],[63.18922,79.905341],[63.195079,79.893439],[63.198497,79.878791],[63.198497,79.874823],[63.19691,79.870917],[63.194347,79.867011],[63.190562,79.863105],[63.180919,79.855658],[63.1338,79.83338],[63.061046,79.817328],[62.688914,79.82627],[62.316783,79.835211],[62.227794,79.876166],[61.877533,79.874457],[61.527273,79.872748],[61.177013,79.871039],[60.892223,79.808722],[60.607432,79.746405],[60.316112,79.74021],[60.024791,79.734015],[59.988048,79.742865],[59.974376,79.749823],[59.964366,79.758612],[59.958995,79.769538],[59.958507,79.782782],[59.964366,79.795356],[59.976207,79.803717],[59.993297,79.808722],[60.153697,79.813056],[60.207042,79.824164],[60.229503,79.835089],[60.247935,79.850653],[60.261607,79.871833],[60.269176,79.899237],[60.27003,79.933783],[60.268443,79.943122],[60.265025,79.952826],[60.215587,80.036322],[60.209239,80.056891],[60.208873,80.06684],[60.210704,80.076545],[60.215221,80.085822],[60.222667,80.094794],[60.236949,80.10578],[60.253673,80.113593],[60.292735,80.121039],[60.606578,80.094794],[60.624278,80.099189],[60.750499,80.166754],[61.142507,80.198757],[61.534516,80.23076],[61.926524,80.262763],[61.953258,80.269477],[61.956432,80.271369],[61.958629,80.273444],[61.960094,80.275702],[61.964854,80.295417],[61.97755,80.315497],[61.977794,80.319525],[61.975719,80.322882],[61.971568,80.325629],[61.958507,80.329535],[61.878673,80.334784],[61.840343,80.345038],[61.817271,80.356269],[61.810924,80.361884],[61.80775,80.36756],[61.807506,80.373175],[61.809947,80.378607],[61.81483,80.383734],[61.822154,80.388617],[61.842906,80.39704],[62.196849,80.443671],[62.550792,80.490302],[62.741222,80.57038],[62.76649,80.574774],[63.02357,80.543769],[63.078624,80.526801],[63.079478,80.525275],[63.114024,80.422553],[63.122325,80.410346],[63.126475,80.406806],[63.144542,80.397956],[63.185924,80.38581],[63.598155,80.361182],[64.010387,80.336554],[64.063243,80.348578],[64.141368,80.384711],[64.15504,80.387397],[64.161143,80.387336],[64.167125,80.38642],[64.283946,80.340033],[64.397838,80.321662],[64.517955,80.323676],[64.824168,80.376929],[65.130382,80.430182],[65.237559,80.404975],[65.254039,80.40528],[65.269908,80.409125],[65.284801,80.417365],[65.375255,80.498786],[65.635265,80.568915],[65.651988,80.578192],[65.685191,80.609809],[65.695445,80.615302],[65.732555,80.625617],[65.781627,80.626899],[65.847789,80.616767],[65.853282,80.617621],[65.858287,80.619513],[65.862559,80.622748],[65.865733,80.628546],[65.933238,80.910529],[65.934459,80.910773],[65.93214,80.917792],[65.928233,80.925482],[65.897472,80.961127],[65.72755,81.087592],[65.636363,81.119208],[65.605113,81.139716],[65.538951,81.214789],[65.5265,81.222785],[65.503551,81.232428],[65.35963,81.26203],[65.312022,81.281806],[65.203624,81.361396],[65.190562,81.366767],[64.996593,81.389228],[64.589061,81.353614],[64.181529,81.318],[63.773997,81.282386],[63.366466,81.246772],[63.36085,81.242499],[63.356822,81.237677],[63.354015,81.232489],[63.352306,81.226935],[63.351573,81.221259],[63.352794,81.20954],[63.366344,81.175788],[63.366466,81.17475],[63.358653,81.160834],[63.349498,81.149787],[63.339,81.141364],[63.327525,81.135321],[63.315196,81.131415],[63.302013,81.12934],[63.274669,81.129523],[63.174571,81.150763],[63.00648,81.150763],[62.965343,81.163398],[62.817638,81.236335],[62.771129,81.243781],[62.714976,81.240363],[62.646495,81.222785],[62.643932,81.221381],[62.641612,81.219001],[62.639415,81.215827],[62.623668,81.154486],[62.607432,81.115119],[62.597789,81.101752],[62.592784,81.097541],[62.587291,81.094428],[62.581554,81.092414],[62.502574,81.078803],[62.500621,81.077826],[62.457042,81.031928],[62.4546,81.030768],[62.430064,81.02442],[62.033336,81.004462],[61.821666,80.951728],[61.780894,80.954901],[61.763072,80.9607],[61.747569,80.969855],[61.734508,80.982795],[61.72877,80.992438],[61.726573,81.001227],[61.727672,81.009162],[61.731456,81.016364],[61.737682,81.022711],[61.745738,81.028449],[61.765636,81.037848],[61.830577,81.054755],[61.862437,81.088263],[61.881358,81.116095],[61.888927,81.138739],[61.885753,81.156806],[61.873302,81.170539],[61.85255,81.180487],[61.824962,81.187201],[61.44516,81.174099],[61.065359,81.160997],[60.685557,81.147895],[60.471324,81.119391],[60.133983,81.064093],[59.796641,81.008795],[59.777965,81.000922],[59.733287,80.96839],[59.654674,80.887763],[59.617442,80.859748],[59.593639,80.850226],[59.50526,80.833014],[59.505015,80.832953],[59.504771,80.83277],[59.504771,80.832709],[59.502574,80.831549],[59.474376,80.823554],[59.453624,80.814093],[59.452769,80.813178],[59.450816,80.810553],[59.439342,80.783698],[59.4015,80.779914],[59.391246,80.776862],[59.340709,80.751593],[59.337291,80.748664],[59.334239,80.745368],[59.331798,80.741523],[59.29713,80.736945],[59.265514,80.724677],[59.262218,80.722113],[59.25941,80.719184],[59.254771,80.712104],[59.253429,80.708136],[59.25233,80.701545],[59.25233,80.700385],[59.25233,80.70008],[59.25233,80.69953],[59.25233,80.699225],[59.25233,80.697455],[59.252452,80.697211],[59.226085,80.689521],[59.204723,80.677558],[59.200084,80.673529],[59.195933,80.667975],[58.906627,80.673041],[58.900645,80.675238],[58.89564,80.678595],[58.891612,80.683295],[58.884776,80.697333],[58.878673,80.718817],[58.878551,80.724982],[58.881358,80.73017],[58.886851,80.734442],[58.89442,80.737982],[58.926036,80.744086],[58.998424,80.743232],[58.998546,80.742743],[59.072276,80.769477],[59.091075,80.783026],[59.096934,80.789923],[59.100841,80.797065],[59.103038,80.804267],[59.10377,80.811713],[59.085948,80.932013],[59.087413,80.937018],[59.090099,80.940863],[59.093883,80.943915],[59.099254,80.946112],[59.177257,80.961798],[59.197276,80.970771],[59.30067,81.050605],[59.677684,81.104315],[60.054698,81.158026],[60.454112,81.19361],[60.921641,81.242194],[61.118663,81.290107],[61.139781,81.299933],[61.147472,81.306037],[61.153331,81.313178],[61.157115,81.32154],[61.158946,81.331366],[61.15858,81.34278],[61.14857,81.370734],[61.126475,81.391913],[61.094127,81.40705],[61.003917,81.422553],[60.724132,81.414435],[60.444347,81.406317],[60.414561,81.41474],[60.401988,81.421393],[60.392345,81.4289],[60.38502,81.437079],[60.380138,81.445807],[60.377086,81.454962],[60.375743,81.464301],[60.375621,81.4737],[60.391002,81.531989],[60.390514,81.534735],[60.294566,81.630805],[60.281261,81.635321],[60.249522,81.63819],[60.143932,81.628485],[60.117198,81.630439],[60.107432,81.634223],[60.100597,81.64057],[60.097179,81.649848],[60.097789,81.662421],[60.10255,81.678778],[60.111949,81.690009],[60.129649,81.698615],[60.185557,81.709662],[60.444102,81.718238],[60.702647,81.726813],[60.786021,81.758857],[60.842906,81.793402],[60.862926,81.811896],[60.869395,81.82099],[60.873057,81.829962],[60.873668,81.838568],[60.870616,81.846808],[60.863292,81.853522],[60.850841,81.859442],[60.812266,81.868964],[60.560313,81.87934],[60.361583,81.857123],[60.031139,81.765753],[60.02711,81.766608],[60.025645,81.768256],[60.026622,81.771003],[60.030528,81.774787],[60.02003,81.765082],[60.012218,81.755255],[60.006969,81.745307],[60.003551,81.735419],[59.998302,81.668586],[59.995128,81.660041],[59.989879,81.651984],[59.982432,81.644355],[59.972057,81.637274],[59.958507,81.630805],[59.474742,81.605841],[59.461558,81.607856],[59.455821,81.610175],[59.450694,81.613654],[59.446056,81.618537],[59.437877,81.63288],[59.430675,81.654792],[59.430308,81.665229],[59.434947,81.674506],[59.443858,81.682746],[59.456309,81.69007],[59.529063,81.710944],[59.646617,81.726813],[59.668101,81.740912],[59.773326,81.859076],[59.790538,81.870795],[59.803233,81.876044],[60.184093,81.919928],[60.564952,81.963813],[60.839854,82.042609],[60.838267,82.042731],[61.023448,82.089179],[61.046886,82.101752],[61.055186,82.108954],[61.06068,82.116767],[61.063243,82.125312],[61.062511,82.134772],[61.053844,82.153144],[61.038463,82.167487],[61.017345,82.178168],[60.961436,82.190314],[60.463298,82.152243],[59.96516,82.114173],[59.467021,82.076102],[58.968883,82.038031],[58.865001,81.997748],[58.614574,81.980597],[58.364146,81.963446],[58.257213,81.902594],[58.239635,81.896491],[57.767711,81.886786],[57.746593,81.880561],[57.733409,81.871466],[57.728892,81.859076],[57.734264,81.843024],[57.750499,81.82276],[57.771251,81.806952],[57.886974,81.753363],[57.876842,81.742926],[57.868907,81.731513],[57.867808,81.729193],[57.86732,81.728583],[57.861583,81.712348],[57.861461,81.705817],[57.862559,81.699347],[57.865123,81.693183],[57.868907,81.687934],[57.87379,81.683661],[57.879527,81.680548],[57.983897,81.660834],[58.098643,81.66883],[58.154552,81.639655],[58.174205,81.624274],[58.179942,81.617011],[58.181651,81.613532],[58.182384,81.610114],[58.182506,81.606757],[58.177013,81.586127],[58.166026,81.569586],[58.150279,81.55683],[58.130504,81.54737],[58.08253,81.537177],[58.027843,81.535712],[57.847789,81.565131],[57.841685,81.572882],[57.837657,81.575873],[57.794322,81.592597],[57.783458,81.59455],[57.768443,81.594306],[57.59669,81.673224],[57.516856,81.695685],[57.457042,81.699774],[57.400767,81.693671],[57.157237,81.622504],[56.907298,81.59635],[56.657359,81.570197],[56.622569,81.558783],[56.617198,81.555182],[56.614513,81.551154],[56.613902,81.546759],[56.615367,81.542121],[56.618541,81.537299],[56.628429,81.527961],[56.641124,81.519477],[56.664683,81.509101],[56.668346,81.508551],[56.670299,81.509101],[56.670543,81.51081],[56.67335,81.486274],[56.663463,81.467353],[56.642589,81.453437],[56.612315,81.443915],[56.482677,81.436042],[56.151866,81.464606],[56.142589,81.462775],[56.136363,81.45484],[56.132823,81.447394],[56.131724,81.440375],[56.132579,81.433722],[56.135265,81.427558],[56.139293,81.421881],[56.144542,81.416632],[56.190562,81.390753],[56.192393,81.388251],[56.194102,81.386542],[56.195811,81.38526],[56.19752,81.384406],[56.205089,81.382941],[56.206676,81.382331],[56.207896,81.381415],[56.209361,81.379889],[56.210704,81.377814],[56.21461,81.366767],[56.219005,81.342597],[56.219249,81.325324],[56.217784,81.318976],[56.215587,81.314215],[56.214244,81.312262],[56.210948,81.309394],[56.208995,81.308417],[56.184093,81.312812],[56.177745,81.316596],[56.153087,81.337592],[56.135265,81.36225],[56.131114,81.373542],[56.130748,81.378485],[56.131602,81.382819],[56.1338,81.386359],[56.137218,81.389045],[56.142589,81.390753],[56.092052,81.377326],[56.036143,81.351325],[55.998546,81.34278],[55.904063,81.344794],[55.903819,81.344977],[55.903453,81.345221],[55.898204,81.348029],[55.889171,81.351264],[55.413341,81.39646],[54.937511,81.441657],[54.90565,81.436774],[54.8921,81.431586],[54.88026,81.424384],[54.838023,81.380683],[54.81068,81.362616],[54.779063,81.350043],[54.729869,81.339545],[54.6338,81.345404],[54.383311,81.399359],[54.009939,81.399319],[53.636567,81.399278],[53.263194,81.399237],[53.240367,81.391242],[53.223888,81.3805],[53.21461,81.366767],[53.212169,81.355414],[53.21339,81.345038],[53.217662,81.335395],[53.22462,81.326483],[53.244762,81.310858],[53.270274,81.298163],[53.508311,81.233405],[53.974864,81.23075],[54.441417,81.228095],[54.90797,81.22544],[55.374522,81.222785],[55.549937,81.19361],[55.556895,81.1883],[55.567393,81.183295],[55.602672,81.174079],[55.644542,81.170478],[55.644542,81.170966],[55.644786,81.17182],[55.644786,81.173529],[55.644908,81.174384],[55.644908,81.176093],[55.645152,81.176947],[55.645152,81.177375],[55.645396,81.177253],[55.645763,81.177008],[55.645885,81.176642],[55.646739,81.173163],[55.646861,81.170295],[55.818858,81.156928],[55.917979,81.1659],[55.985484,81.140021],[56.011485,81.12287],[56.019298,81.114569],[56.021495,81.110419],[56.022716,81.106513],[56.022677,81.105345]],[[61.974498,81.918769],[61.722545,81.870764],[61.470592,81.82276],[61.466319,81.821357],[61.412364,81.788153],[61.382823,81.776557],[61.078502,81.7331],[61.042735,81.716437],[61.029552,81.705756],[61.02003,81.693305],[61.014659,81.678778],[61.01588,81.647223],[61.032725,81.618537],[61.063365,81.592597],[61.106456,81.569159],[61.371837,81.498603],[61.810496,81.489646],[62.249156,81.480689],[62.687816,81.471732],[63.126475,81.462775],[63.318492,81.534735],[63.734508,81.566759],[64.150523,81.598782],[64.566539,81.630805],[64.653819,81.654364],[64.666515,81.662726],[64.676036,81.673224],[64.682628,81.686347],[64.686656,81.702765],[64.686046,81.715644],[64.680919,81.727423],[64.671641,81.738349],[64.658702,81.748297],[64.580333,81.780585],[64.321483,81.837683],[64.062633,81.894782],[63.645006,81.899579],[63.227379,81.904377],[62.809752,81.909174],[62.392125,81.913971],[61.974498,81.918769]],[[62.556407,80.249213],[62.52589,80.238593],[62.50294,80.239081],[62.502574,80.238776],[62.484019,80.177558],[62.473155,80.155951],[62.469981,80.146369],[62.468516,80.137885],[62.469127,80.1305],[62.471324,80.124335],[62.47523,80.119147],[62.480601,80.114936],[62.487315,80.111823],[62.504161,80.108405],[62.525157,80.108588],[62.574474,80.118781],[62.586558,80.12403],[62.594737,80.1305],[62.61085,80.152045],[62.618663,80.158393],[62.629893,80.163459],[62.646495,80.166754],[62.697032,80.167548],[63.010142,80.112372],[63.022472,80.114264],[63.03065,80.118781],[63.037852,80.127997],[63.041515,80.137702],[63.042369,80.147834],[63.040294,80.158149],[63.035777,80.168647],[63.028819,80.179206],[63.008922,80.199958],[62.952403,80.237128],[62.886485,80.262763],[62.757701,80.271369],[62.556407,80.249213]],[[62.021007,80.186652],[62.016856,80.188788],[62.012706,80.188422],[62.008678,80.185797],[61.982799,80.163398],[61.959239,80.151435],[61.924815,80.143805],[61.723155,80.155524],[61.694957,80.149787],[61.683849,80.143988],[61.674693,80.135871],[61.668101,80.12519],[61.663829,80.111518],[61.662608,80.094794],[61.667247,80.079535],[61.680675,80.067694],[61.701305,80.059027],[61.759044,80.050482],[61.830699,80.052191],[61.973765,80.079901],[62.024791,80.102545],[62.040538,80.115302],[62.048228,80.12873],[62.046641,80.142768],[62.025645,80.181464],[62.021007,80.186652]],[[57.008189,78.446051],[56.815929,78.475714],[56.565379,78.457709],[56.31483,78.439704],[56.270518,78.423224],[56.125987,78.343817],[56.118541,78.34278],[56.11378,78.343695],[56.000377,78.399237],[55.991588,78.400397],[55.984141,78.399604],[55.978404,78.39643],[55.97462,78.390815],[55.974376,78.386969],[55.975841,78.381537],[55.995006,78.3487],[56.058116,78.278205],[56.070567,78.270697],[56.11732,78.255744],[56.149669,78.250434],[56.17213,78.252326],[56.230357,78.272406],[56.263072,78.274909],[56.310557,78.270697],[56.5265,78.198798],[56.814586,78.198798],[56.982555,78.270697],[57.028575,78.308661],[57.057994,78.342536],[57.066661,78.358039],[57.071666,78.372504],[57.072887,78.386054],[57.070445,78.398505],[57.064586,78.40998],[57.055308,78.420478],[57.042735,78.429999],[57.008189,78.446051]],[[55.724498,78.238654],[55.701671,78.251715],[55.625377,78.270453],[55.344005,78.270575],[55.062633,78.270697],[55.032725,78.256659],[55.011607,78.24256],[54.996959,78.22779],[54.958507,78.152411],[54.924083,78.104193],[54.906505,78.088996],[54.868907,78.065985],[54.865977,78.062567],[54.864024,78.058539],[54.863414,78.053595],[54.86439,78.047492],[54.870616,78.030829],[54.878062,78.01911],[54.887828,78.010016],[54.899791,78.003241],[54.928722,77.995429],[55.069347,77.993476],[55.098643,77.987982],[55.110606,77.982795],[55.128917,77.970893],[55.141124,77.95954],[55.14857,77.948493],[55.15211,77.937873],[55.152599,77.92768],[55.143443,77.890387],[55.143077,77.882025],[55.145396,77.873969],[55.151256,77.866278],[55.161876,77.858832],[55.20045,77.84516],[55.24464,77.837287],[55.276988,77.839789],[55.522349,77.908393],[55.997447,77.860907],[56.472545,77.813422],[56.478526,77.814765],[56.489635,77.823432],[56.49586,77.833075],[56.49818,77.843573],[56.497203,77.854865],[56.443614,77.958441],[56.441173,77.971259],[56.441539,77.983649],[56.445933,77.995551],[56.4546,78.006781],[56.469371,78.015082],[56.491954,78.019843],[56.874766,78.015326],[56.901378,78.024054],[56.921153,78.037177],[56.932628,78.055121],[56.934581,78.078803],[56.930308,78.092231],[56.921397,78.102912],[56.90858,78.111029],[56.892345,78.116767],[56.852061,78.122504],[56.486664,78.112759],[56.121267,78.103013],[55.75587,78.093268],[55.496349,78.046332],[55.34901,77.961493],[55.324718,77.956],[55.313487,77.956244],[55.302745,77.958686],[55.304576,77.95893],[55.304088,77.961493],[55.253062,78.049811],[55.247081,78.073615],[55.246959,78.084479],[55.2494,78.094306],[55.254649,78.10279],[55.271251,78.117804],[55.29066,78.128058],[55.313365,78.134589],[55.684825,78.171271],[55.71339,78.182929],[55.723888,78.190558],[55.73109,78.199713],[55.734874,78.210395],[55.734508,78.222785],[55.724498,78.238654]],[[41.106944,79.202399],[41.107188,79.202338],[41.107799,79.202948],[41.093639,79.207038],[41.106944,79.202399],[40.819102,79.254645],[40.531261,79.306891],[40.413829,79.29206],[40.240977,79.221991],[40.154185,79.202704],[39.90443,79.202155],[39.562633,79.140967],[39.220836,79.079779],[39.198009,79.069648],[39.10255,78.99079],[39.075206,78.97547],[39.04127,78.963996],[38.769115,78.951911],[38.496959,78.939826],[38.471812,78.931037],[38.4546,78.918769],[38.448863,78.91059],[38.444591,78.900519],[38.43983,78.876288],[38.441295,78.820502],[38.4546,78.7508],[38.465343,78.748664],[38.483287,78.751044],[38.757823,78.829108],[38.822642,78.833319],[38.848521,78.828315],[38.868419,78.817511],[38.881602,78.799933],[38.886485,78.774787],[38.885631,78.765448],[38.882823,78.757758],[38.87794,78.751288],[38.871593,78.746161],[38.86378,78.742072],[38.539195,78.674414],[38.21461,78.606757],[37.773009,78.611566],[37.331407,78.616376],[36.889806,78.621186],[36.448204,78.625995],[36.006602,78.630805],[35.81483,78.598517],[35.686412,78.5456],[35.4546,78.390815],[35.28651,78.318793],[35.142589,78.222785],[35.001842,78.182379],[34.843272,78.165839],[34.782603,78.150763],[34.783946,78.15058],[34.784312,78.148688],[34.783702,78.14527],[34.758189,78.078559],[34.758678,78.078803],[34.741588,78.05799],[34.72169,78.041754],[34.699107,78.029547],[34.64796,78.015509],[34.591441,78.012152],[34.371104,78.032172],[34.331432,78.027289],[34.010875,77.931586],[33.949229,77.930854],[33.911998,77.936286],[33.806895,77.981391],[33.790294,77.983344],[33.773204,77.982123],[33.663585,77.958136],[33.645152,77.960395],[33.611827,77.972602],[33.556285,78.002631],[33.542003,78.006171],[33.51588,78.00611],[33.387218,77.971625],[33.362804,77.969001],[33.351817,77.97071],[33.34193,77.974921],[33.33314,77.982123],[33.325328,77.992621],[33.318614,78.006781],[33.316661,78.015815],[33.317882,78.023932],[33.321666,78.031256],[33.327891,78.03797],[33.336192,78.044196],[33.434337,78.096015],[33.454845,78.115302],[33.462535,78.126776],[33.46815,78.138312],[33.474986,78.161017],[33.476695,78.182807],[33.462047,78.265937],[33.462535,78.270697],[33.47169,78.301093],[33.483409,78.325263],[33.497691,78.344001],[33.514293,78.358039],[33.532848,78.367926],[33.553111,78.374335],[33.749156,78.378852],[33.798717,78.390815],[34.038585,78.486762],[34.329723,78.490912],[34.446544,78.510749],[34.450694,78.512519],[34.554454,78.586249],[34.553966,78.587409],[34.551036,78.586554],[34.595348,78.606452],[34.660045,78.623786],[34.681895,78.624396],[34.682017,78.62519],[34.653331,78.66828],[34.641368,78.677802],[34.62733,78.683539],[34.611217,78.686042],[34.593516,78.685675],[34.553355,78.677924],[34.371715,78.61225],[34.102672,78.585639],[33.882091,78.512763],[33.630504,78.49842],[33.378917,78.484076],[33.310191,78.465277],[33.283092,78.45185],[33.261729,78.435126],[33.246593,78.414801],[33.234874,78.387763],[33.233409,78.379462],[33.234508,78.373847],[33.237926,78.370551],[33.243175,78.369086],[33.300792,78.369696],[33.312022,78.366767],[33.322887,78.36164],[33.33314,78.353827],[33.34254,78.34278],[33.341807,78.343451],[33.351329,78.31037],[33.357066,78.269477],[33.355235,78.248847],[33.35255,78.239325],[33.348399,78.230536],[33.34254,78.222785],[33.32838,78.213446],[33.30775,78.208441],[33.017223,78.218512],[32.992686,78.211066],[32.973277,78.198981],[32.960582,78.181464],[32.955333,78.157599],[32.958629,78.126776],[32.96339,78.113044],[32.97047,78.102423],[32.979381,78.094489],[32.990001,78.088996],[33.001964,78.085639],[33.014903,78.084052],[33.042491,78.08515],[33.126598,78.10279],[33.23878,78.089667],[33.254649,78.082953],[33.261729,78.07807],[33.268321,78.071906],[33.281139,78.054999],[33.294688,78.030829],[33.295665,78.026801],[33.294932,78.022956],[33.292735,78.019171],[33.284312,78.012152],[33.224864,77.984748],[33.222667,77.982795],[33.215587,77.969428],[33.20753,77.943732],[33.198863,77.891303],[33.200328,77.864325],[33.206065,77.844306],[33.215099,77.826483],[33.240367,77.796332],[33.31776,77.730353],[33.323009,77.720038],[33.324107,77.709174],[33.320323,77.697516],[33.31068,77.684821],[33.294688,77.670783],[33.284923,77.665229],[33.256724,77.657416],[32.971812,77.67298],[32.796153,77.747016],[32.696056,77.756781],[32.591807,77.752143],[32.553966,77.742865],[32.541148,77.736274],[32.533702,77.728217],[32.532359,77.718695],[32.53773,77.707587],[32.553233,77.692206],[32.554576,77.689643],[32.554698,77.687323],[32.554088,77.685004],[32.552501,77.682807],[32.550548,77.680732],[32.547862,77.678839],[32.535411,77.67298],[32.526988,77.670722],[32.526622,77.670783],[32.516124,77.655341],[32.505138,77.6435],[32.493419,77.635016],[32.48109,77.629401],[32.46815,77.626105],[32.454478,77.624884],[32.324596,77.63227],[32.286632,77.622748],[32.279796,77.619452],[32.266246,77.60871],[32.119395,77.425605],[32.103038,77.416083],[32.083873,77.409735],[32.060313,77.406806],[32.03773,77.407965],[32.030406,77.410834],[32.024303,77.415168],[32.01942,77.420661],[32.012828,77.434638],[32.003062,77.495307],[32.001231,77.499823],[31.998668,77.502753],[31.998546,77.502265],[31.997081,77.501776],[31.98463,77.5008],[31.954112,77.502997],[31.91273,77.512519],[31.868541,77.53266],[31.85377,77.544623],[31.844859,77.556525],[31.832042,77.586859],[31.829356,77.590522],[31.825572,77.593573],[31.820689,77.596015],[31.814464,77.597785],[31.806651,77.598761],[31.796519,77.597968],[31.752452,77.581366],[31.542613,77.454779],[31.47816,77.428595],[31.278575,77.382819],[31.267589,77.375678],[31.196178,77.296332],[31.182628,77.286811],[31.106212,77.256903],[31.018809,77.242743],[30.92921,77.244696],[30.84669,77.262763],[30.828746,77.27143],[30.813609,77.28321],[30.761974,77.339789],[30.746104,77.350959],[30.726573,77.358771],[30.719371,77.359992],[30.711192,77.360114],[30.580333,77.333258],[30.558726,77.334784],[30.548595,77.337653],[30.529307,77.34809],[30.457652,77.402655],[30.435802,77.413275],[30.426768,77.415534],[30.418712,77.415961],[30.411265,77.41474],[30.404063,77.412055],[30.296641,77.349616],[30.179576,77.316962],[29.920787,77.294745],[29.877818,77.303595],[29.862559,77.310797],[29.849132,77.320929],[29.840099,77.330817],[29.834849,77.340644],[29.832896,77.350226],[29.833873,77.359687],[29.837047,77.369025],[29.842174,77.37818],[29.882823,77.430304],[29.886363,77.438605],[29.887828,77.446723],[29.886607,77.454779],[29.884166,77.460578],[29.881236,77.465277],[29.87794,77.469001],[29.8744,77.471991],[29.819224,77.50019],[29.776622,77.539923],[29.761974,77.549323],[29.747203,77.555426],[29.731944,77.558661],[29.700816,77.558539],[29.60731,77.540045],[29.578136,77.540534],[29.564098,77.544196],[29.55067,77.550788],[29.539806,77.559272],[29.533092,77.568183],[29.529918,77.57746],[29.529552,77.586859],[29.531505,77.596442],[29.549571,77.640937],[29.550426,77.648322],[29.548473,77.654914],[29.54359,77.66059],[29.534679,77.665229],[29.502574,77.670783],[29.503429,77.670356],[29.502452,77.669196],[29.386851,77.614447],[29.198009,77.5633],[29.016856,77.551459],[29.006236,77.55506],[28.951305,77.591864],[28.935557,77.597113],[28.916515,77.599677],[28.898204,77.598517],[28.827281,77.573371],[28.813731,77.573188],[28.806651,77.574774],[28.805431,77.575507],[28.758678,77.622748],[28.727306,77.637274],[28.6963,77.646003],[28.634044,77.649176],[28.365977,77.586493],[28.289317,77.583747],[28.206676,77.598761],[28.207286,77.599311],[28.207286,77.601386],[28.167003,77.700995],[28.165538,77.702216],[28.060069,77.754279],[28.020274,77.761786],[27.937144,77.762641],[27.927257,77.766303],[27.918346,77.772773],[27.909923,77.782538],[27.894664,77.814765],[27.894908,77.816474],[27.942027,77.909735],[27.980601,77.954535],[27.991588,77.962226],[28.002208,77.967108],[28.012706,77.969428],[28.023204,77.969672],[28.137096,77.937567],[28.246471,77.929816],[28.290416,77.935309],[28.308116,77.942084],[28.31544,77.946723],[28.321544,77.952216],[28.326671,77.958808],[28.335704,77.976874],[28.339732,77.992926],[28.338878,78.007086],[28.333995,78.019416],[28.325694,78.030097],[28.31422,78.039374],[28.300304,78.047187],[28.267711,78.059394],[27.872203,78.081961],[27.476695,78.104529],[27.081187,78.127097],[26.68568,78.149665],[26.534312,78.1211],[26.512096,78.123603],[26.502574,78.126776],[26.477916,78.139594],[26.461925,78.152961],[26.456554,78.160102],[26.452525,78.167487],[26.430553,78.270697],[26.429698,78.272162],[26.427867,78.273627],[26.38856,78.289618],[26.383922,78.293036],[26.382701,78.294745],[26.378307,78.308539],[26.377696,78.322333],[26.38026,78.335944],[26.385509,78.349311],[26.393199,78.362372],[26.413097,78.386542],[26.480113,78.439399],[26.499034,78.44776],[26.536143,78.456977],[26.569591,78.456366],[26.701915,78.406623],[26.78712,78.388495],[27.158865,78.406704],[27.53061,78.424913],[27.902354,78.443122],[28.13148,78.541693],[28.528697,78.585639],[28.675426,78.653083],[28.981212,78.62934],[29.015147,78.633979],[29.029796,78.639045],[29.054942,78.653205],[29.10963,78.698371],[29.117808,78.702033],[29.126231,78.703437],[29.135265,78.702216],[29.144664,78.698004],[29.155162,78.690253],[29.166637,78.678778],[29.188121,78.582526],[29.189464,78.581366],[29.190684,78.58277],[29.182872,78.568183],[29.172618,78.556952],[29.160533,78.54859],[29.132335,78.538398],[29.045665,78.522162],[29.035533,78.516059],[29.027721,78.507636],[29.022716,78.496283],[29.020763,78.481513],[29.022716,78.462775],[29.028453,78.446906],[29.039683,78.431769],[29.055797,78.417365],[29.100474,78.390998],[29.223643,78.349189],[29.464,78.319281],[29.569224,78.342841],[29.914602,78.36107],[30.25998,78.379299],[30.605357,78.397528],[30.64564,78.410102],[30.661021,78.419623],[30.672496,78.431769],[30.679454,78.446845],[30.681773,78.465094],[30.678599,78.486762],[30.675304,78.489997],[30.404918,78.557074],[30.062877,78.557379],[29.720836,78.557685],[29.718639,78.558783],[29.71754,78.565558],[29.717418,78.571662],[29.718272,78.577277],[29.719981,78.582404],[29.722789,78.587043],[29.730357,78.595404],[29.807506,78.640448],[30.155569,78.701728],[30.503632,78.763007],[30.851695,78.824286],[30.972057,78.883979],[31.028575,78.896552],[31.167735,78.891913],[31.178966,78.893195],[31.182628,78.894782],[31.189708,78.90119],[31.194469,78.908759],[31.197032,78.917487],[31.19752,78.991156],[31.20045,79.00141],[31.205211,79.01081],[31.212657,79.019538],[31.223155,79.027228],[31.236949,79.033698],[31.25941,79.03974],[31.309093,79.042365],[31.367198,79.035346],[31.424205,79.015815],[31.546153,78.941169],[31.550182,78.940131],[31.563609,78.94007],[31.60255,78.94538],[31.61085,78.94422],[31.614635,78.942816],[31.615733,78.941718],[31.616344,78.939948],[31.61671,78.934577],[31.61317,78.898383],[31.613658,78.896308],[31.614635,78.894782],[31.625011,78.886542],[31.636485,78.881476],[31.648936,78.879279],[31.66212,78.879584],[31.676158,78.882025],[31.838145,78.941352],[31.86439,78.94245],[31.884532,78.939215],[32.011974,78.896186],[32.060557,78.895087],[32.224376,78.919257],[32.288341,78.911689],[32.402721,78.870795],[32.406627,78.870795],[32.412242,78.871894],[32.422496,78.875739],[32.473765,78.916144],[32.484996,78.921515],[32.594981,78.941169],[32.598643,78.942816],[32.609508,78.950141],[32.662364,79.00672],[32.71461,79.047553],[32.760142,79.070197],[32.808116,79.084845],[33.208018,79.113959],[33.607921,79.143073],[34.007823,79.172187],[34.047252,79.187995],[34.058482,79.196357],[34.064586,79.204718],[34.066173,79.21308],[34.063487,79.221076],[34.057017,79.228705],[34.04713,79.235663],[34.019298,79.247016],[33.983165,79.253852],[33.562242,79.268439],[33.141319,79.283026],[32.720396,79.297614],[32.299474,79.312201],[31.878551,79.326789],[31.566661,79.278815],[31.170665,79.278815],[30.774669,79.278815],[30.742686,79.270758],[30.67213,79.241156],[30.630626,79.23078],[30.342662,79.242774],[30.054698,79.254767],[29.778636,79.206763],[29.502574,79.158759],[29.094615,79.254767],[28.600206,79.23078],[28.105797,79.206794],[27.611388,79.182807],[27.116978,79.15882],[26.622569,79.134833],[26.31068,79.062812],[25.830577,79.062812],[25.81544,79.058356],[25.810069,79.055243],[25.806041,79.051703],[25.802867,79.047736],[25.800792,79.043341],[25.794566,79.012213],[25.790416,79.001288],[25.786998,78.995917],[25.782603,78.99079],[25.775767,78.985663],[25.7671,78.982306],[25.756847,78.980414],[25.622447,78.994757],[25.599864,78.993415],[25.590587,78.99079],[25.582774,78.986151],[25.579478,78.9831],[25.55836,78.953253],[25.552745,78.947455],[25.549693,78.945258],[25.546397,78.943671],[25.542613,78.942816],[25.535533,78.942694],[25.427013,78.967475],[25.403819,78.966986],[25.393932,78.96424],[25.385509,78.95954],[25.379039,78.95246],[25.374644,78.942816],[25.372081,78.920233],[25.378307,78.901007],[25.3921,78.884589],[25.412242,78.870429],[25.640391,78.781867],[25.657603,78.766486],[25.667979,78.748481],[25.669932,78.727423],[25.662608,78.702826],[25.658824,78.699286],[25.652354,78.69776],[25.643321,78.698065],[25.496959,78.749945],[25.496593,78.746894],[25.493419,78.741889],[25.479869,78.727729],[25.429698,78.690985],[25.359874,78.660773],[25.321666,78.654547],[25.28358,78.657233],[25.254893,78.665961],[25.24464,78.671759],[25.236217,78.678229],[25.205699,78.718024],[25.19984,78.722602],[25.192638,78.72602],[25.183604,78.728034],[25.15858,78.726752],[25.161265,78.726386],[25.162608,78.72425],[25.16273,78.720649],[25.134044,78.654303],[25.134654,78.654731],[25.117564,78.637152],[25.096934,78.624579],[25.073497,78.616095],[25.047984,78.610907],[24.678599,78.630805],[24.539439,78.614203],[24.532603,78.614569],[24.526744,78.616584],[24.521373,78.62049],[24.516002,78.626532],[24.465099,78.710273],[24.45399,78.720587],[24.442638,78.7284],[24.390636,78.7508],[24.389171,78.751837],[24.387706,78.753607],[24.371471,78.792426],[24.368297,78.797309],[24.366588,78.798774],[24.364268,78.799933],[24.361827,78.800666],[24.359141,78.801032],[24.326671,78.797309],[24.321178,78.797919],[24.318614,78.798774],[24.317027,78.799933],[24.31544,78.801825],[24.313975,78.804328],[24.300304,78.841071],[24.298473,78.843634],[24.296641,78.845526],[24.294566,78.846808],[24.240001,78.861396],[24.19044,78.863776],[24.08192,78.850775],[24.071056,78.852607],[24.062511,78.857367],[24.056407,78.865729],[24.052989,78.878302],[24.054576,78.918769],[24.057872,78.925544],[24.065318,78.932196],[24.076427,78.938666],[24.537329,79.010496],[24.998232,79.082325],[25.459134,79.154155],[25.920037,79.225985],[26.38094,79.297814],[26.841842,79.369644],[27.302745,79.441474],[27.374889,79.47248],[27.512462,79.556342],[27.586436,79.58631],[27.639415,79.595649],[27.902293,79.593756],[28.165172,79.591864],[28.270152,79.63703],[28.326549,79.642524],[28.428844,79.63111],[28.435313,79.632514],[28.441173,79.634955],[28.446544,79.6388],[28.448253,79.640937],[28.449351,79.643927],[28.449962,79.64765],[28.445689,79.707892],[28.446544,79.710761],[28.447765,79.712287],[28.449718,79.713629],[28.487071,79.727423],[28.49232,79.73078],[28.493907,79.732733],[28.49464,79.734809],[28.495006,79.753546],[28.486583,79.791388],[28.404552,79.933173],[28.392955,79.962409],[28.391124,79.975653],[28.393077,79.987799],[28.39857,79.998786],[28.664989,80.029639],[28.931407,80.060492],[28.943492,80.064826],[28.947765,80.067572],[28.950572,80.070807],[28.961558,80.09339],[28.965343,80.113593],[28.962901,80.131659],[28.955089,80.147956],[28.943126,80.162726],[28.828868,80.248908],[28.820567,80.262336],[28.817393,80.276923],[28.820323,80.292975],[28.830577,80.310736],[28.837291,80.318305],[28.844249,80.32392],[28.851451,80.327765],[28.859019,80.330146],[28.86671,80.331183],[28.882579,80.330024],[28.94398,80.311408],[29.080699,80.312384],[29.149913,80.32508],[29.177501,80.336432],[29.202403,80.35163],[29.312022,80.465949],[29.317149,80.478339],[29.318004,80.483893],[29.317882,80.489142],[29.316539,80.493964],[29.31422,80.498542],[29.310557,80.502753],[29.293224,80.512946],[29.2671,80.518744],[29.233653,80.520941],[28.867198,80.492255],[28.798595,80.498481],[28.775401,80.507453],[28.761363,80.521369],[28.757945,80.540839],[28.925426,80.580512],[28.944835,80.593146],[28.950694,80.600043],[28.953868,80.607245],[28.95399,80.614814],[28.950572,80.622748],[28.945811,80.627265],[28.937266,80.631598],[28.629283,80.652411],[28.3213,80.673224],[28.122569,80.645697],[28.110606,80.646796],[28.099986,80.650519],[28.090465,80.655951],[28.07484,80.670844],[28.02589,80.755866],[28.010265,80.775336],[27.990733,80.790778],[27.64265,80.850775],[27.294566,80.910773],[27.174693,80.958747],[27.03065,80.982795],[27.011851,80.992316],[26.998546,81.003119],[26.974254,81.036322],[26.965221,81.045172],[26.959483,81.048712],[26.952647,81.05152],[26.934581,81.054755],[26.934459,81.054206],[26.886607,81.006781],[26.871837,81.002875],[26.733653,80.995246],[26.616344,81.008246],[26.609996,81.010871],[26.536143,81.07331],[26.526622,81.078803],[26.513072,81.082221],[26.420787,81.076972],[26.406749,81.078803],[26.384776,81.085517],[26.368785,81.093512],[26.332652,81.123542],[26.328258,81.125495],[26.323253,81.126715],[26.317393,81.127204],[26.30482,81.125739],[26.295421,81.122016],[26.291759,81.119513],[26.285899,81.113532],[26.269176,81.084906],[26.262584,81.078803],[26.244884,81.068183],[26.203136,81.054572],[26.155894,81.049628],[26.056041,81.059149],[25.969249,81.083197],[25.924815,81.104071],[25.878917,81.150336],[25.878551,81.150763],[25.869884,81.151129],[25.861095,81.150092],[25.842784,81.144477],[25.768565,81.107123],[25.751109,81.102362],[25.742686,81.101874],[25.73463,81.10279],[25.734874,81.103095],[25.734141,81.104438],[25.662608,81.171271],[25.644664,81.182196],[25.636974,81.184882],[25.630015,81.185981],[25.616222,81.184638],[25.581065,81.176154],[25.140758,81.198188],[25.038585,81.222785],[25.01002,81.237006],[24.987804,81.252265],[24.929698,81.307074],[24.914073,81.314887],[24.894664,81.318793],[24.894542,81.318183],[24.824718,81.271918],[24.789561,81.257148],[24.736339,81.247565],[24.639415,81.249274],[24.590221,81.259955],[24.386974,81.368232],[24.383678,81.368781],[24.380626,81.368476],[24.378184,81.367499],[24.375987,81.365912],[24.374156,81.363837],[24.372569,81.361457],[24.37025,81.356024],[24.366954,81.343207],[24.366588,81.34278],[24.359019,81.341376],[24.342784,81.334601],[24.224864,81.264167],[24.160777,81.243842],[24.109264,81.242255],[24.028331,81.251899],[24.013194,81.249579],[24.006602,81.246772],[23.999644,81.241828],[23.993297,81.235175],[23.953502,81.154486],[23.942149,81.138068],[23.935557,81.132025],[23.928111,81.127997],[23.91981,81.126105],[23.910655,81.126776],[23.893443,81.132025],[23.879893,81.139655],[23.869395,81.149359],[23.861583,81.160834],[23.856212,81.173774],[23.838512,81.290229],[23.833018,81.301581],[23.825206,81.311225],[23.814586,81.318793],[23.798839,81.325934],[23.785167,81.329413],[23.77357,81.329535],[23.763438,81.326911],[23.754527,81.321967],[23.746471,81.315192],[23.714122,81.278571],[23.692393,81.261176],[23.678844,81.25434],[23.662974,81.249335],[23.64442,81.246711],[23.604625,81.24903],[23.575572,81.25849],[23.55421,81.272528],[23.509044,81.322577],[23.491588,81.335028],[23.48109,81.339301],[23.468883,81.341986],[23.4546,81.34278],[23.453258,81.341986],[23.408458,81.272528],[23.406627,81.270758],[23.371715,81.251715],[23.354991,81.246772],[23.338756,81.244452],[23.307262,81.246161],[23.166637,81.294745],[23.148692,81.295111],[23.020274,81.271735],[22.626842,81.276414],[22.233409,81.281094],[21.839976,81.285773],[21.693858,81.200568],[21.630504,81.17475],[21.186534,81.162757],[20.742564,81.150763],[20.298595,81.13877],[19.854625,81.126776],[19.686534,81.150763],[19.422618,81.10279],[19.295665,81.126105],[19.254527,81.126776],[19.212779,81.114264],[19.086681,81.054755],[18.834666,81.042762],[18.582652,81.030768],[18.294688,80.934821],[18.006663,80.922797],[17.718639,80.910773],[17.696056,80.902777],[17.508067,80.800971],[17.431895,80.780951],[17.003307,80.742784],[16.574718,80.704617],[16.146129,80.666449],[16.128917,80.65589],[16.122325,80.649298],[16.117076,80.641669],[16.11317,80.632819],[16.110606,80.622748],[16.110728,80.619818],[16.112559,80.616461],[16.115489,80.612982],[16.1244,80.605597],[16.399852,80.490973],[16.675304,80.376349],[16.799937,80.279914],[16.834239,80.261542],[16.942515,80.241156],[17.046519,80.190802],[17.264171,80.174811],[17.478526,80.094794],[17.496226,80.09571],[17.588145,80.120551],[17.605724,80.121649],[17.622569,80.118781],[17.62733,80.116339],[17.731944,80.0362],[17.742076,80.020819],[17.747081,80.006659],[17.747325,79.993842],[17.743053,79.982367],[17.734996,79.972235],[17.723277,79.963629],[17.690807,79.950812],[17.649058,79.94422],[17.239818,80.019507],[16.830577,80.094794],[16.82899,80.095954],[16.827403,80.097846],[16.814098,80.134162],[16.81068,80.139716],[16.808726,80.141608],[16.806651,80.142768],[16.690684,80.167731],[16.526744,80.179145],[16.458751,80.195014],[16.309337,80.279364],[16.288097,80.285834],[16.278575,80.286811],[16.264537,80.28559],[16.252452,80.28205],[16.241832,80.276435],[16.180919,80.22486],[16.150157,80.210822],[16.107921,80.204108],[16.050426,80.207892],[16.003551,80.218512],[15.982188,80.232367],[15.858165,80.37519],[15.836192,80.387946],[15.600719,80.433173],[15.58961,80.440009],[15.546031,80.481024],[15.518687,80.499457],[15.484386,80.509711],[15.374034,80.524115],[15.360606,80.529547],[15.276744,80.596076],[15.099986,80.634162],[15.084972,80.641669],[15.037608,80.685431],[15.010631,80.703131],[14.974864,80.713507],[14.921031,80.71955],[14.893443,80.717963],[14.711558,80.673102],[14.342784,80.671668],[13.97401,80.670233],[13.699107,80.60755],[13.686656,80.598761],[13.678722,80.589362],[13.673106,80.57923],[13.669078,80.568366],[13.656993,80.474677],[13.652599,80.46424],[13.646617,80.454413],[13.63856,80.445502],[13.628062,80.437567],[13.614635,80.430793],[13.593516,80.423957],[13.48109,80.416449],[13.032603,80.455329],[12.571544,80.427191],[12.420421,80.342719],[12.399669,80.335883],[12.390636,80.334784],[12.384898,80.335028],[12.379893,80.336127],[12.375499,80.337897],[12.371837,80.340216],[12.368541,80.343146],[12.363292,80.350165],[12.351085,80.373908],[12.345836,80.380316],[12.342662,80.382758],[12.320567,80.392646],[12.125133,80.425177],[12.031261,80.417975],[11.955089,80.393134],[11.776622,80.301947],[11.755504,80.297553],[11.732188,80.297431],[11.42213,80.381842],[11.406505,80.382758],[11.391124,80.379767],[11.280284,80.318366],[11.230113,80.301703],[11.133556,80.292792],[11.117442,80.288153],[11.110606,80.284125],[11.104625,80.278754],[11.099132,80.271674],[11.094615,80.262763],[11.08839,80.241584],[11.087657,80.221808],[11.091685,80.203315],[11.099498,80.185858],[11.123668,80.154059],[11.209361,80.073432],[11.217418,80.06092],[11.221446,80.048407],[11.220714,80.035712],[11.21461,80.022773],[11.206187,80.015448],[11.192515,80.009467],[10.774547,79.972602],[10.648326,79.90644],[10.371776,79.816718],[10.095225,79.726996],[9.930675,79.713629],[9.761241,79.641791],[9.54835,79.618109],[9.353526,79.54505],[9.082164,79.534705],[8.810802,79.524359],[8.543468,79.460456],[8.450816,79.412909],[8.421764,79.387885],[8.412608,79.375312],[8.407359,79.362982],[8.406627,79.350775],[8.409801,79.341376],[8.416881,79.332587],[8.427135,79.324286],[8.617076,79.258368],[8.742686,79.158759],[8.759776,79.153571],[8.899181,79.138373],[8.910655,79.134833],[8.913585,79.132086],[8.916026,79.127875],[8.934581,79.044623],[8.944347,79.028022],[8.950816,79.02088],[8.958629,79.014777],[8.960826,79.013556],[9.043834,78.987433],[9.074229,78.984442],[9.501414,79.003241],[9.928599,79.02204],[10.051646,79.061469],[10.493541,79.075171],[10.935435,79.088874],[10.994762,79.078131],[11.01356,79.068427],[11.023204,79.055426],[11.022594,79.038764],[11.018321,79.030524],[11.011607,79.023932],[11.00294,79.018622],[10.992686,79.014716],[10.617839,78.983557],[10.242992,78.952399],[9.868144,78.921241],[9.493297,78.890082],[9.403331,78.849677],[9.150401,78.845404],[9.142833,78.842597],[9.136485,78.838019],[9.131114,78.831488],[9.126598,78.822821],[9.123057,78.801825],[9.131114,78.785102],[9.148692,78.77204],[9.174815,78.762213],[9.594493,78.753363],[9.606578,78.7508],[9.633189,78.733344],[9.637096,78.728461],[9.639171,78.723822],[9.639659,78.719245],[9.639049,78.714667],[9.63026,78.694159],[9.626964,78.680915],[9.62672,78.673224],[9.64442,78.598944],[9.648448,78.591315],[9.654674,78.58277],[9.661021,78.576239],[9.687755,78.558234],[9.693614,78.552497],[9.698619,78.544928],[9.702647,78.534796],[9.706554,78.510932],[9.706065,78.501044],[9.704356,78.492316],[9.685802,78.454657],[9.684337,78.449164],[9.684093,78.443488],[9.68568,78.437323],[9.688975,78.430609],[9.702647,78.414801],[10.064708,78.30268],[10.387645,78.298712],[10.710582,78.294745],[10.712413,78.295417],[10.782603,78.34278],[10.834239,78.359931],[10.876353,78.365363],[10.912608,78.36164],[11.118663,78.294745],[11.334605,78.294745],[11.349376,78.28852],[11.438243,78.207709],[11.4546,78.198798],[11.459727,78.197211],[11.471934,78.19599],[11.587169,78.200629],[11.621837,78.191596],[11.67921,78.16236],[11.710216,78.152045],[11.96284,78.150153],[12.215465,78.148261],[12.222667,78.150763],[12.23878,78.16297],[12.248546,78.175055],[12.253184,78.187079],[12.253184,78.199042],[12.249278,78.210944],[12.242808,78.222785],[12.188365,78.293952],[12.184581,78.305976],[12.184459,78.318122],[12.188853,78.33039],[12.198619,78.34278],[12.206065,78.348517],[12.215953,78.353766],[12.242442,78.362982],[12.315684,78.375006],[12.402232,78.37696],[12.486583,78.366767],[12.520518,78.354682],[12.698741,78.211493],[12.726573,78.198798],[12.98878,78.179389],[13.000011,78.175482],[13.009898,78.174018],[13.032481,78.17414],[13.040782,78.175482],[13.040904,78.175544],[13.041759,78.175727],[13.041759,78.175849],[13.042125,78.17591],[13.042369,78.175971],[13.042491,78.175971],[13.042613,78.176093],[13.043101,78.176215],[13.063975,78.174933],[13.19398,78.197577],[13.22401,78.196906],[13.286388,78.18244],[13.631724,78.176703],[13.673717,78.168524],[13.689464,78.161628],[13.701305,78.152533],[13.708507,78.141059],[13.710582,78.126776],[13.710094,78.124701],[13.708629,78.122504],[13.706432,78.120368],[13.703502,78.11817],[13.685313,78.109381],[13.63148,78.093024],[13.614024,78.093329],[13.604381,78.091986],[13.579112,78.083869],[13.573619,78.080024],[13.567393,78.078864],[13.567027,78.078864],[13.566905,78.078803],[13.290782,78.066779],[13.014659,78.054755],[12.798595,78.006781],[12.397136,78.009986],[11.995677,78.01319],[11.594218,78.016394],[11.19276,78.019599],[10.950694,78.10279],[10.950938,78.10224],[10.950572,78.100653],[10.927257,78.055487],[10.926646,78.054755],[10.92335,78.053534],[10.906505,78.051642],[10.489146,78.102301],[10.371226,78.061408],[10.314952,78.054511],[10.002452,78.103461],[9.812511,78.105048],[9.651378,78.164069],[9.619884,78.166205],[9.605846,78.163886],[9.593394,78.158881],[9.582652,78.150763],[9.569102,78.13288],[9.563975,78.115058],[9.566173,78.097357],[9.574351,78.080085],[9.587657,78.063422],[9.625011,78.032111],[9.763682,77.958136],[9.761974,77.957099],[9.769664,77.956916],[9.775645,77.957587],[9.780284,77.959052],[9.784068,77.961005],[9.796886,77.970771],[9.801646,77.972724],[9.80775,77.974005],[9.825328,77.974066],[9.894664,77.958808],[10.062511,77.886786],[10.206676,77.886786],[10.614513,77.76673],[10.742564,77.766242],[11.046641,77.814765],[11.357066,77.796698],[11.667491,77.778632],[11.715831,77.764716],[11.732188,77.754828],[11.742686,77.742743],[11.746959,77.73194],[11.748668,77.720954],[11.74818,77.709906],[11.74586,77.699042],[11.708385,77.622321],[11.707286,77.61518],[11.708507,77.608832],[11.712047,77.603339],[11.718639,77.598761],[11.721446,77.599677],[12.056529,77.610175],[12.070811,77.605292],[12.078624,77.598761],[12.082652,77.584174],[12.078136,77.570746],[12.066783,77.558234],[12.027232,77.535468],[11.812511,77.449042],[11.798228,77.436042],[11.79066,77.422003],[11.79066,77.406745],[11.798961,77.386176],[11.811168,77.371588],[11.826671,77.362311],[11.845103,77.35755],[11.889293,77.35871],[12.05067,77.3935],[12.103526,77.395453],[12.12794,77.391364],[12.150645,77.382819],[12.15443,77.379279],[12.156627,77.373725],[12.157237,77.366461],[12.139171,77.259223],[12.141368,77.235053],[12.14503,77.224311],[12.150645,77.214789],[12.154674,77.211615],[12.161632,77.208747],[12.318614,77.190741],[12.319591,77.192511],[12.318614,77.310797],[12.31422,77.319037],[12.308482,77.324897],[12.30189,77.328864],[12.29481,77.331366],[12.251109,77.335761],[12.246104,77.338446],[12.242442,77.342658],[12.240611,77.348761],[12.240489,77.357306],[12.246593,77.382819],[12.254161,77.395392],[12.267345,77.406745],[12.307872,77.425727],[12.496226,77.456671],[12.701549,77.450568],[12.848399,77.407294],[12.870616,77.406745],[12.888805,77.410346],[12.904185,77.41706],[12.955821,77.45069],[12.971568,77.454779],[12.990611,77.454779],[12.993175,77.454169],[13.094005,77.404853],[13.163951,77.398505],[13.179942,77.393256],[13.187022,77.389106],[13.193248,77.383734],[13.198863,77.377021],[13.203258,77.36872],[13.206676,77.358771],[13.207042,77.340949],[13.199718,77.322882],[13.185802,77.304694],[13.166148,77.286566],[13.048595,77.218634],[12.822642,77.142768],[12.631358,77.149543],[12.611217,77.145819],[12.606578,77.142768],[12.601085,77.133979],[12.598277,77.126532],[12.598155,77.120368],[12.600108,77.115241],[12.603892,77.11109],[12.609386,77.107856],[12.616099,77.105292],[12.675304,77.096381],[12.678599,77.094794],[12.682628,77.091193],[12.688487,77.082465],[12.704112,77.040351],[12.710826,77.031623],[12.715099,77.028083],[12.720348,77.025092],[12.726573,77.022773],[12.773692,77.015204],[12.871349,77.02558],[13.158214,77.101508],[13.373302,77.11579],[13.450694,77.106147],[13.462535,77.101081],[13.470592,77.094794],[13.47047,77.091986],[13.466807,77.08747],[13.348521,76.990546],[13.332042,76.969245],[13.327647,76.959601],[13.326671,76.950812],[13.329478,76.935065],[13.331554,76.929999],[13.334239,76.926642],[13.337291,76.924384],[13.341197,76.923224],[13.379527,76.920722],[13.399058,76.914862],[13.515391,76.845771],[13.926646,76.686774],[13.945933,76.684638],[14.07606,76.691352],[14.094615,76.686774],[14.099376,76.684272],[14.104625,76.680243],[14.166392,76.615058],[14.211925,76.57984],[14.238536,76.566779],[14.283458,76.553961],[14.330089,76.548102],[14.598643,76.566779],[14.838634,76.518805],[14.841075,76.519294],[14.843516,76.520392],[14.872081,76.538886],[14.882701,76.542548],[14.895518,76.544074],[14.910655,76.542792],[14.91627,76.541083],[14.92213,76.538398],[14.993907,76.476142],[15.006602,76.470771],[15.029307,76.466986],[15.158458,76.474372],[15.174571,76.470771],[15.36439,76.35932],[15.390636,76.350775],[15.637462,76.338019],[15.774669,76.350775],[15.801402,76.344672],[15.81544,76.338813],[15.819347,76.335822],[15.821666,76.332709],[15.82838,76.31745],[15.832286,76.312567],[15.83839,76.307196],[15.858775,76.294501],[15.931529,76.267401],[16.023692,76.262152],[16.029307,76.260932],[16.03358,76.258429],[16.036632,76.254523],[16.038585,76.248847],[16.039195,76.240973],[16.03773,76.226325],[16.036021,76.221747],[16.033336,76.217108],[16.025157,76.207709],[16.012706,76.198127],[15.973643,76.179511],[15.913219,76.162543],[15.617076,76.143531],[15.320933,76.124518],[15.049815,76.057563],[15.003917,76.032904],[14.989635,76.019477],[14.982188,76.005439],[14.982677,75.99079],[14.986095,75.9831],[14.991222,75.977179],[14.997569,75.972846],[15.005138,75.969794],[15.013927,75.967841],[15.13734,75.96894],[15.206432,75.952826],[15.243297,75.937934],[15.260753,75.92713],[15.270274,75.923102],[15.284557,75.919989],[15.687511,75.915473],[15.708995,75.908637],[15.726451,75.898749],[15.739268,75.885504],[15.747569,75.868354],[15.750621,75.846808],[15.748668,75.83869],[15.742686,75.831],[15.733165,75.823676],[15.688487,75.803534],[15.305919,75.703498],[15.278087,75.686042],[15.266856,75.674994],[15.257701,75.662299],[15.250865,75.647589],[15.246593,75.630805],[15.247081,75.627997],[15.390636,75.438788],[15.404307,75.429816],[15.439952,75.416205],[15.617442,75.376593],[15.651378,75.35932],[15.663951,75.348029],[15.673228,75.334662],[15.678599,75.318793],[15.680064,75.302314],[15.679332,75.296393],[15.677623,75.291815],[15.675304,75.288336],[15.672252,75.285712],[15.66859,75.283942],[15.63795,75.276679],[15.634044,75.274176],[15.630626,75.270819],[15.615367,75.247931],[15.606456,75.225775],[15.60316,75.204352],[15.604869,75.183905],[15.610973,75.164496],[15.620982,75.146247],[15.634288,75.12934],[15.667979,75.099799],[15.707408,75.07685],[15.747447,75.061469],[15.78358,75.054694],[15.798595,75.054755],[15.801402,75.055426],[15.846934,75.078803],[15.861461,75.082099],[15.877452,75.082465],[15.894542,75.078742],[15.912852,75.070319],[15.928722,75.059027],[15.990733,74.982795],[16.011119,74.966986],[16.021739,74.961982],[16.044566,74.956732],[16.20753,74.961127],[16.411388,74.911444],[16.497203,74.913581],[16.714732,74.957465],[16.765147,74.957587],[16.891734,74.935431],[17.084361,74.933173],[17.129893,74.944709],[17.274303,75.004706],[17.296397,75.007514],[17.422862,74.984565],[17.464854,74.98371],[17.608287,75.02619],[17.658946,75.030585],[17.775035,75.006598],[17.786143,75.005927],[17.79066,75.00672],[17.795421,75.008979],[17.798961,75.012091],[17.80128,75.016181],[17.802745,75.020941],[17.806651,75.060126],[17.811656,75.074958],[17.815929,75.082282],[17.821666,75.089423],[17.829112,75.096259],[17.838512,75.102729],[17.872935,75.119208],[17.905162,75.127265],[17.935313,75.128241],[17.963512,75.123664],[17.989513,75.115058],[18.143932,75.035956],[18.150645,75.030768],[18.153575,75.026557],[18.180919,74.93122],[18.193614,74.910773],[18.211436,74.893622],[18.222545,74.886725],[18.538463,74.84455],[18.592906,74.826239],[18.610362,74.814521],[18.619395,74.800788],[18.618541,74.78498],[18.6067,74.766791],[18.603038,74.768317],[18.150645,74.766791],[18.1421,74.761481],[18.133433,74.753119],[18.057384,74.63703],[18.034557,74.612799],[18.022472,74.604254],[18.009898,74.5987],[17.996593,74.596747],[17.96754,74.600592],[17.954356,74.599494],[17.940684,74.595771],[17.927867,74.588568],[17.92213,74.583503],[17.917247,74.577338],[17.913219,74.569953],[17.910411,74.561347],[17.908946,74.551337],[17.910533,74.526801],[17.917857,74.503852],[17.930064,74.485297],[17.946056,74.470526],[17.965221,74.458686],[18.127086,74.405158],[18.14503,74.393561],[18.159557,74.378974],[18.16981,74.360785],[18.175059,74.338263],[18.174571,74.310736],[18.169932,74.298041],[18.159434,74.285834],[18.124156,74.262641],[17.879405,74.162299],[17.868175,74.152594],[17.862559,74.142768],[17.86317,74.133307],[17.868175,74.121405],[17.889415,74.091925],[18.078624,73.926764],[18.095958,73.922492],[18.270518,73.926764],[18.299449,73.918158],[18.440929,73.836737],[18.462535,73.830756],[18.790965,73.840491],[19.119395,73.850226],[19.193248,73.863166],[19.388316,73.945746],[19.422618,73.950751],[19.441661,73.949897],[19.566905,73.907538],[19.645396,73.899054],[20.13026,73.927802],[20.477794,73.897834],[20.502696,73.902777],[20.516002,73.909247],[20.520763,73.913031],[20.524303,73.917304],[20.52711,73.922003],[20.538585,73.973395],[20.545421,73.989936],[20.565196,74.018866],[20.587535,74.041449],[20.612559,74.058417],[20.639659,74.069159],[20.674083,74.07453],[20.718761,74.072577],[20.752208,74.062384],[20.796886,74.038275],[20.805431,74.035285],[20.813731,74.03498],[20.822154,74.037787],[20.830821,74.044501],[20.840099,74.055854],[20.891734,74.140998],[20.924937,74.172553],[20.961803,74.191962],[21.002574,74.201606],[21.280589,74.196173],[21.558604,74.190741],[21.846568,74.262763],[22.062511,74.238776],[22.52652,74.310767],[22.99053,74.382758],[23.454539,74.454749],[23.918549,74.52674],[24.382559,74.598731],[24.846568,74.670722],[24.847911,74.671759],[24.849376,74.673529],[24.869151,74.717292],[24.870616,74.718756],[24.878673,74.723578],[24.935191,74.738715],[24.942638,74.742743],[24.975719,74.779364],[24.990611,74.790717],[25.008189,74.798346],[25.043101,74.806769],[25.241099,74.914374],[25.302623,74.93476],[25.320079,74.936835],[25.431407,74.930487],[25.446544,74.93476],[25.465831,74.945624],[25.614635,75.078742],[25.626231,75.083808],[25.719737,75.096625],[25.73463,75.102729],[25.90919,75.229071],[25.94044,75.241278],[25.97462,75.246772],[25.981456,75.245917],[25.989146,75.243048],[26.108531,75.165778],[26.137462,75.154853],[26.166759,75.150763],[26.175914,75.151618],[26.185435,75.153998],[26.205211,75.162787],[26.358653,75.270819],[26.478648,75.318793],[26.574596,75.390753],[26.596934,75.398566],[26.706309,75.409247],[26.718639,75.41474],[26.86024,75.568183],[26.895396,75.591254],[26.934581,75.606757],[26.969249,75.613349],[26.998668,75.614203],[27.150645,75.582709],[27.414561,75.630805],[27.630626,75.606757],[27.664683,75.612677],[27.696544,75.628363],[27.840221,75.659796],[27.994151,75.667914],[28.00587,75.672431],[28.014903,75.678656],[28.020518,75.686835],[28.022594,75.697455],[28.020885,75.710639],[28.014659,75.726752],[28.008433,75.735419],[27.999766,75.74195],[27.988658,75.746649],[27.97523,75.749701],[27.702647,75.7508],[27.57484,75.791999],[27.534679,75.798712],[27.496715,75.796942],[27.429454,75.779853],[27.423106,75.779364],[27.417369,75.780646],[27.412364,75.784064],[27.407848,75.789984],[27.403697,75.798835],[27.386363,75.859381],[27.379527,75.86994],[27.370616,75.878607],[27.35963,75.885565],[27.347057,75.891181],[27.187999,75.914862],[27.119762,75.940375],[27.083995,75.961493],[27.070567,75.974189],[27.060802,75.988715],[27.057628,75.996772],[27.055553,76.0055],[27.054576,76.014716],[27.059215,76.038275],[27.073375,76.059272],[27.095958,76.077704],[27.125743,76.093756],[27.2942,76.135932],[27.486827,76.147589],[27.630626,76.134772],[27.643687,76.129584],[27.774669,76.038764],[27.942638,75.966742],[27.943858,75.965155],[27.944591,75.963019],[27.944957,75.960395],[27.94044,75.925421],[27.940807,75.922797],[27.941417,75.920539],[27.942638,75.918769],[27.944224,75.917731],[27.946422,75.91706],[27.949229,75.916815],[27.984752,75.921088],[27.987315,75.920722],[27.989268,75.919989],[27.990733,75.918769],[27.994884,75.911566],[27.997569,75.904547],[27.999156,75.897711],[27.99879,75.863593],[27.999766,75.859442],[28.001842,75.85578],[28.005382,75.852668],[28.010509,75.850165],[28.017589,75.848395],[28.038585,75.846808],[28.049693,75.848029],[28.056651,75.851752],[28.060069,75.85755],[28.06068,75.865241],[28.058726,75.874457],[28.012706,75.967231],[28.010631,75.97663],[28.011119,75.984626],[28.014659,75.99079],[28.030894,76.003424],[28.049205,76.010932],[28.06898,76.013983],[28.090221,76.012946],[28.112682,76.008551],[28.334605,75.899726],[28.386974,75.887702],[28.443614,75.884223],[28.465221,75.887274],[28.482921,75.89289],[28.497691,75.900946],[28.51002,75.910956],[28.56776,75.995612],[28.595958,76.025214],[28.621959,76.042792],[28.741099,76.075507],[28.754283,76.082587],[28.758678,76.086737],[28.764293,76.094977],[28.7671,76.102607],[28.767467,76.109931],[28.766124,76.117011],[28.737804,76.161689],[28.729869,76.180609],[28.727916,76.191352],[28.727916,76.203253],[28.729991,76.216315],[28.73463,76.23078],[28.738048,76.235419],[28.744395,76.240912],[29.066295,76.389106],[29.090709,76.408393],[29.098277,76.418219],[29.101939,76.427924],[29.100841,76.437506],[29.094615,76.446784],[29.080577,76.455207],[29.061534,76.457953],[29.038463,76.456],[28.784923,76.374762],[28.726085,76.368659],[28.70106,76.372565],[28.679576,76.382331],[28.662608,76.398749],[28.658824,76.405219],[28.657115,76.411566],[28.656993,76.41767],[28.658458,76.423529],[28.661143,76.429206],[28.664806,76.434577],[28.674449,76.444525],[28.710582,76.470771],[28.736217,76.511542],[28.756236,76.559577],[28.793468,76.732001],[28.801402,76.7508],[28.814586,76.768256],[28.830577,76.782233],[28.846446,76.790778],[28.862071,76.795233],[28.906627,76.800055],[28.920177,76.803717],[28.954112,76.823432],[28.991832,76.853278],[29.00294,76.866767],[29.009532,76.87934],[29.012096,76.891303],[29.011241,76.902716],[29.007335,76.913581],[29.000987,76.92414],[28.884654,77.054694],[28.86439,77.093085],[28.861461,77.106452],[28.862682,77.1164],[28.867808,77.123114],[28.876475,77.127082],[28.888194,77.128607],[28.9192,77.12519],[29.182506,77.023993],[29.201915,77.022589],[29.225597,77.026068],[29.337291,77.06861],[29.352428,77.071357],[29.358653,77.070746],[29.359019,77.070258],[29.382579,77.022773],[29.403941,77.007148],[29.45692,76.984809],[29.559337,76.957709],[29.574718,76.950812],[29.592784,76.93714],[29.678355,76.840644],[29.694591,76.830756],[29.894908,76.786811],[29.933849,76.785041],[29.950694,76.788642],[29.966807,76.795783],[29.982677,76.806769],[29.987926,76.813056],[29.991588,76.821845],[30.008556,76.926337],[30.014171,76.936957],[30.021861,76.945624],[30.031749,76.951728],[30.044322,76.954962],[30.059947,76.954718],[30.078624,76.950812],[30.096568,76.943427],[30.110606,76.933295],[30.121349,76.920722],[30.129039,76.906073],[30.134532,76.88996],[30.149669,76.746222],[30.155284,76.732184],[30.163463,76.720221],[30.174571,76.710761],[30.177745,76.709479],[30.189098,76.707526],[30.278331,76.706366],[30.443736,76.732184],[30.495738,76.754401],[30.655162,76.866889],[30.733287,76.904731],[30.747569,76.906867],[30.839732,76.901496],[30.862437,76.907233],[30.886729,76.918708],[30.903697,76.931647],[30.924205,76.952704],[30.928355,76.955268],[30.932628,76.956244],[30.937389,76.955268],[30.942882,76.952155],[30.997569,76.897162],[31.03358,76.87641],[31.110606,76.854804],[31.132701,76.854438],[31.350719,76.902777],[31.36378,76.901068],[31.49464,76.854804],[31.662608,76.854804],[31.830699,76.806769],[32.190684,76.806769],[32.334605,76.758795],[32.598643,76.734809],[32.604137,76.732245],[32.670543,76.686774],[32.776622,76.666754],[32.957774,76.595649],[33.440196,76.558173],[33.641124,76.492987],[33.730724,76.483649],[33.82252,76.494757],[33.836681,76.500067],[33.847301,76.50727],[33.855601,76.516059],[33.884288,76.557196],[33.894542,76.566779],[33.931529,76.58869],[33.971934,76.601325],[34.015269,76.606024],[34.109019,76.597113],[34.408092,76.52204],[34.499522,76.51734],[34.541392,76.524909],[34.579967,76.540961],[34.62672,76.576911],[34.830699,76.652961],[35.166637,76.693885],[35.502574,76.734809],[35.862559,76.710761],[36.03065,76.758795],[36.342601,76.758795],[36.654552,76.758795],[36.676768,76.765631],[36.801768,76.847419],[36.822642,76.854804],[36.899425,76.866034],[36.97108,76.865424],[37.326671,76.782782],[37.470592,76.806769],[37.662486,76.806769],[37.902599,76.902777],[38.166637,76.878791],[38.200938,76.886115],[38.310557,76.926764],[38.712108,76.923407],[39.113658,76.92005],[39.311412,76.953925],[39.327769,76.954047],[39.342662,76.950812],[39.354747,76.945319],[39.358043,76.942816],[39.359874,76.940436],[39.360362,76.938117],[39.359874,76.935858],[39.358409,76.933478],[39.348399,76.922736],[39.344005,76.915961],[39.34254,76.911933],[39.342052,76.907599],[39.342662,76.902777],[39.34608,76.892707],[39.351573,76.881781],[39.389415,76.83277],[39.437755,76.787238],[39.476695,76.760443],[39.482799,76.758429],[39.486583,76.758795],[39.503917,76.77265],[39.513805,76.788886],[39.517223,76.807135],[39.515025,76.826911],[39.508067,76.847785],[39.483409,76.890937],[39.368541,77.01911],[39.366588,77.022773],[39.367198,77.022467],[39.657725,77.096137],[39.686412,77.111274],[39.695933,77.12049],[39.701427,77.130927],[39.702647,77.142768],[39.700328,77.151618],[39.695811,77.158515],[39.68922,77.163642],[39.680675,77.16706],[39.659312,77.170233],[39.55482,77.164069],[39.534557,77.166815],[39.533824,77.167548],[39.529185,77.175482],[39.512706,77.195197],[39.498057,77.206977],[39.477428,77.218695],[39.414683,77.238837],[39.293712,77.238593],[39.294566,77.238837],[39.292857,77.238593],[39.293712,77.238593],[39.262706,77.231269],[39.132701,77.178656],[39.052867,77.164496],[39.006602,77.166815],[38.988048,77.171698],[38.969859,77.180732],[38.890636,77.23725],[38.838634,77.262763],[38.670543,77.286811],[38.665782,77.289252],[38.656016,77.297858],[38.597057,77.36817],[38.582408,77.378852],[38.538585,77.394538],[38.417491,77.41175],[38.367808,77.409003],[38.349376,77.40351],[38.334849,77.395575],[38.324596,77.38581],[38.317393,77.374579],[38.292003,77.31861],[38.26234,77.28205],[38.238414,77.261176],[38.214976,77.247443],[38.191905,77.239997],[38.1692,77.238105],[38.146495,77.241034],[38.100963,77.257819],[37.956309,77.34101],[37.902599,77.358771],[37.42213,77.363715],[37.241099,77.425177],[37.180797,77.432502],[37.035289,77.42829],[36.992442,77.436347],[36.874522,77.494147],[36.617076,77.526313],[36.582164,77.536261],[36.569713,77.543219],[36.561168,77.551886],[36.557384,77.562323],[36.558604,77.574774],[36.563121,77.583441],[36.570567,77.590277],[36.580821,77.595587],[36.607799,77.601935],[36.766124,77.598212],[37.010142,77.667914],[37.014659,77.670783],[37.020763,77.678168],[37.024547,77.685248],[37.02589,77.691901],[37.025401,77.698249],[37.02296,77.704169],[37.01942,77.709784],[37.008922,77.719672],[36.966685,77.742743],[36.948985,77.757758],[36.93922,77.772101],[36.9369,77.785773],[36.941173,77.798774],[36.951305,77.810981],[36.966319,77.822455],[37.034434,77.851874],[37.254649,77.887458],[37.518932,77.86222],[37.783214,77.836982],[37.789073,77.835211],[37.793956,77.832282],[37.798106,77.827826],[37.80128,77.821784],[37.803844,77.813666],[37.806651,77.790778],[37.804088,77.784247],[37.796641,77.778388],[37.646617,77.733832],[37.612315,77.71778],[37.599864,77.708075],[37.591685,77.697089],[37.588267,77.68476],[37.590587,77.670783],[37.598643,77.658759],[37.612804,77.648383],[37.632701,77.639716],[37.686046,77.627387],[37.830577,77.621955],[37.990001,77.64112],[38.109019,77.677069],[38.226451,77.756537],[38.2494,77.764228],[38.277476,77.767768],[38.291881,77.766547],[38.394542,77.730841],[38.405406,77.729804],[38.416148,77.730902],[38.426402,77.734748],[38.43629,77.741645],[38.445689,77.752204],[38.458751,77.776252],[38.46107,77.785041],[38.461436,77.79328],[38.460338,77.800971],[38.457652,77.808173],[38.45338,77.815131],[38.447887,77.821845],[38.237437,77.956122],[38.143077,77.977851],[37.759532,77.973456],[37.725352,77.979315],[37.713023,77.984931],[37.704478,77.99256],[37.700938,78.00257],[37.702647,78.015204],[37.710582,78.030829],[37.717662,78.039618],[37.725841,78.046332],[37.734996,78.051154],[37.745372,78.054328],[37.97462,78.054755],[38.322581,78.126776],[38.670543,78.198798],[38.67213,78.199897],[38.675059,78.204169],[38.68922,78.240668],[38.69276,78.245429],[38.694591,78.246772],[38.709605,78.253974],[38.764537,78.271369],[38.845103,78.284613],[38.857555,78.290595],[38.862559,78.294745],[38.86964,78.302863],[38.878795,78.31745],[38.881236,78.324164],[38.882579,78.330634],[38.879283,78.385565],[38.882823,78.404242],[38.896617,78.435675],[38.908214,78.452582],[38.921275,78.465888],[38.935802,78.476081],[38.951915,78.483527],[39.235118,78.513983],[39.382945,78.573798],[39.43275,78.585761],[39.653087,78.597052],[39.712535,78.610297],[39.852061,78.706427],[39.90797,78.730963],[39.934215,78.735663],[40.056163,78.725531],[40.069713,78.729193],[40.084361,78.735907],[40.113292,78.754706],[40.155894,78.795111],[40.16859,78.816596],[40.173106,78.830329],[40.172496,78.840766],[40.167735,78.848273],[40.159557,78.853644],[40.081676,78.873969],[40.070933,78.88111],[40.062999,78.890937],[40.058482,78.90412],[40.058116,78.92121],[40.062633,78.942816],[40.06898,78.957648],[40.077647,78.969184],[40.088512,78.977729],[40.101085,78.983649],[40.131114,78.989386],[40.272349,78.984076],[40.302623,78.99079],[40.31068,78.994818],[40.318248,79.000434],[40.408458,79.09925],[40.436534,79.118781],[40.47047,79.134833],[40.481822,79.13758],[40.738109,79.145606],[40.994395,79.153632],[40.996715,79.152716],[40.997447,79.151679],[40.997691,79.150702],[40.998302,79.149482],[41.000255,79.148078],[41.012218,79.144782],[41.094615,79.134833],[41.1067,79.13288],[41.196544,79.101203],[41.204234,79.10102],[41.210582,79.103034],[41.215343,79.107611],[41.21815,79.114997],[41.219127,79.1258],[41.21461,79.158759],[41.213145,79.161811],[41.209972,79.164923],[41.205577,79.168158],[41.106944,79.202399]],[[44.161632,79.104132],[44.175548,79.065497],[44.186046,79.048835],[44.197887,79.036322],[44.211192,79.027594],[44.225597,79.022162],[44.241222,79.019599],[44.257701,79.019599],[44.410655,79.059149],[44.70637,79.077185],[45.002086,79.095221],[45.14088,79.134955],[45.161265,79.133368],[45.192149,79.126532],[45.35255,79.0633],[45.379283,79.043463],[45.387462,79.033637],[45.391368,79.024054],[45.390636,79.014777],[45.387096,79.010321],[45.380382,79.005988],[45.37086,79.001776],[45.202769,78.967231],[44.824351,78.969275],[44.445933,78.97132],[44.361583,78.956244],[44.343516,78.947272],[44.337779,78.942328],[44.334117,78.937262],[44.332408,78.932074],[44.332774,78.926825],[44.334849,78.921576],[44.338878,78.916449],[44.344493,78.911566],[44.360606,78.902411],[44.484386,78.874396],[44.500865,78.867987],[44.507701,78.863593],[44.513438,78.858222],[44.518321,78.85163],[44.522227,78.843634],[44.526622,78.822821],[44.524669,78.808295],[44.516124,78.796271],[44.502086,78.7862],[44.483531,78.777777],[44.33192,78.738105],[44.289317,78.719489],[44.273814,78.707343],[44.26356,78.692755],[44.25941,78.67536],[44.262584,78.654731],[44.276622,78.63172],[44.300304,78.616523],[44.33253,78.608344],[44.416637,78.609687],[44.783855,78.687873],[45.151073,78.766059],[45.518291,78.844245],[45.885509,78.922431],[45.894542,78.918769],[45.895763,78.917304],[45.896495,78.91474],[45.894542,78.846808],[45.899913,78.826789],[45.90797,78.811469],[45.919078,78.800544],[45.932628,78.793402],[45.948375,78.789801],[45.965953,78.78913],[46.005626,78.794867],[46.182628,78.846808],[46.518626,78.870795],[46.854625,78.894782],[46.87733,78.903022],[47.037608,79.004523],[47.070567,79.014777],[47.090343,79.017096],[47.219005,79.009223],[47.238536,79.014777],[47.261485,79.027167],[47.384532,79.144904],[47.406627,79.158759],[47.422252,79.165229],[47.567027,79.18714],[47.595836,79.196357],[47.606944,79.203315],[47.615611,79.212287],[47.621349,79.2237],[47.62379,79.237738],[47.622691,79.254767],[47.617686,79.269171],[47.608531,79.281195],[47.595348,79.291083],[47.578746,79.299018],[47.133108,79.360216],[46.68747,79.421413],[46.241832,79.482611],[45.796194,79.543809],[45.350556,79.605007],[44.904918,79.666205],[44.441173,79.641791],[44.430553,79.6388],[44.419444,79.632392],[44.330699,79.555182],[44.288463,79.53266],[44.154063,79.50019],[44.142589,79.494818],[43.957774,79.279853],[43.94984,79.264289],[43.947765,79.256293],[43.947154,79.248114],[43.948009,79.239691],[43.950694,79.23078],[43.952281,79.229621],[43.956065,79.228827],[44.111095,79.225165],[44.136241,79.216925],[44.144298,79.211615],[44.149913,79.205512],[44.153453,79.198554],[44.155406,79.190619],[44.161632,79.104132]],[[31.022349,79.563178],[31.073131,79.570441],[31.218761,79.565497],[31.454845,79.635199],[31.923798,79.680813],[32.392751,79.726426],[32.861705,79.77204],[33.018199,79.851142],[33.283336,79.886908],[33.442027,79.872565],[33.572154,79.832038],[34.030428,79.84056],[34.488702,79.849083],[34.946977,79.857606],[35.405251,79.866129],[35.863525,79.874651],[36.321799,79.883174],[36.780073,79.891697],[37.238347,79.900219],[37.696621,79.908742],[38.154896,79.917265],[38.61317,79.925788],[38.632335,79.929145],[38.660411,79.938544],[38.807628,80.015937],[38.831187,80.038886],[38.838023,80.049994],[38.840587,80.060675],[38.838634,80.070807],[38.832164,80.078131],[38.821544,80.08216],[38.790172,80.082648],[38.659434,80.065497],[38.61964,80.069159],[38.60316,80.075385],[38.589732,80.085334],[38.579967,80.099616],[38.574596,80.118781],[38.576305,80.122809],[38.581798,80.126899],[38.766612,80.166754],[38.809215,80.162665],[38.949229,80.11994],[39.190929,80.132453],[39.576854,80.210669],[39.962779,80.288886],[39.978526,80.29621],[39.984019,80.300482],[39.98817,80.305304],[39.990733,80.310736],[39.994151,80.327155],[39.99464,80.341132],[39.99232,80.353034],[39.987682,80.362921],[39.980968,80.371039],[39.972423,80.377692],[39.962657,80.383002],[39.876964,80.403754],[39.870616,80.406806],[39.774913,80.491461],[39.759166,80.499823],[39.664073,80.517096],[39.504649,80.509101],[39.492442,80.511786],[39.482188,80.516852],[39.473765,80.524665],[39.467296,80.535834],[39.462657,80.550788],[39.463023,80.557868],[39.46693,80.564887],[39.47401,80.571784],[39.563853,80.628302],[39.570201,80.636176],[39.573497,80.644294],[39.573009,80.652777],[39.56837,80.661566],[39.558604,80.670722],[39.552745,80.673651],[39.295055,80.703589],[39.037364,80.733527],[39.009288,80.747992],[38.998546,80.756781],[38.990245,80.76673],[38.984874,80.778083],[38.982677,80.790778],[38.98524,80.801276],[38.993663,80.811042],[39.210948,80.912909],[39.227306,80.927802],[39.239268,80.944281],[39.245982,80.96247],[39.246593,80.982795],[39.239146,81.005805],[39.224254,81.025519],[39.202281,81.042182],[39.141368,81.067694],[38.679698,81.130866],[38.658092,81.139594],[38.621104,81.168158],[38.603038,81.177619],[38.574596,81.186591],[38.486095,81.200507],[38.189708,81.186255],[37.893321,81.172003],[37.877696,81.165107],[37.865123,81.156684],[37.813487,81.107123],[37.769786,81.084357],[37.691539,81.06037],[37.608043,81.050727],[37.148184,81.063625],[36.688324,81.076524],[36.228465,81.089423],[35.768606,81.102322],[35.308747,81.11522],[34.848888,81.128119],[34.838512,81.132148],[34.787486,81.172065],[34.775035,81.178168],[34.65797,81.200446],[34.572887,81.245185],[34.555919,81.248542],[34.442393,81.243293],[34.428599,81.24494],[34.405772,81.254157],[34.37733,81.271003],[34.295299,81.342963],[34.273082,81.355963],[34.246349,81.364569],[34.21815,81.367011],[34.191295,81.363227],[34.038097,81.306098],[33.965587,81.291632],[33.52296,81.272284],[33.399181,81.292487],[33.011363,81.426276],[32.867442,81.439521],[32.551646,81.401953],[32.23585,81.364386],[32.152965,81.377265],[32.118541,81.390753],[32.108409,81.397406],[32.101573,81.405219],[32.097179,81.413886],[32.094859,81.423285],[32.094249,81.472846],[32.092418,81.481879],[32.088878,81.489936],[32.082774,81.497077],[32.073497,81.502875],[32.060924,81.50727],[32.022594,81.51081],[32.020396,81.510565],[32.018077,81.509772],[32.01295,81.507086],[32.007823,81.503363],[31.9994,81.494696],[31.997081,81.490851],[31.996715,81.489325],[31.996715,81.488044],[31.997325,81.487189],[31.998668,81.486762],[31.995616,81.486151],[31.854625,81.41474],[31.436442,81.428611],[31.01826,81.442481],[30.600078,81.456351],[30.181895,81.470221],[30.136119,81.457709],[30.114513,81.445624],[30.100352,81.431037],[30.068858,81.37519],[30.05128,81.3534],[30.024425,81.330573],[29.997569,81.31391],[29.97877,81.307318],[29.870006,81.297736],[29.845225,81.286139],[29.792491,81.251288],[29.774181,81.23194],[29.759288,81.210273],[29.73585,81.156134],[29.694835,81.001288],[29.695689,80.99079],[29.698497,80.982733],[29.703258,80.976691],[29.709972,80.972419],[29.718761,80.969428],[29.856822,80.949225],[29.908336,80.928229],[30.020885,80.848761],[30.066661,80.795295],[30.094981,80.77143],[30.107921,80.764289],[30.202281,80.747992],[30.340709,80.688178],[30.427013,80.627814],[30.459483,80.593817],[30.48109,80.558051],[30.486827,80.539862],[30.48878,80.521369],[30.486583,80.502753],[30.475352,80.470038],[30.459727,80.445746],[30.440196,80.428778],[30.417369,80.417975],[30.392223,80.412421],[30.364879,80.410834],[30.196788,80.427008],[30.173961,80.423896],[30.154185,80.416205],[30.138194,80.402838],[30.12672,80.382758],[30.119884,80.35279],[30.123668,80.327277],[30.136729,80.305854],[30.157481,80.28797],[30.216807,80.261237],[30.489268,80.20838],[30.504283,80.200507],[30.510631,80.190802],[30.510997,80.172065],[30.507213,80.15644],[30.499522,80.143683],[30.48878,80.133307],[30.474986,80.125128],[30.440929,80.113471],[30.319347,80.091742],[30.284679,80.079535],[30.248912,80.052863],[30.222545,80.02265],[30.216197,80.010077],[30.213023,79.998603],[30.213634,79.95069],[30.21046,79.941107],[30.20399,79.930915],[30.19337,79.919867],[30.177501,79.90766],[30.12672,79.878791],[30.083751,79.863105],[29.982677,79.854804],[29.619151,79.814643],[29.569713,79.796881],[29.554942,79.785834],[29.548228,79.773139],[29.55067,79.758795],[29.562266,79.748603],[29.584727,79.741095],[29.845897,79.735266],[30.107066,79.729438],[30.162364,79.719306],[30.174571,79.710761],[30.17982,79.697882],[30.178599,79.685981],[30.171886,79.674872],[30.160533,79.664374],[30.049205,79.604071],[30.017589,79.58039],[30.006969,79.567084],[30.000865,79.552497],[30.000499,79.536444],[30.006724,79.518744],[30.022227,79.503669],[30.050914,79.4914],[30.090709,79.481818],[30.485606,79.492865],[30.880504,79.503913],[31.022349,79.563178]],[[53.399791,79.105719],[53.876964,79.083808],[53.886607,79.086737],[53.892955,79.092475],[53.895885,79.099372],[53.895518,79.107245],[53.892711,79.11579],[53.816539,79.215399],[53.81422,79.223578],[53.814586,79.23078],[53.817149,79.235114],[53.822154,79.239936],[53.958629,79.302741],[54.015758,79.313666],[54.178966,79.318793],[54.189342,79.321906],[54.197276,79.327033],[54.202159,79.334418],[54.204234,79.344489],[54.203014,79.357856],[54.198619,79.374762],[54.194835,79.380927],[54.188365,79.385993],[54.179332,79.390021],[54.168224,79.393256],[53.807791,79.407009],[53.447358,79.420762],[53.086925,79.434516],[53.071056,79.429328],[53.056651,79.42121],[53.0442,79.409674],[53.033946,79.394416],[53.026622,79.374945],[53.022594,79.350775],[53.023204,79.339301],[53.026622,79.330085],[53.03297,79.32276],[53.041515,79.317206],[53.052135,79.313239],[53.077403,79.308783],[53.182872,79.305365],[53.190562,79.302741],[53.195567,79.299811],[53.362437,79.12226],[53.375377,79.113959],[53.399791,79.105719]],[[57.750499,78.486762],[58.058116,78.447089],[58.223399,78.453315],[58.250987,78.461982],[58.270274,78.474066],[58.28004,78.490241],[58.278575,78.510749],[58.274669,78.518622],[58.268565,78.524665],[58.260753,78.52912],[58.250987,78.532172],[58.038585,78.534796],[57.656505,78.595343],[57.600719,78.584418],[57.577647,78.573676],[57.55067,78.551032],[57.54066,78.539069],[57.539317,78.535895],[57.538341,78.532721],[57.538219,78.529486],[57.538829,78.526252],[57.540416,78.523139],[57.543101,78.519965],[57.546886,78.516791],[57.558604,78.510749],[57.611339,78.495795],[57.750499,78.486762]],[[55.742198,78.447455],[55.733775,78.440985],[55.732921,78.439154],[55.734508,78.438788],[55.61085,78.44538],[55.601939,78.443732],[55.594737,78.440558],[55.589366,78.435492],[55.58607,78.42829],[55.585094,78.418647],[55.590587,78.390815],[55.596446,78.382514],[55.607555,78.375922],[55.642589,78.367743],[55.688853,78.365851],[55.788341,78.379584],[55.828136,78.394538],[55.842784,78.403876],[55.852428,78.414435],[55.856822,78.426032],[55.854625,78.438788],[55.848399,78.449774],[55.840587,78.457831],[55.831554,78.463446],[55.821544,78.466681],[55.810802,78.468024],[55.799693,78.467597],[55.777721,78.463141],[55.742198,78.447455]],[[58.096446,77.685981],[57.738292,77.626776],[57.380138,77.567572],[57.372081,77.563239],[57.365489,77.557563],[57.359874,77.55036],[57.351451,77.529731],[57.339976,77.462714],[57.305431,77.37757],[57.30421,77.370673],[57.304576,77.364203],[57.307017,77.358039],[57.311656,77.352179],[57.318858,77.346381],[57.34254,77.334784],[57.359996,77.329901],[57.375255,77.329535],[57.388438,77.333075],[57.400157,77.339972],[57.410533,77.349677],[57.464732,77.435004],[57.487315,77.46015],[57.500987,77.469428],[57.516612,77.475775],[57.534557,77.478766],[57.547862,77.478278],[57.558849,77.475531],[57.56776,77.47071],[57.574962,77.464179],[57.580455,77.456244],[57.584727,77.447089],[57.599254,77.369025],[57.602306,77.362921],[57.606578,77.358771],[57.622203,77.352362],[57.890391,77.355567],[58.15858,77.358771],[58.180553,77.37287],[58.186412,77.379279],[58.189586,77.385321],[58.190318,77.39112],[58.188975,77.396796],[58.186046,77.402228],[58.15919,77.43537],[58.156993,77.441474],[58.156749,77.447943],[58.15858,77.454779],[58.164439,77.464545],[58.172374,77.473029],[58.192638,77.487128],[58.236827,77.509345],[58.253184,77.520697],[58.258067,77.527045],[58.26002,77.534308],[58.2588,77.542426],[58.253795,77.551764],[58.221934,77.583808],[58.219127,77.589484],[58.213512,77.612494],[58.209605,77.619208],[58.160655,77.665229],[58.134654,77.679633],[58.122081,77.683417],[58.096446,77.685981]],[[39.898936,76.780585],[39.905772,76.77967],[39.914806,76.779731],[40.039806,76.80683],[40.038585,76.806769],[40.112682,76.815741],[40.51472,76.806037],[40.916759,76.796332],[40.942882,76.791022],[40.969249,76.77912],[40.998668,76.758795],[41.033458,76.715766],[41.046031,76.705878],[41.052989,76.70246],[41.060313,76.700385],[41.068248,76.699958],[41.076427,76.701361],[41.085216,76.704901],[41.094615,76.710761],[41.098277,76.714667],[41.100352,76.719855],[41.101085,76.725898],[41.100841,76.732795],[41.091441,76.764228],[41.070567,76.806769],[41.071178,76.818183],[41.073497,76.82746],[41.077159,76.834845],[41.082164,76.840766],[41.110362,76.860724],[41.114268,76.865302],[41.11671,76.870917],[41.11732,76.877875],[41.115855,76.886603],[41.111705,76.897467],[41.094615,76.926764],[41.076549,76.945502],[41.051768,76.959906],[41.021129,76.970404],[40.945811,76.98133],[40.504039,76.951911],[40.340221,76.997992],[40.302745,76.997199],[39.943004,76.855963],[39.901134,76.82453],[39.890147,76.809638],[39.887584,76.795661],[39.894542,76.782782],[39.898936,76.780585]],[[38.514659,76.156012],[38.392711,76.111579],[38.382579,76.110785],[38.288341,76.144904],[38.197276,76.155829],[38.146617,76.15058],[38.094493,76.134772],[38.097545,76.13642],[38.097057,76.137519],[38.093761,76.137885],[38.080211,76.136298],[38.038829,76.12342],[38.018565,76.111396],[38.010265,76.103888],[38.003429,76.095282],[37.998912,76.085578],[37.997203,76.074774],[37.998668,76.062812],[38.000499,76.056525],[38.00294,76.051581],[38.005626,76.047797],[38.008678,76.044928],[38.012096,76.043036],[38.015758,76.041754],[38.057506,76.041327],[38.109508,76.030707],[38.148082,76.028754],[38.358653,76.062812],[38.363658,76.062384],[38.375865,76.058173],[38.42628,76.031378],[38.468272,76.016242],[38.490977,76.013983],[38.513805,76.016425],[38.55482,76.027533],[38.571788,76.036322],[38.585826,76.047492],[38.591319,76.054145],[38.595714,76.06153],[38.59901,76.069648],[38.600963,76.07862],[38.601695,76.088446],[38.598643,76.110785],[38.592052,76.129035],[38.58314,76.142462],[38.572276,76.15174],[38.559703,76.157233],[38.545787,76.15943],[38.514659,76.156012]],[[36.582774,75.874823],[36.537364,75.861274],[36.511363,75.848822],[36.509776,75.847296],[36.510509,75.846808],[36.153941,75.797553],[35.837413,75.831122],[35.520885,75.864691],[35.45399,75.856574],[35.430675,75.846808],[35.424693,75.841864],[35.419688,75.83515],[35.415538,75.82685],[35.390391,75.737555],[35.38087,75.71894],[35.374644,75.711737],[35.36732,75.706244],[35.358653,75.702765],[35.348521,75.701056],[35.325694,75.7013],[35.062389,75.752814],[34.713267,75.736212],[34.67689,75.743903],[34.625499,75.771064],[34.598399,75.779608],[34.587413,75.780219],[34.577525,75.778571],[34.56837,75.775153],[34.504283,75.729682],[34.441295,75.701361],[34.334849,75.705451],[34.289683,75.700202],[34.142711,75.640143],[33.927623,75.599738],[33.820079,75.540412],[33.784068,75.532172],[33.592296,75.52381],[33.56837,75.516303],[33.558604,75.510749],[33.55128,75.504401],[33.54713,75.497626],[33.545665,75.490485],[33.546641,75.482978],[33.549449,75.475104],[33.58192,75.4206],[33.588634,75.399909],[33.589122,75.389167],[33.587169,75.378119],[33.575206,75.353644],[33.564342,75.339118],[33.560435,75.336615],[33.556895,75.336615],[33.553722,75.338507],[33.536388,75.354193],[33.52943,75.357428],[33.520763,75.359381],[33.51002,75.359442],[33.496959,75.357062],[33.462535,75.34278],[33.435802,75.324897],[33.35023,75.224066],[33.326305,75.209296],[33.294688,75.198798],[33.270885,75.195746],[33.247081,75.196234],[33.10255,75.222724],[32.646617,75.198798],[32.406627,75.102729],[31.97462,75.102729],[31.758556,75.030768],[31.729381,75.027777],[31.668101,75.032904],[31.638682,75.030768],[31.636485,75.029975],[31.569469,74.984076],[31.426524,74.930732],[31.422862,74.927375],[31.420787,74.923529],[31.419688,74.918891],[31.422618,74.886725],[31.427013,74.876166],[31.437144,74.865302],[31.472179,74.843451],[31.782725,74.742743],[31.784557,74.741767],[31.828014,74.69599],[32.246593,74.584418],[32.303355,74.536994],[32.321666,74.527411],[32.341319,74.521552],[32.383311,74.519477],[32.629771,74.600104],[32.739024,74.596503],[32.787242,74.603095],[32.860728,74.630133],[32.961681,74.688483],[32.976573,74.694281],[32.982677,74.69477],[32.99232,74.692939],[33.000743,74.689276],[33.008556,74.683966],[33.015636,74.677436],[33.074107,74.603095],[33.096934,74.586737],[33.126598,74.574713],[33.159557,74.56977],[33.289195,74.581305],[33.438609,74.622748],[33.458873,74.633979],[33.579112,74.731024],[33.645885,74.754218],[33.926402,74.78974],[34.200877,74.772162],[34.475352,74.754584],[34.751598,74.67475],[35.082286,74.674384],[35.143443,74.665778],[35.265636,74.625373],[35.310802,74.62287],[35.554698,74.644416],[35.78712,74.597602],[35.958385,74.605292],[35.982677,74.598761],[36.000865,74.58869],[36.016002,74.575202],[36.027843,74.559394],[36.036021,74.542121],[36.04066,74.524482],[36.041515,74.507331],[36.038097,74.491828],[36.034923,74.484931],[36.03065,74.478766],[36.022472,74.471808],[36.011729,74.466681],[35.999034,74.46308],[35.880382,74.450629],[35.870494,74.44599],[35.863292,74.439643],[35.859386,74.431281],[35.858775,74.420356],[35.862559,74.406806],[35.870616,74.394843],[35.883922,74.384955],[35.901866,74.376837],[35.948985,74.365546],[36.280162,74.355536],[36.34547,74.340461],[36.641124,74.192633],[36.654552,74.190741],[36.676402,74.192267],[36.715831,74.203131],[36.86964,74.305548],[36.885265,74.310126],[36.9015,74.312018],[36.91859,74.310736],[36.924937,74.308234],[36.931163,74.302924],[36.94398,74.285895],[36.990611,74.166754],[36.995372,74.163825],[37.001353,74.161811],[37.132335,74.151984],[37.15858,74.142768],[37.195445,74.105292],[37.368663,73.973761],[37.422618,73.950751],[37.579356,73.936957],[37.758678,73.950751],[37.832408,73.97016],[37.998668,74.046759],[38.190684,74.070746],[38.197642,74.07453],[38.211192,74.086798],[38.271495,74.177741],[38.281749,74.188117],[38.286632,74.190741],[38.326427,74.20246],[38.389415,74.20954],[38.413219,74.206183],[38.43214,74.19892],[38.446788,74.1883],[38.457164,74.174872],[38.463634,74.159369],[38.466441,74.142157],[38.465831,74.123847],[38.462047,74.104987],[38.446422,74.068061],[38.421764,74.035712],[38.406627,74.022773],[38.401744,74.020392],[38.292735,73.994208],[38.272349,73.983344],[38.265391,73.976752],[38.260997,73.969123],[38.26002,73.960517],[38.262584,73.950751],[38.265391,73.945441],[38.268809,73.940863],[38.272594,73.937018],[38.276988,73.933783],[38.28712,73.929145],[38.312144,73.925299],[38.399181,73.934211],[38.436046,73.949958],[38.591197,74.060797],[38.622691,74.070746],[38.886485,74.046759],[38.892589,74.041877],[38.896861,74.036872],[38.899913,74.031684],[38.9015,74.026374],[38.90211,74.021064],[38.90089,74.010504],[38.886607,73.977118],[38.886485,73.974799],[38.892345,73.951972],[38.905528,73.919745],[38.91273,73.909796],[38.920055,73.903449],[38.927623,73.900275],[38.935069,73.900153],[38.942515,73.902533],[38.949718,73.907233],[38.962779,73.922003],[38.973399,73.941718],[38.999278,74.051093],[39.011974,74.07746],[39.029674,74.100348],[39.053844,74.119086],[39.085704,74.13288],[39.126475,74.140998],[39.165172,74.141913],[39.178477,74.138373],[39.190929,74.132575],[39.213634,74.115485],[39.299815,74.021308],[39.327159,74.004401],[39.342662,73.998725],[39.396129,73.990424],[39.536021,73.989753],[39.582652,73.998725],[39.583385,74.000067],[39.584239,74.007636],[39.579234,74.139655],[39.580089,74.146735],[39.582286,74.150885],[39.585826,74.152594],[39.590831,74.152594],[39.628673,74.145941],[39.660411,74.146857],[39.701915,74.156867],[39.740123,74.174506],[39.750621,74.183722],[39.758433,74.194281],[39.764171,74.205695],[39.781749,74.278022],[39.786388,74.28797],[39.792735,74.296454],[39.801524,74.30329],[39.813243,74.308173],[39.828014,74.310736],[39.846568,74.310736],[39.867564,74.30744],[39.885753,74.300788],[39.901378,74.291205],[39.914683,74.27912],[39.935924,74.249091],[39.994029,74.114814],[40.003551,74.103461],[40.014659,74.094733],[40.032603,74.086005],[40.082042,74.071967],[40.213145,74.056708],[40.4369,74.066657],[40.446666,74.070746],[40.460094,74.081977],[40.468394,74.093695],[40.472057,74.105902],[40.472057,74.118415],[40.469005,74.131232],[40.428599,74.208319],[40.424937,74.220343],[40.424205,74.231879],[40.427135,74.242865],[40.434337,74.25318],[40.446666,74.262763],[40.464976,74.272284],[40.482432,74.278327],[40.499278,74.281317],[40.515391,74.281867],[40.545421,74.277228],[40.621471,74.251776],[40.632335,74.2508],[40.642833,74.25196],[40.652965,74.255805],[40.662608,74.262763],[40.668468,74.270026],[40.671397,74.278388],[40.672008,74.287604],[40.670421,74.297614],[40.662608,74.318976],[40.616099,74.396674],[40.614268,74.402411],[40.614635,74.406806],[40.616222,74.408515],[40.619273,74.410224],[40.710582,74.430732],[40.762828,74.468451],[40.782725,74.478766],[40.835704,74.495673],[40.939342,74.510932],[40.943614,74.513068],[40.946544,74.516547],[40.948497,74.521674],[40.949718,74.558417],[40.947154,74.564582],[40.943126,74.569281],[40.937633,74.572699],[40.930919,74.575019],[40.923228,74.576361],[40.830577,74.574713],[40.761729,74.594611],[40.743419,74.605597],[40.734141,74.617255],[40.732677,74.629462],[40.737559,74.642218],[40.747691,74.655524],[40.843028,74.743476],[40.852672,74.759101],[40.856822,74.774848],[40.854625,74.790717],[40.842052,74.812323],[40.822887,74.830024],[40.797984,74.844184],[40.735484,74.864081],[40.462413,74.90235],[40.442393,74.91059],[40.428722,74.921271],[40.422618,74.93476],[40.423961,74.942694],[40.429454,74.950385],[40.438853,74.958075],[40.565196,75.017157],[40.587047,75.031928],[40.592784,75.039496],[40.594127,75.047065],[40.590587,75.054755],[40.578868,75.065802],[40.564464,75.073798],[40.547374,75.079047],[40.506602,75.083075],[40.279796,75.068915],[40.174815,75.081061],[40.167491,75.084479],[40.153819,75.094123],[40.082286,75.164008],[40.062633,75.17475],[39.839488,75.209967],[39.693492,75.199713],[39.566173,75.22779],[39.552867,75.234198],[39.542369,75.241889],[39.533824,75.250678],[39.510631,75.294745],[39.509654,75.295844],[39.505748,75.298529],[39.464122,75.317694],[39.428477,75.34748],[39.392833,75.367743],[39.355724,75.380439],[39.317149,75.386542],[39.27711,75.387152],[38.817149,75.293158],[38.755138,75.296332],[38.596812,75.357123],[38.534068,75.368109],[38.243541,75.342047],[37.905894,75.369574],[37.857066,75.388434],[37.84315,75.400031],[37.837413,75.413153],[37.840831,75.427985],[37.854259,75.444525],[37.878551,75.462714],[37.90565,75.474005],[38.073375,75.515815],[38.104747,75.532416],[38.115245,75.542548],[38.121471,75.554267],[38.122813,75.567572],[38.118663,75.582709],[38.11671,75.584235],[37.708669,75.648363],[37.300629,75.71249],[36.892589,75.776618],[36.805308,75.771918],[36.774669,75.774787],[36.750499,75.784003],[36.730235,75.796088],[36.713267,75.810126],[36.664806,75.86341],[36.654552,75.870734],[36.644054,75.874823],[36.632701,75.877265],[36.608287,75.87818],[36.582774,75.874823]],[[32.434703,74.325934],[32.416515,74.339545],[32.383678,74.350775],[32.334605,74.358771],[32.278575,74.356879],[32.245128,74.349189],[32.21461,74.334784],[32.213634,74.334479],[32.167003,74.334967],[32.166637,74.334784],[32.174205,74.298835],[32.190318,74.27204],[32.213512,74.253363],[32.241954,74.242133],[32.273448,74.237372],[32.306895,74.238166],[32.340099,74.24372],[32.39857,74.265326],[32.420421,74.279608],[32.434947,74.29505],[32.440318,74.310797],[32.434703,74.325934]],[[32.636485,74.334235],[32.721446,74.329291],[32.757091,74.334967],[32.771251,74.340399],[32.782237,74.347724],[32.789561,74.357123],[32.792491,74.368781],[32.79066,74.382758],[32.785167,74.392646],[32.775645,74.400702],[32.762828,74.406928],[32.747081,74.411444],[32.667369,74.415473],[32.589366,74.403205],[32.562633,74.3935],[32.554454,74.38819],[32.550548,74.382758],[32.550426,74.359076],[32.550548,74.358771],[32.562999,74.352973],[32.636485,74.334235]],[[17.322887,74.151923],[17.310557,74.166754],[17.303355,74.170111],[16.988658,74.140204],[16.973155,74.133551],[16.961681,74.12519],[16.930797,74.094855],[16.914806,74.08454],[16.892589,74.07508],[16.700206,74.048529],[16.662242,74.035834],[16.64796,74.027411],[16.637828,74.017218],[16.632335,74.005194],[16.632335,73.991095],[16.63856,73.974799],[16.650401,73.960517],[16.666881,73.950141],[16.687755,73.943488],[16.711925,73.939887],[16.829845,73.949347],[17.022594,73.998725],[17.260387,74.072516],[17.301768,74.096869],[17.316051,74.109931],[17.32484,74.12342],[17.327403,74.137458],[17.322887,74.151923]],[[17.477306,74.162726],[17.484019,74.162299],[17.492442,74.16352],[17.502696,74.166754],[17.516856,74.173712],[17.526134,74.181891],[17.531383,74.191107],[17.53297,74.201422],[17.531505,74.212592],[17.527599,74.224799],[17.484264,74.3133],[17.476085,74.347296],[17.475719,74.364875],[17.478526,74.382758],[17.482799,74.394721],[17.488414,74.404853],[17.495128,74.413459],[17.511119,74.427069],[17.561046,74.457587],[17.566905,74.463935],[17.571422,74.471442],[17.574351,74.48017],[17.575572,74.490546],[17.574718,74.502753],[17.568126,74.524115],[17.521129,74.599555],[17.4546,74.670722],[17.452525,74.671698],[17.334605,74.69477],[17.264781,74.735297],[17.238536,74.742743],[17.113902,74.744208],[16.998668,74.718756],[16.997813,74.719123],[16.966197,74.719733],[16.915294,74.711493],[16.892833,74.701056],[16.884166,74.693671],[16.877818,74.68476],[16.874522,74.674079],[16.874522,74.661383],[16.878551,74.646796],[16.882335,74.640448],[16.88795,74.635443],[16.89503,74.631598],[16.903697,74.628669],[17.046519,74.622748],[17.087657,74.611823],[17.123668,74.595282],[17.185802,74.547431],[17.310557,74.406806],[17.402476,74.320502],[17.45692,74.233527],[17.463023,74.17829],[17.465099,74.172797],[17.467906,74.168219],[17.471934,74.16474],[17.477306,74.162726]],[[31.889049,77.936164],[31.881847,77.927924],[31.877574,77.917243],[31.876353,77.903632],[31.878551,77.886786],[31.887828,77.867804],[31.905284,77.853583],[31.929942,77.843634],[31.960704,77.837409],[32.279674,77.862097],[32.598643,77.886786],[32.637462,77.906928],[32.698497,77.953131],[32.749766,78.005927],[32.764903,78.029364],[32.768565,78.039374],[32.769298,78.04798],[32.766612,78.054755],[32.756114,78.065497],[32.744029,78.073554],[32.730357,78.079291],[32.715343,78.082831],[32.682384,78.08454],[32.376475,78.0185],[32.070567,77.95246],[31.911388,77.946295],[31.898936,77.942206],[31.889049,77.936164]],[[53.55189,80.062323],[53.539561,80.070502],[53.530772,80.081183],[53.526622,80.094794],[53.526988,80.102484],[53.529674,80.110053],[53.534679,80.11756],[53.541515,80.124884],[53.56068,80.138922],[53.58607,80.151923],[53.723399,80.188666],[53.738048,80.188117],[53.772349,80.193366],[53.846812,80.188849],[53.854869,80.185553],[53.961925,80.104499],[53.982555,80.094794],[53.99818,80.089484],[54.145518,80.066352],[54.299815,80.071662],[54.389537,80.110785],[54.429576,80.121772],[54.608287,80.133918],[54.625011,80.139106],[54.630626,80.142768],[54.638194,80.152106],[54.641612,80.161811],[54.641124,80.171698],[54.637462,80.181952],[54.631236,80.19245],[54.571788,80.25788],[54.557872,80.279486],[54.554698,80.290107],[54.554698,80.300605],[54.558604,80.310736],[54.564708,80.316718],[54.57484,80.321967],[54.605357,80.330024],[54.822642,80.334784],[54.821788,80.333747],[54.822032,80.329901],[54.848888,80.217353],[54.848277,80.214667],[54.846568,80.214789],[54.862804,80.205878],[54.885265,80.198371],[55.017589,80.181159],[55.296641,80.186103],[55.542613,80.258979],[55.570445,80.279425],[55.580455,80.291266],[55.587291,80.304389],[55.590709,80.318793],[55.590587,80.334784],[55.587901,80.345465],[55.583385,80.353278],[55.577159,80.358466],[55.569591,80.361518],[55.560435,80.362677],[55.474376,80.350043],[55.447642,80.350775],[55.434825,80.353705],[55.422618,80.358771],[55.414806,80.363837],[55.408702,80.369818],[55.404063,80.376532],[55.400645,80.383918],[55.390269,80.451972],[55.384654,80.466742],[55.380382,80.473212],[55.374522,80.478766],[55.372325,80.479987],[55.007823,80.578131],[54.55189,80.551947],[54.40443,80.619635],[54.144542,80.630042],[53.884654,80.640448],[53.796641,80.626776],[53.792003,80.624152],[53.790538,80.622748],[53.78065,80.606757],[53.774913,80.591315],[53.773326,80.576483],[53.774913,80.562323],[53.779674,80.54859],[53.78712,80.535468],[53.808238,80.510565],[53.808116,80.510199],[53.808116,80.509833],[53.807994,80.509101],[53.807994,80.508734],[53.807872,80.507941],[53.807872,80.50727],[53.80775,80.506537],[53.80775,80.505805],[53.807628,80.505439],[53.807628,80.504645],[53.787608,80.5008],[53.782848,80.498603],[53.778575,80.49549],[53.774791,80.491828],[53.771861,80.487494],[53.769664,80.482733],[53.768443,80.477607],[53.768077,80.472113],[53.768687,80.466742],[53.770152,80.461676],[53.772716,80.457038],[53.775767,80.452826],[53.779552,80.449286],[53.784068,80.446479],[53.788829,80.444464],[53.91273,80.429145],[53.927745,80.41413],[53.934947,80.402411],[53.936656,80.396735],[53.937022,80.39112],[53.935802,80.385565],[53.934581,80.382758],[53.932384,80.379889],[53.928844,80.376776],[53.903209,80.362738],[53.830211,80.337958],[53.769908,80.330146],[53.691417,80.336188],[53.629649,80.357733],[53.605846,80.372504],[53.587413,80.389106],[53.574474,80.406806],[53.569102,80.419623],[53.567271,80.431464],[53.56837,80.442633],[53.57191,80.453315],[53.617442,80.526068],[53.62025,80.538275],[53.62025,80.55152],[53.616954,80.565863],[53.609996,80.58161],[53.598643,80.598761],[53.583018,80.61518],[53.538707,80.643988],[53.480235,80.666571],[53.337779,80.690131],[53.189464,80.679999],[53.123546,80.660468],[53.076793,80.635382],[53.064342,80.624091],[53.056895,80.61286],[53.053233,80.601813],[53.053111,80.590827],[53.055553,80.580024],[53.086558,80.517646],[53.087901,80.507636],[53.085948,80.49787],[53.080577,80.488227],[53.070567,80.478766],[53.05775,80.472968],[53.038097,80.469062],[52.621593,80.498297],[52.370982,80.572882],[52.350597,80.574774],[52.347911,80.574103],[52.283092,80.527228],[52.241954,80.506537],[52.20692,80.496833],[52.128184,80.490363],[52.072032,80.494086],[52.051158,80.492377],[52.042125,80.489386],[52.034068,80.484503],[52.026866,80.477362],[52.020396,80.467597],[52.014659,80.454779],[52.012706,80.446112],[52.014049,80.437384],[52.017833,80.428595],[52.024058,80.419684],[52.18336,80.307196],[52.16981,80.302863],[52.162364,80.297797],[52.156749,80.290778],[52.154796,80.28675],[52.153575,80.282416],[52.152965,80.2732],[52.153697,80.268744],[52.157115,80.260443],[52.163097,80.253669],[52.166637,80.250922],[52.226573,80.224311],[52.229747,80.216132],[52.269786,80.176459],[52.35731,80.058295],[52.368663,80.049628],[52.374644,80.046759],[52.393077,80.04206],[52.863536,80.0633],[52.926524,80.046759],[52.925304,80.04682],[52.925059,80.0456],[52.92567,80.04328],[52.950938,79.998481],[52.950572,79.998786],[52.960582,79.987311],[52.97169,79.97779],[52.983897,79.97016],[53.011119,79.959479],[53.277721,79.943549],[53.544322,79.927619],[53.669688,79.941046],[53.691417,79.949652],[53.708018,79.960761],[53.718516,79.974799],[53.724498,79.991889],[53.724742,80.005622],[53.719859,80.016425],[53.710582,80.024787],[53.697642,80.031073],[53.55189,80.062323]],[[51.618297,80.388495],[51.584239,80.396247],[51.44276,80.394782],[51.356212,80.37757],[51.327525,80.365485],[51.297618,80.341864],[51.292247,80.334662],[51.290294,80.330878],[51.289073,80.326911],[51.288829,80.322882],[51.289439,80.318793],[51.29127,80.314765],[51.294566,80.310736],[51.304454,80.302314],[51.315074,80.295905],[51.325938,80.291388],[51.337291,80.288581],[51.462047,80.292426],[51.486583,80.286811],[51.491466,80.284552],[51.49586,80.281684],[51.503062,80.274237],[51.528209,80.223578],[51.534557,80.214789],[51.536876,80.212958],[51.54005,80.211859],[51.543712,80.211249],[51.595836,80.216864],[51.603648,80.21601],[51.606578,80.214789],[51.609508,80.212531],[51.611705,80.209967],[51.613048,80.207221],[51.614146,80.204169],[51.616588,80.180426],[51.617931,80.177191],[51.619884,80.174262],[51.622569,80.171454],[51.625987,80.168891],[51.630626,80.166754],[51.701182,80.166083],[51.702525,80.166754],[51.709361,80.175177],[51.713145,80.183539],[51.714488,80.192084],[51.713634,80.200446],[51.710948,80.208686],[51.706676,80.21662],[51.695079,80.231574],[51.668224,80.254218],[51.654674,80.262763],[51.650157,80.279853],[51.648936,80.347419],[51.646495,80.361518],[51.644054,80.367804],[51.640636,80.37342],[51.636241,80.378485],[51.630626,80.382758],[51.618297,80.388495]],[[51.930675,80.493293],[51.863658,80.494635],[51.80714,80.482672],[51.795177,80.477118],[51.755382,80.465461],[51.751353,80.462775],[51.748302,80.459418],[51.746104,80.455512],[51.745128,80.45069],[51.745372,80.445075],[51.747203,80.438483],[51.750621,80.430793],[51.755992,80.424384],[51.764659,80.418952],[51.79005,80.411017],[51.859386,80.405829],[51.928477,80.413092],[51.953258,80.420783],[51.961558,80.425482],[51.966563,80.430793],[51.973277,80.445868],[51.975108,80.458686],[51.972667,80.469367],[51.966441,80.477973],[51.95692,80.484748],[51.944835,80.489814],[51.930675,80.493293]],[[52.962413,81.090827],[52.653575,81.104193],[52.53651,81.086859],[52.506724,81.073004],[52.483287,81.067145],[52.480846,81.065924],[52.478648,81.064154],[52.476817,81.061591],[52.47523,81.058051],[52.470592,81.030768],[52.46815,81.018317],[52.465099,81.010993],[52.465221,81.009711],[52.465831,81.008368],[52.467174,81.006781],[52.543712,80.945197],[52.594371,80.917548],[52.703136,80.885199],[52.970286,80.862586],[53.237437,80.839972],[53.28651,80.845404],[53.306895,80.851813],[53.324474,80.86109],[53.338634,80.873725],[53.349254,80.88996],[53.355968,80.910224],[53.358531,80.934821],[53.356212,80.943488],[53.349132,80.952948],[53.337901,80.962958],[53.160045,81.046576],[52.962413,81.090827]],[[55.655406,81.638617],[55.662608,81.654792],[55.66627,81.670722],[55.665416,81.683295],[55.660289,81.692816],[55.651622,81.699958],[55.639903,81.705207],[55.528209,81.728461],[55.515391,81.735785],[55.505015,81.745612],[55.497813,81.75849],[55.494517,81.774787],[55.495494,81.782599],[55.498668,81.789801],[55.503917,81.796454],[55.568492,81.839667],[55.573253,81.84516],[55.575816,81.850898],[55.575816,81.857062],[55.573009,81.863654],[55.566539,81.870795],[55.547374,81.884467],[55.521861,81.896735],[55.454723,81.917121],[55.275157,81.942572],[54.894542,81.942755],[54.89442,81.942511],[54.894298,81.941718],[54.89503,81.919928],[54.894908,81.919135],[54.894176,81.918158],[54.893809,81.916632],[54.894542,81.870795],[54.886119,81.853034],[54.874034,81.839301],[54.859141,81.829169],[54.841319,81.822333],[54.799327,81.81684],[54.558604,81.846808],[54.34254,81.82276],[53.962535,81.748297],[53.946544,81.738105],[53.936168,81.727118],[53.932017,81.715399],[53.934581,81.702765],[53.938487,81.696295],[53.94337,81.690802],[53.949107,81.686286],[53.955821,81.682624],[53.971446,81.67768],[54.28297,81.702704],[54.594493,81.727729],[54.606578,81.726813],[54.610606,81.724738],[54.614146,81.720649],[54.620006,81.707709],[54.639171,81.630439],[54.645885,81.615546],[54.649913,81.610297],[54.654552,81.606757],[54.665172,81.602484],[54.692027,81.597357],[55.137035,81.593146],[55.582042,81.588935],[55.612437,81.59809],[55.625377,81.605048],[55.636974,81.613959],[55.646983,81.625067],[55.655406,81.638617]],[[53.478648,81.942755],[53.465587,81.955756],[53.441783,81.966254],[53.40858,81.974616],[53.136302,81.972388],[52.864024,81.97016],[52.854625,81.966742],[52.844493,81.952887],[52.835582,81.931769],[52.834239,81.9206],[52.834727,81.915229],[52.836314,81.910224],[52.838756,81.905524],[52.842662,81.901252],[52.847789,81.897711],[52.854625,81.894782],[52.885753,81.888129],[53.173228,81.88465],[53.460704,81.881171],[53.472789,81.884833],[53.481822,81.890692],[53.487315,81.899115],[53.488658,81.910407],[53.485973,81.924872],[53.478648,81.942755]],[[56.182872,81.872565],[55.929332,81.842536],[55.847423,81.84516],[55.830821,81.842719],[55.823497,81.839911],[55.817027,81.835761],[55.81129,81.830146],[55.806529,81.82276],[55.803599,81.812445],[55.804454,81.801154],[55.808971,81.789069],[55.826305,81.763495],[55.852794,81.737189],[55.919932,81.689215],[55.985484,81.658271],[56.038829,81.648871],[56.11964,81.649543],[56.198009,81.664008],[56.270763,81.688422],[56.384044,81.752509],[56.418101,81.784674],[56.427745,81.799262],[56.43214,81.812079],[56.430553,81.82276],[56.427623,81.824652],[56.420665,81.827033],[56.182872,81.872565]],[[56.67335,81.748481],[56.726695,81.742743],[56.7494,81.74494],[56.768199,81.751166],[56.781993,81.761908],[56.789806,81.777655],[56.790538,81.798774],[56.78651,81.808051],[56.77711,81.817023],[56.745372,81.833564],[56.65089,81.857978],[56.55421,81.864814],[56.519786,81.859381],[56.508556,81.85401],[56.502574,81.846808],[56.502696,81.836432],[56.509654,81.824774],[56.522838,81.812384],[56.563487,81.787177],[56.67335,81.748481]],[[36.261363,73.288581],[36.258433,73.279486],[36.251598,73.270758],[36.240001,73.26258],[36.222667,73.254767],[36.219249,73.254157],[35.953868,73.286811],[35.578075,73.247504],[35.202281,73.208197],[34.920177,73.136969],[34.646251,73.113898],[34.629283,73.105719],[34.590221,73.077399],[34.556285,73.039801],[34.544688,73.01911],[34.538463,72.997992],[34.537974,72.987616],[34.539195,72.97724],[34.542369,72.967108],[34.552379,72.954047],[34.569224,72.94245],[34.619884,72.923163],[34.687266,72.90882],[34.972423,72.890815],[35.064952,72.905402],[35.376475,73.024482],[35.628856,73.06684],[35.881236,73.109198],[35.937755,73.109137],[36.116832,73.067328],[36.435191,73.059455],[36.753551,73.051581],[36.798595,73.062751],[36.800914,73.065009],[36.802379,73.069159],[36.795787,73.173896],[36.796886,73.179206],[36.798595,73.182746],[36.801158,73.18476],[36.804942,73.186042],[36.886119,73.18183],[36.894664,73.182746],[36.906261,73.187079],[36.915782,73.19245],[36.923717,73.199164],[36.92982,73.20716],[36.934581,73.21662],[36.938243,73.227607],[36.942638,73.254767],[36.941539,73.294623],[36.931285,73.330451],[36.91273,73.362311],[36.886974,73.390265],[36.854991,73.414374],[36.775645,73.451422],[36.683116,73.474005],[36.489024,73.477851],[36.403331,73.460211],[36.330943,73.429572],[36.283336,73.397589],[36.269298,73.382819],[36.260509,73.36872],[36.255992,73.355292],[36.254649,73.342719],[36.261607,73.298285],[36.261363,73.288581]],[[46.618419,73.184882],[46.536143,73.16651],[46.494273,73.145575],[46.465465,73.123969],[46.459361,73.114936],[46.45753,73.106818],[46.459483,73.09925],[46.464122,73.091864],[46.493907,73.059394],[46.500133,73.04914],[46.504039,73.037421],[46.505015,73.023993],[46.502086,73.00849],[46.494517,72.990729],[46.491954,72.988227],[46.487682,72.98664],[46.442638,72.98371],[46.427989,72.980597],[46.422374,72.97779],[46.418224,72.973822],[46.415782,72.968512],[46.415538,72.961676],[46.417613,72.953192],[46.431407,72.929267],[46.4546,72.903754],[46.470592,72.892401],[46.488902,72.884589],[46.498668,72.882758],[46.509166,72.882575],[46.519908,72.884345],[46.531016,72.888312],[46.542613,72.894782],[46.553722,72.903571],[46.560802,72.912482],[46.564464,72.921637],[46.565562,72.930854],[46.56422,72.940192],[46.561168,72.94953],[46.533092,73.005011],[46.531505,73.0138],[46.532359,73.022406],[46.535899,73.030707],[46.542613,73.038764],[46.550914,73.044501],[46.560802,73.048529],[46.585338,73.052191],[46.73585,73.036933],[46.758678,73.038764],[46.775767,73.043402],[46.806041,73.05622],[46.829723,73.072943],[46.838512,73.082404],[46.845348,73.092475],[46.849864,73.102851],[46.851817,73.113532],[46.851207,73.124274],[46.847667,73.135016],[46.841319,73.145514],[46.831798,73.155707],[46.818858,73.165412],[46.782603,73.182746],[46.618419,73.184882]],[[47.051646,72.546942],[47.071422,72.545844],[47.11378,72.551337],[47.155406,72.565436],[47.190684,72.586249],[47.204112,72.598578],[47.214122,72.611762],[47.219493,72.625739],[47.219981,72.640082],[47.21461,72.654731],[47.208995,72.662482],[47.202403,72.669013],[47.194591,72.674262],[47.176158,72.681586],[47.154674,72.684638],[47.131236,72.683783],[47.081798,72.671637],[47.024181,72.641242],[47.006114,72.62519],[46.9994,72.615119],[46.997325,72.609442],[46.99586,72.603461],[46.995738,72.596991],[46.996593,72.590094],[46.998546,72.58277],[47.006602,72.56861],[47.018565,72.558112],[47.033824,72.550971],[47.051646,72.546942]],[[17.451915,71.27558],[17.469493,71.272773],[17.487804,71.273505],[17.506847,71.277533],[17.886485,71.492011],[17.928477,71.503485],[17.946544,71.504096],[17.961803,71.500617],[17.974132,71.492316],[17.982555,71.478766],[17.983287,71.474982],[17.98231,71.471137],[17.979747,71.467414],[17.976329,71.463629],[17.960216,71.45307],[17.913219,71.432257],[17.734508,71.2862],[17.716441,71.255255],[17.712901,71.240729],[17.71339,71.227118],[17.718639,71.214789],[17.725841,71.206061],[17.734508,71.199652],[17.744273,71.195441],[17.75526,71.193],[17.781016,71.192694],[17.932506,71.214057],[18.002574,71.212958],[18.113048,71.190253],[18.126598,71.190741],[18.208263,71.209906],[18.331676,71.258185],[18.437389,71.326606],[18.471568,71.366339],[18.482066,71.387274],[18.487315,71.408759],[18.486583,71.430793],[18.479991,71.456427],[18.469859,71.477057],[18.456676,71.493232],[18.440929,71.5055],[18.42274,71.51435],[18.381114,71.524298],[18.23817,71.531806],[18.194224,71.541815],[18.174571,71.550788],[18.173595,71.551703],[18.150645,71.598761],[18.094371,71.670722],[18.065562,71.692694],[18.036388,71.70661],[18.007213,71.713202],[17.97755,71.713324],[17.94752,71.707953],[17.887096,71.683783],[17.663097,71.547553],[17.568004,71.534735],[17.555919,71.530097],[17.550548,71.526801],[17.417003,71.35578],[17.40565,71.328559],[17.40443,71.318305],[17.406627,71.310797],[17.420421,71.294135],[17.435557,71.282538],[17.451915,71.27558]],[[9.870616,65.382758],[9.87025,65.382636],[9.846568,65.382758],[9.853892,65.350653],[9.864879,65.322455],[9.879161,65.298163],[9.896739,65.277411],[9.917247,65.259955],[9.966441,65.233954],[10.025035,65.218085],[10.467052,65.230414],[10.490733,65.239753],[10.500011,65.2461],[10.507335,65.253852],[10.512828,65.263129],[10.516734,65.274054],[10.518687,65.28675],[10.516124,65.29206],[10.508556,65.29859],[10.460704,65.323737],[10.260631,65.394599],[10.09608,65.415168],[9.909557,65.401984],[9.880504,65.390265],[9.870616,65.382758]],[[8.694591,64.422797],[8.832286,64.422675],[8.882335,64.434333],[8.923473,64.451483],[9.054576,64.542792],[9.274669,64.672431],[9.307628,64.707526],[9.31837,64.725775],[9.324107,64.744452],[9.324474,64.763495],[9.318614,64.782782],[9.318736,64.777961],[9.314098,64.775275],[9.305064,64.774604],[9.102672,64.830817],[9.066417,64.863959],[9.043346,64.879584],[8.971812,64.905768],[8.949718,64.908881],[8.822887,64.901435],[8.793224,64.908637],[8.759776,64.922797],[8.736705,64.939521],[8.680797,65.007514],[8.671397,65.013739],[8.660289,65.018805],[8.63502,65.02497],[8.476329,65.030707],[8.396861,65.018317],[8.368541,65.006415],[8.350719,64.991339],[8.338267,64.977057],[8.333018,64.968085],[8.3296,64.957892],[8.328868,64.946357],[8.331554,64.9336],[8.342418,64.913642],[8.384166,64.857489],[8.401378,64.824836],[8.406627,64.80683],[8.407848,64.793219],[8.402599,64.699408],[8.406627,64.686835],[8.414561,64.672919],[8.423717,64.66175],[8.433726,64.652838],[8.444224,64.645941],[8.501598,64.622138],[8.507579,64.617377],[8.511485,64.611396],[8.513316,64.603705],[8.512584,64.594001],[8.502696,64.566779],[8.497813,64.561286],[8.490001,64.556891],[8.479381,64.553412],[8.368297,64.533393],[8.359264,64.528632],[8.353404,64.522528],[8.350963,64.515021],[8.35255,64.505866],[8.358653,64.494757],[8.364879,64.487189],[8.371593,64.481452],[8.378795,64.477362],[8.386485,64.474616],[8.55067,64.470771],[8.694591,64.422797]],[[7.289561,63.663398],[7.326671,63.654792],[7.342052,63.654975],[7.359386,63.658881],[7.470592,63.702765],[7.708751,63.750434],[7.720225,63.757575],[7.729015,63.765815],[7.734386,63.775336],[7.736339,63.786261],[7.73463,63.798774],[7.731578,63.803473],[7.725352,63.807624],[7.716197,63.811408],[7.262706,63.879462],[7.154063,63.843817],[7.143443,63.836615],[7.139415,63.832465],[7.136485,63.827826],[7.134654,63.822821],[7.133433,63.810431],[7.13502,63.797614],[7.138927,63.784552],[7.145152,63.771308],[7.163585,63.74494],[7.188731,63.719855],[7.219127,63.697089],[7.289561,63.663398]],[[54.352672,75.215033],[54.30189,75.217475],[54.150523,75.198798],[54.139537,75.196479],[54.117442,75.196295],[54.058482,75.205146],[54.050914,75.204169],[54.044444,75.201545],[54.039073,75.196845],[54.034801,75.189826],[54.031871,75.179999],[54.03065,75.150763],[54.03419,75.136054],[54.043101,75.123847],[54.056407,75.113837],[54.073497,75.105841],[54.093761,75.099677],[54.194347,75.089972],[54.422008,75.106757],[54.426524,75.108466],[54.430308,75.111335],[54.43336,75.115546],[54.435557,75.121344],[54.437266,75.129035],[54.438609,75.150763],[54.435557,75.169196],[54.427135,75.184088],[54.413829,75.195807],[54.396373,75.204657],[54.352672,75.215033]],[[60.369884,77.112311],[60.146373,77.022101],[60.039683,77.018012],[60.021007,77.012824],[60.014171,77.009101],[60.009166,77.004462],[60.006602,76.998786],[60.004893,76.984259],[60.005504,76.971503],[60.0088,76.960334],[60.014415,76.95069],[60.022349,76.942572],[60.032481,76.935736],[60.044566,76.930243],[60.074107,76.922797],[60.229259,76.928168],[60.243419,76.933905],[60.335094,76.995856],[60.366832,77.005805],[60.410289,77.012641],[60.447642,77.012091],[60.553111,76.990546],[60.563243,76.991217],[60.573131,76.993842],[60.58253,76.998786],[60.600108,77.011908],[60.612193,77.024787],[60.618907,77.037299],[60.621226,77.049262],[60.619395,77.060675],[60.613902,77.07154],[60.605235,77.08161],[60.580821,77.099616],[60.550059,77.11402],[60.486095,77.129889],[60.451793,77.130133],[60.369884,77.112311]],[[58.319102,76.629645],[58.408702,76.609931],[58.633311,76.61225],[58.638682,76.614753],[58.641124,76.633734],[58.634532,76.649604],[58.62025,76.662604],[58.599254,76.672919],[58.542369,76.686652],[58.278575,76.686774],[58.276622,76.668647],[58.28358,76.653205],[58.298228,76.640204],[58.319102,76.629645]],[[66.001964,75.103217],[66.049937,75.095038],[66.095103,75.095832],[66.114513,75.100348],[66.130626,75.107733],[66.142589,75.118537],[66.149425,75.132758],[66.150523,75.150763],[66.147349,75.159247],[66.139659,75.167365],[66.128429,75.174994],[66.096934,75.1883],[66.057628,75.198188],[65.974376,75.203925],[65.939952,75.197821],[65.926646,75.192084],[65.916637,75.184455],[65.910533,75.17475],[65.909434,75.162421],[65.914561,75.150458],[65.924937,75.138983],[65.939708,75.128241],[65.958018,75.118598],[66.001964,75.103217]],[[64.009776,74.704474],[64.119151,74.692084],[64.17335,74.697272],[64.218272,74.711005],[64.235362,74.721259],[64.247691,74.733893],[64.254283,74.749091],[64.254649,74.766791],[64.249278,74.78321],[64.240001,74.796454],[64.226939,74.806708],[64.21107,74.814276],[64.192638,74.819464],[64.15089,74.823554],[64.062877,74.814215],[63.998546,74.79505],[63.987437,74.78913],[63.947154,74.777289],[63.943126,74.774543],[63.93983,74.771186],[63.937511,74.767218],[63.936534,74.762519],[63.9369,74.756903],[63.938731,74.750312],[63.942515,74.742743],[63.952525,74.731086],[63.96754,74.720771],[64.009776,74.704474]],[[61.941783,73.735541],[61.988292,73.734442],[62.08253,73.74964],[62.119151,73.764838],[62.132213,73.773932],[62.14088,73.784003],[62.144664,73.79505],[62.142467,73.806769],[62.134288,73.821173],[62.123424,73.832038],[62.110728,73.83985],[62.096446,73.844916],[62.064098,73.847907],[62.02943,73.843695],[61.887462,73.794745],[61.877696,73.788825],[61.874156,73.785224],[61.871715,73.781134],[61.870738,73.776496],[61.871349,73.771186],[61.874034,73.765326],[61.878673,73.758734],[61.888927,73.75019],[61.903331,73.743476],[61.941783,73.735541]],[[59.185313,72.268805],[59.200572,72.268256],[59.21461,72.270758],[59.236095,72.280707],[59.250743,72.294257],[59.25941,72.310553],[59.262584,72.328925],[59.260387,72.348578],[59.253673,72.368476],[59.242931,72.388129],[59.228526,72.406501],[59.21107,72.422919],[59.191173,72.43653],[59.1692,72.446601],[59.145518,72.452216],[59.120982,72.452643],[59.09608,72.447089],[59.071056,72.43476],[59.046519,72.41474],[59.040782,72.406012],[59.038951,72.395697],[59.040416,72.38404],[59.045177,72.371527],[59.062511,72.344977],[59.088145,72.318732],[59.119151,72.295478],[59.152476,72.277961],[59.185313,72.268805]]],[[[56.022677,81.105345],[56.022716,81.105292],[56.022594,81.10279],[56.022677,81.105345]]]]}},{"type":"Feature","properties":{"depth_m":200},"bbox":[-5.710805,62.129096,-5.482289,62.329169],"geometry":{"type":"Polygon","coordinates":[[[-5.649892,62.130805],[-5.684193,62.129096],[-5.705373,62.142768],[-5.710805,62.16529],[-5.705678,62.190985],[-5.692616,62.217963],[-5.634999,62.28913],[-5.609364,62.310858],[-5.568715,62.325507],[-5.532826,62.329169],[-5.517751,62.32746],[-5.505238,62.323737],[-5.495595,62.318122],[-5.489369,62.310858],[-5.482289,62.274176],[-5.496388,62.236518],[-5.525746,62.20069],[-5.564992,62.169257],[-5.608266,62.145087],[-5.649892,62.130805]]]}},{"type":"Feature","properties":{"depth_m":200},"bbox":[-13.985707,53.10987,-13.720143,53.234748],"geometry":{"type":"Polygon","coordinates":[[[-13.731862,53.113227],[-13.755849,53.10987],[-13.957814,53.142524],[-13.976796,53.153632],[-13.985707,53.168769],[-13.981557,53.18891],[-13.961354,53.214789],[-13.946278,53.226325],[-13.929433,53.232856],[-13.910878,53.234748],[-13.890614,53.232489],[-13.845082,53.217353],[-13.793324,53.190802],[-13.733022,53.149237],[-13.720631,53.133246],[-13.720143,53.121161],[-13.731862,53.113227]]]}},{"type":"Feature","properties":{"depth_m":200},"bbox":[-9.326161,49.306098,-9.136891,49.462592],"geometry":{"type":"Polygon","coordinates":[[[-9.155995,49.319403],[-9.187917,49.306098],[-9.226857,49.30799],[-9.266347,49.322272],[-9.300404,49.346137],[-9.322377,49.376776],[-9.326161,49.411261],[-9.305348,49.446784],[-9.284474,49.458991],[-9.257436,49.462592],[-9.227223,49.458503],[-9.197011,49.447455],[-9.169728,49.430304],[-9.148732,49.408026],[-9.136891,49.381171],[-9.137318,49.350775],[-9.155995,49.319403]]]}},{"type":"Feature","properties":{"depth_m":200},"bbox":[-9.682851,49.106391,-9.557301,49.315253],"geometry":{"type":"Polygon","coordinates":[[[-9.569325,49.110846],[-9.598805,49.106391],[-9.6256,49.118109],[-9.648549,49.142035],[-9.666493,49.17414],[-9.678334,49.210273],[-9.682851,49.246527],[-9.678944,49.278693],[-9.665334,49.302802],[-9.639638,49.315253],[-9.615346,49.304694],[-9.593678,49.277533],[-9.575917,49.239875],[-9.557301,49.158515],[-9.558888,49.127326],[-9.569325,49.110846]]]}},{"type":"Feature","properties":{"depth_m":200},"bbox":[-8.921315,49.101996,-8.55779,49.324042],"geometry":{"type":"Polygon","coordinates":[[[-8.60143,49.228461],[-8.680959,49.21601],[-8.705373,49.206794],[-8.793813,49.129645],[-8.827565,49.110785],[-8.86144,49.101996],[-8.893361,49.108344],[-8.921315,49.134833],[-8.91924,49.137397],[-8.880483,49.224311],[-8.873341,49.230841],[-8.8438,49.239814],[-8.820241,49.240668],[-8.768056,49.226264],[-8.750722,49.22663],[-8.730458,49.235053],[-8.705373,49.254828],[-8.699696,49.26142],[-8.681996,49.291083],[-8.675832,49.29682],[-8.667836,49.300849],[-8.657338,49.302802],[-8.655141,49.304694],[-8.632436,49.315497],[-8.598378,49.324042],[-8.582143,49.323249],[-8.569081,49.316718],[-8.561391,49.302802],[-8.55779,49.270514],[-8.564687,49.24903],[-8.579945,49.235846],[-8.60143,49.228461]]]}},{"type":"Feature","properties":{"depth_m":200},"bbox":[-5.431569,47.310797,-5.166982,47.565863],"geometry":{"type":"Polygon","coordinates":[[[-5.261769,47.315863],[-5.297353,47.310797],[-5.370656,47.315253],[-5.413991,47.337958],[-5.431569,47.373481],[-5.427297,47.416266],[-5.405324,47.460883],[-5.369618,47.501776],[-5.32433,47.533637],[-5.273305,47.550788],[-5.196156,47.565863],[-5.180776,47.564032],[-5.170949,47.554511],[-5.166982,47.534857],[-5.194203,47.374762],[-5.202992,47.35456],[-5.216115,47.337897],[-5.235219,47.324897],[-5.261769,47.315863]]]}},{"type":"Feature","properties":{"depth_m":200},"bbox":[-12.620046,60.438788,-12.617421,60.439276],"geometry":{"type":"Polygon","coordinates":[[[-12.617482,60.439032],[-12.617421,60.438788],[-12.619923,60.439032],[-12.620046,60.439093],[-12.617604,60.439276],[-12.617482,60.439154],[-12.617482,60.439032]]]}},{"type":"Feature","properties":{"depth_m":200},"bbox":[-4.481313,46.39881,-3.73467,46.950812],"geometry":{"type":"Polygon","coordinates":[[[-4.457326,46.950812],[-4.169301,46.830817],[-4.134267,46.831122],[-3.985036,46.868232],[-3.957387,46.865973],[-3.929311,46.854804],[-3.923329,46.849799],[-3.911672,46.831732],[-3.834889,46.664374],[-3.833363,46.662787],[-3.833424,46.641303],[-3.83727,46.623358],[-3.861073,46.570197],[-3.861745,46.557318],[-3.85735,46.542792],[-3.847035,46.525519],[-3.837453,46.516791],[-3.827748,46.513983],[-3.806447,46.515326],[-3.793752,46.514167],[-3.778859,46.508246],[-3.761403,46.494818],[-3.746022,46.476752],[-3.737172,46.458747],[-3.73467,46.442084],[-3.73821,46.427985],[-3.74767,46.417731],[-3.762807,46.412665],[-3.783437,46.413886],[-3.833119,46.430793],[-3.853139,46.43183],[-3.870595,46.427985],[-3.916921,46.404975],[-3.933888,46.399726],[-3.953297,46.39881],[-3.96642,46.401374],[-4.055104,46.442328],[-4.106984,46.450446],[-4.296559,46.442328],[-4.313283,46.446784],[-4.333485,46.459052],[-4.343373,46.469855],[-4.346364,46.480414],[-4.343251,46.521186],[-4.348256,46.541388],[-4.361379,46.56684],[-4.395863,46.607306],[-4.46404,46.661628],[-4.474965,46.673835],[-4.481313,46.686835],[-4.457326,46.950812]]]}},{"type":"Feature","properties":{"depth_m":200},"bbox":[0.329845,61.589179,0.678599,61.746283],"geometry":{"type":"Polygon","coordinates":[[[0.486583,61.590827],[0.348033,61.589179],[0.34254,61.590827],[0.329845,61.614264],[0.330577,61.634589],[0.343394,61.652106],[0.366588,61.667243],[0.635509,61.746283],[0.65089,61.743537],[0.66505,61.732489],[0.678599,61.710822],[0.67689,61.697333],[0.662608,61.680609],[0.609019,61.643256],[0.486583,61.590827]]]}},{"type":"Feature","properties":{"depth_m":200},"bbox":[4.314586,62.062323,4.662608,62.195868],"geometry":{"type":"Polygon","coordinates":[[[4.519542,62.071357],[4.430186,62.062323],[4.354869,62.066352],[4.314586,62.084418],[4.330211,62.117621],[4.422618,62.166815],[4.424327,62.166815],[4.518687,62.190131],[4.605235,62.195868],[4.640025,62.18714],[4.662608,62.166815],[4.656749,62.124579],[4.602061,62.092353],[4.519542,62.071357]]]}}]}